titik_pantau,tanggal,komoditas,kabupaten,satuan,harga_asli,is_imputed,harga_imputasi,tahun,bulan,hari_nama,is_weekend,is_libur_nasional,nama_libur,is_ramadan,is_pra_ramadan
PS Bendul Mrisi,2020-01-01,Beras,Kota Surabaya,kg,10000,False,10000,2020,1,Rabu,0,1,Tahun Baru Masehi,0,0
PS Bendul Mrisi,2020-01-02,Beras,Kota Surabaya,kg,10000,False,10000,2020,1,Kamis,0,0,,0,0
PS Bendul Mrisi,2020-01-03,Beras,Kota Surabaya,kg,10000,False,10000,2020,1,Jumat,0,0,,0,0
PS Bendul Mrisi,2020-01-04,Beras,Kota Surabaya,kg,10000,False,10000,2020,1,Sabtu,1,0,,0,0
PS Bendul Mrisi,2020-01-05,Beras,Kota Surabaya,kg,10200,False,10200,2020,1,Minggu,1,0,,0,0
PS Bendul Mrisi,2020-01-06,Beras,Kota Surabaya,kg,10200,False,10200,2020,1,Senin,0,0,,0,0
PS Bendul Mrisi,2020-01-07,Beras,Kota Surabaya,kg,10000,False,10000,2020,1,Selasa,0,0,,0,0
PS Bendul Mrisi,2020-01-08,Beras,Kota Surabaya,kg,10000,False,10000,2020,1,Rabu,0,0,,0,0
PS Bendul Mrisi,2020-01-09,Beras,Kota Surabaya,kg,10500,False,10500,2020,1,Kamis,0,0,,0,0
PS Bendul Mrisi,2020-01-10,Beras,Kota Surabaya,kg,10500,False,10500,2020,1,Jumat,0,0,,0,0
PS Bendul Mrisi,2020-01-11,Beras,Kota Surabaya,kg,10600,False,10600,2020,1,Sabtu,1,0,,0,0
PS Bendul Mrisi,2020-01-12,Beras,Kota Surabaya,kg,10200,False,10200,2020,1,Minggu,1,0,,0,0
PS Bendul Mrisi,2020-01-13,Beras,Kota Surabaya,kg,10500,False,10500,2020,1,Senin,0,0,,0,0
PS Bendul Mrisi,2020-01-14,Beras,Kota Surabaya,kg,10500,False,10500,2020,1,Selasa,0,0,,0,0
PS Bendul Mrisi,2020-01-15,Beras,Kota Surabaya,kg,10600,False,10600,2020,1,Rabu,0,0,,0,0
PS Bendul Mrisi,2020-01-16,Beras,Kota Surabaya,kg,10500,False,10500,2020,1,Kamis,0,0,,0,0
PS Bendul Mrisi,2020-01-17,Beras,Kota Surabaya,kg,10500,False,10500,2020,1,Jumat,0,0,,0,0
PS Bendul Mrisi,2020-01-18,Beras,Kota Surabaya,kg,10200,False,10200,2020,1,Sabtu,1,0,,0,0
PS Bendul Mrisi,2020-01-19,Beras,Kota Surabaya,kg,10500,False,10500,2020,1,Minggu,1,0,,0,0
PS Bendul Mrisi,2020-01-20,Beras,Kota Surabaya,kg,10500,False,10500,2020,1,Senin,0,0,,0,0
PS Bendul Mrisi,2020-01-21,Beras,Kota Surabaya,kg,10200,False,10200,2020,1,Selasa,0,0,,0,0
PS Bendul Mrisi,2020-01-22,Beras,Kota Surabaya,kg,10500,False,10500,2020,1,Rabu,0,0,,0,0
PS Bendul Mrisi,2020-01-23,Beras,Kota Surabaya,kg,10500,False,10500,2020,1,Kamis,0,0,,0,0
PS Bendul Mrisi,2020-01-24,Beras,Kota Surabaya,kg,10800,False,10800,2020,1,Jumat,0,0,,0,0
PS Bendul Mrisi,2020-01-25,Beras,Kota Surabaya,kg,11000,False,11000,2020,1,Sabtu,1,1,Tahun Baru Imlek,0,0
PS Bendul Mrisi,2020-01-26,Beras,Kota Surabaya,kg,11000,False,11000,2020,1,Minggu,1,0,,0,0
PS Bendul Mrisi,2020-01-27,Beras,Kota Surabaya,kg,10800,False,10800,2020,1,Senin,0,0,,0,0
PS Bendul Mrisi,2020-01-28,Beras,Kota Surabaya,kg,10800,False,10800,2020,1,Selasa,0,0,,0,0
PS Bendul Mrisi,2020-01-29,Beras,Kota Surabaya,kg,10500,False,10500,2020,1,Rabu,0,0,,0,0
PS Bendul Mrisi,2020-01-30,Beras,Kota Surabaya,kg,10800,False,10800,2020,1,Kamis,0,0,,0,0
PS Bendul Mrisi,2020-01-31,Beras,Kota Surabaya,kg,10500,False,10500,2020,1,Jumat,0,0,,0,0
PS Bendul Mrisi,2020-02-01,Beras,Kota Surabaya,kg,10900,False,10900,2020,2,Sabtu,1,0,,0,0
PS Bendul Mrisi,2020-02-02,Beras,Kota Surabaya,kg,10900,False,10900,2020,2,Minggu,1,0,,0,0
PS Bendul Mrisi,2020-02-03,Beras,Kota Surabaya,kg,11000,False,11000,2020,2,Senin,0,0,,0,0
PS Bendul Mrisi,2020-02-04,Beras,Kota Surabaya,kg,10800,False,10800,2020,2,Selasa,0,0,,0,0
PS Bendul Mrisi,2020-02-05,Beras,Kota Surabaya,kg,10800,False,10800,2020,2,Rabu,0,0,,0,0
PS Bendul Mrisi,2020-02-06,Beras,Kota Surabaya,kg,10900,False,10900,2020,2,Kamis,0,0,,0,0
PS Bendul Mrisi,2020-02-07,Beras,Kota Surabaya,kg,10900,False,10900,2020,2,Jumat,0,0,,0,0
PS Bendul Mrisi,2020-02-08,Beras,Kota Surabaya,kg,10800,False,10800,2020,2,Sabtu,1,0,,0,0
PS Bendul Mrisi,2020-02-09,Beras,Kota Surabaya,kg,11000,False,11000,2020,2,Minggu,1,0,,0,0
PS Bendul Mrisi,2020-02-10,Beras,Kota Surabaya,kg,11000,False,11000,2020,2,Senin,0,0,,0,0
PS Bendul Mrisi,2020-02-11,Beras,Kota Surabaya,kg,10900,False,10900,2020,2,Selasa,0,0,,0,0
PS Bendul Mrisi,2020-02-12,Beras,Kota Surabaya,kg,11000,False,11000,2020,2,Rabu,0,0,,0,0
PS Bendul Mrisi,2020-02-13,Beras,Kota Surabaya,kg,10900,False,10900,2020,2,Kamis,0,0,,0,0
PS Bendul Mrisi,2020-02-14,Beras,Kota Surabaya,kg,10800,False,10800,2020,2,Jumat,0,0,,0,0
PS Bendul Mrisi,2020-02-15,Beras,Kota Surabaya,kg,10800,False,10800,2020,2,Sabtu,1,0,,0,0
PS Bendul Mrisi,2020-02-16,Beras,Kota Surabaya,kg,10700,False,10700,2020,2,Minggu,1,0,,0,0
PS Bendul Mrisi,2020-02-17,Beras,Kota Surabaya,kg,10700,False,10700,2020,2,Senin,0,0,,0,0
PS Bendul Mrisi,2020-02-18,Beras,Kota Surabaya,kg,10800,False,10800,2020,2,Selasa,0,0,,0,0
PS Bendul Mrisi,2020-02-19,Beras,Kota Surabaya,kg,10800,False,10800,2020,2,Rabu,0,0,,0,0
PS Bendul Mrisi,2020-02-20,Beras,Kota Surabaya,kg,10800,False,10800,2020,2,Kamis,0,0,,0,0
PS Bendul Mrisi,2020-02-21,Beras,Kota Surabaya,kg,10800,False,10800,2020,2,Jumat,0,0,,0,0
PS Bendul Mrisi,2020-02-22,Beras,Kota Surabaya,kg,10800,False,10800,2020,2,Sabtu,1,0,,0,0
PS Bendul Mrisi,2020-02-23,Beras,Kota Surabaya,kg,10900,False,10900,2020,2,Minggu,1,0,,0,0
PS Bendul Mrisi,2020-02-24,Beras,Kota Surabaya,kg,10800,False,10800,2020,2,Senin,0,0,,0,0
PS Bendul Mrisi,2020-02-25,Beras,Kota Surabaya,kg,10800,False,10800,2020,2,Selasa,0,0,,0,0
PS Bendul Mrisi,2020-02-26,Beras,Kota Surabaya,kg,10800,False,10800,2020,2,Rabu,0,0,,0,0
PS Bendul Mrisi,2020-02-27,Beras,Kota Surabaya,kg,10800,False,10800,2020,2,Kamis,0,0,,0,0
PS Bendul Mrisi,2020-02-28,Beras,Kota Surabaya,kg,10800,False,10800,2020,2,Jumat,0,0,,0,0
PS Bendul Mrisi,2020-02-29,Beras,Kota Surabaya,kg,10800,False,10800,2020,2,Sabtu,1,0,,0,0
PS Bendul Mrisi,2020-03-01,Beras,Kota Surabaya,kg,10700,False,10700,2020,3,Minggu,1,0,,0,0
PS Bendul Mrisi,2020-03-02,Beras,Kota Surabaya,kg,10800,False,10800,2020,3,Senin,0,0,,0,0
PS Bendul Mrisi,2020-03-03,Beras,Kota Surabaya,kg,10900,False,10900,2020,3,Selasa,0,0,,0,0
PS Bendul Mrisi,2020-03-04,Beras,Kota Surabaya,kg,10800,False,10800,2020,3,Rabu,0,0,,0,0
PS Bendul Mrisi,2020-03-05,Beras,Kota Surabaya,kg,10800,False,10800,2020,3,Kamis,0,0,,0,0
PS Bendul Mrisi,2020-03-06,Beras,Kota Surabaya,kg,10800,False,10800,2020,3,Jumat,0,0,,0,0
PS Bendul Mrisi,2020-03-07,Beras,Kota Surabaya,kg,10800,False,10800,2020,3,Sabtu,1,0,,0,0
PS Bendul Mrisi,2020-03-08,Beras,Kota Surabaya,kg,10800,False,10800,2020,3,Minggu,1,0,,0,0
PS Bendul Mrisi,2020-03-09,Beras,Kota Surabaya,kg,10800,False,10800,2020,3,Senin,0,0,,0,0
PS Bendul Mrisi,2020-03-10,Beras,Kota Surabaya,kg,10700,False,10700,2020,3,Selasa,0,0,,0,0
PS Bendul Mrisi,2020-03-11,Beras,Kota Surabaya,kg,10800,False,10800,2020,3,Rabu,0,0,,0,0
PS Bendul Mrisi,2020-03-12,Beras,Kota Surabaya,kg,10800,False,10800,2020,3,Kamis,0,0,,0,0
PS Bendul Mrisi,2020-03-13,Beras,Kota Surabaya,kg,10700,False,10700,2020,3,Jumat,0,0,,0,0
PS Bendul Mrisi,2020-03-14,Beras,Kota Surabaya,kg,10800,False,10800,2020,3,Sabtu,1,0,,0,0
PS Bendul Mrisi,2020-03-15,Beras,Kota Surabaya,kg,10800,False,10800,2020,3,Minggu,1,0,,0,0
PS Bendul Mrisi,2020-03-16,Beras,Kota Surabaya,kg,10800,False,10800,2020,3,Senin,0,0,,0,0
PS Bendul Mrisi,2020-03-17,Beras,Kota Surabaya,kg,10700,False,10700,2020,3,Selasa,0,0,,0,0
PS Bendul Mrisi,2020-03-18,Beras,Kota Surabaya,kg,10800,False,10800,2020,3,Rabu,0,0,,0,0
PS Bendul Mrisi,2020-03-19,Beras,Kota Surabaya,kg,10800,False,10800,2020,3,Kamis,0,0,,0,0
PS Bendul Mrisi,2020-03-20,Beras,Kota Surabaya,kg,10800,False,10800,2020,3,Jumat,0,0,,0,0
PS Bendul Mrisi,2020-03-21,Beras,Kota Surabaya,kg,10800,False,10800,2020,3,Sabtu,1,0,,0,0
PS Bendul Mrisi,2020-03-22,Beras,Kota Surabaya,kg,10800,False,10800,2020,3,Minggu,1,1,Isra Mikraj Nabi Muhammad,0,0
PS Bendul Mrisi,2020-03-23,Beras,Kota Surabaya,kg,10700,False,10700,2020,3,Senin,0,0,,0,0
PS Bendul Mrisi,2020-03-24,Beras,Kota Surabaya,kg,10800,False,10800,2020,3,Selasa,0,0,,0,0
PS Bendul Mrisi,2020-03-25,Beras,Kota Surabaya,kg,10800,False,10800,2020,3,Rabu,0,1,Hari Suci Nyepi,0,0
PS Bendul Mrisi,2020-03-26,Beras,Kota Surabaya,kg,10800,False,10800,2020,3,Kamis,0,0,,0,0
PS Bendul Mrisi,2020-03-27,Beras,Kota Surabaya,kg,10700,False,10700,2020,3,Jumat,0,0,,0,0
PS Bendul Mrisi,2020-03-28,Beras,Kota Surabaya,kg,10800,False,10800,2020,3,Sabtu,1,0,,0,0
PS Bendul Mrisi,2020-03-29,Beras,Kota Surabaya,kg,10700,False,10700,2020,3,Minggu,1,0,,0,0
PS Bendul Mrisi,2020-03-30,Beras,Kota Surabaya,kg,10600,False,10600,2020,3,Senin,0,0,,0,0
PS Bendul Mrisi,2020-03-31,Beras,Kota Surabaya,kg,10500,False,10500,2020,3,Selasa,0,0,,0,0
PS Bendul Mrisi,2020-04-01,Beras,Kota Surabaya,kg,10500,False,10500,2020,4,Rabu,0,0,,0,0
PS Bendul Mrisi,2020-04-02,Beras,Kota Surabaya,kg,10500,False,10500,2020,4,Kamis,0,0,,0,0
PS Bendul Mrisi,2020-04-03,Beras,Kota Surabaya,kg,,True,10500,2020,4,Jumat,0,0,,0,0
PS Bendul Mrisi,2020-04-04,Beras,Kota Surabaya,kg,,True,10500,2020,4,Sabtu,1,0,,0,0
PS Bendul Mrisi,2020-04-05,Beras,Kota Surabaya,kg,,True,10500,2020,4,Minggu,1,0,,0,0
PS Bendul Mrisi,2020-04-06,Beras,Kota Surabaya,kg,,True,10500,2020,4,Senin,0,0,,0,0
PS Bendul Mrisi,2020-04-07,Beras,Kota Surabaya,kg,,True,10500,2020,4,Selasa,0,0,,0,0
PS Bendul Mrisi,2020-04-08,Beras,Kota Surabaya,kg,10900,False,10900,2020,4,Rabu,0,0,,0,0
PS Bendul Mrisi,2020-04-09,Beras,Kota Surabaya,kg,10900,False,10900,2020,4,Kamis,0,0,,0,0
PS Bendul Mrisi,2020-04-10,Beras,Kota Surabaya,kg,10900,False,10900,2020,4,Jumat,0,1,Wafat Yesus Kristus,0,1
PS Bendul Mrisi,2020-04-11,Beras,Kota Surabaya,kg,10900,False,10900,2020,4,Sabtu,1,0,,0,1
PS Bendul Mrisi,2020-04-12,Beras,Kota Surabaya,kg,11000,False,11000,2020,4,Minggu,1,0,,0,1
PS Bendul Mrisi,2020-04-13,Beras,Kota Surabaya,kg,11000,False,11000,2020,4,Senin,0,0,,0,1
PS Bendul Mrisi,2020-04-14,Beras,Kota Surabaya,kg,11000,False,11000,2020,4,Selasa,0,0,,0,1
PS Bendul Mrisi,2020-04-15,Beras,Kota Surabaya,kg,11000,False,11000,2020,4,Rabu,0,0,,0,1
PS Bendul Mrisi,2020-04-16,Beras,Kota Surabaya,kg,10300,False,10300,2020,4,Kamis,0,0,,0,1
PS Bendul Mrisi,2020-04-17,Beras,Kota Surabaya,kg,10400,False,10400,2020,4,Jumat,0,0,,0,1
PS Bendul Mrisi,2020-04-18,Beras,Kota Surabaya,kg,10400,False,10400,2020,4,Sabtu,1,0,,0,1
PS Bendul Mrisi,2020-04-19,Beras,Kota Surabaya,kg,10400,False,10400,2020,4,Minggu,1,0,,0,1
PS Bendul Mrisi,2020-04-20,Beras,Kota Surabaya,kg,10400,False,10400,2020,4,Senin,0,0,,0,1
PS Bendul Mrisi,2020-04-21,Beras,Kota Surabaya,kg,10300,False,10300,2020,4,Selasa,0,0,,0,1
PS Bendul Mrisi,2020-04-22,Beras,Kota Surabaya,kg,10400,False,10400,2020,4,Rabu,0,0,,0,1
PS Bendul Mrisi,2020-04-23,Beras,Kota Surabaya,kg,10400,False,10400,2020,4,Kamis,0,0,,0,1
PS Bendul Mrisi,2020-04-24,Beras,Kota Surabaya,kg,10400,False,10400,2020,4,Jumat,0,0,,1,0
PS Bendul Mrisi,2020-04-25,Beras,Kota Surabaya,kg,10500,False,10500,2020,4,Sabtu,1,0,,1,0
PS Bendul Mrisi,2020-04-26,Beras,Kota Surabaya,kg,10400,False,10400,2020,4,Minggu,1,0,,1,0
PS Bendul Mrisi,2020-04-27,Beras,Kota Surabaya,kg,10400,False,10400,2020,4,Senin,0,0,,1,0
PS Bendul Mrisi,2020-04-28,Beras,Kota Surabaya,kg,10300,False,10300,2020,4,Selasa,0,0,,1,0
PS Bendul Mrisi,2020-04-29,Beras,Kota Surabaya,kg,10400,False,10400,2020,4,Rabu,0,0,,1,0
PS Bendul Mrisi,2020-04-30,Beras,Kota Surabaya,kg,10500,False,10500,2020,4,Kamis,0,0,,1,0
PS Bendul Mrisi,2020-05-01,Beras,Kota Surabaya,kg,10500,False,10500,2020,5,Jumat,0,1,Hari Buruh Internasional,1,0
PS Bendul Mrisi,2020-05-02,Beras,Kota Surabaya,kg,10800,False,10800,2020,5,Sabtu,1,0,,1,0
PS Bendul Mrisi,2020-05-03,Beras,Kota Surabaya,kg,10800,False,10800,2020,5,Minggu,1,0,,1,0
PS Bendul Mrisi,2020-05-04,Beras,Kota Surabaya,kg,10800,False,10800,2020,5,Senin,0,0,,1,0
PS Bendul Mrisi,2020-05-05,Beras,Kota Surabaya,kg,10500,False,10500,2020,5,Selasa,0,0,,1,0
PS Bendul Mrisi,2020-05-06,Beras,Kota Surabaya,kg,10400,False,10400,2020,5,Rabu,0,0,,1,0
PS Bendul Mrisi,2020-05-07,Beras,Kota Surabaya,kg,10500,False,10500,2020,5,Kamis,0,1,Hari Raya Waisak,1,0
PS Bendul Mrisi,2020-05-08,Beras,Kota Surabaya,kg,10500,False,10500,2020,5,Jumat,0,0,,1,0
PS Bendul Mrisi,2020-05-09,Beras,Kota Surabaya,kg,10500,False,10500,2020,5,Sabtu,1,0,,1,0
PS Bendul Mrisi,2020-05-10,Beras,Kota Surabaya,kg,10500,False,10500,2020,5,Minggu,1,0,,1,0
PS Bendul Mrisi,2020-05-11,Beras,Kota Surabaya,kg,10500,False,10500,2020,5,Senin,0,0,,1,0
PS Bendul Mrisi,2020-05-12,Beras,Kota Surabaya,kg,,True,10500,2020,5,Selasa,0,0,,1,0
PS Bendul Mrisi,2020-05-13,Beras,Kota Surabaya,kg,,True,10500,2020,5,Rabu,0,0,,1,0
PS Bendul Mrisi,2020-05-14,Beras,Kota Surabaya,kg,,True,10500,2020,5,Kamis,0,0,,1,0
PS Bendul Mrisi,2020-05-15,Beras,Kota Surabaya,kg,,True,10500,2020,5,Jumat,0,0,,1,0
PS Bendul Mrisi,2020-05-16,Beras,Kota Surabaya,kg,,True,10500,2020,5,Sabtu,1,0,,1,0
PS Bendul Mrisi,2020-05-17,Beras,Kota Surabaya,kg,,True,10500,2020,5,Minggu,1,0,,1,0
PS Bendul Mrisi,2020-05-18,Beras,Kota Surabaya,kg,,True,10500,2020,5,Senin,0,0,,1,0
PS Bendul Mrisi,2020-05-19,Beras,Kota Surabaya,kg,,True,10500,2020,5,Selasa,0,0,,1,0
PS Bendul Mrisi,2020-05-20,Beras,Kota Surabaya,kg,,True,10500,2020,5,Rabu,0,0,,1,0
PS Bendul Mrisi,2020-05-21,Beras,Kota Surabaya,kg,,True,10500,2020,5,Kamis,0,1,Kenaikan Yesus Kristus,1,0
PS Bendul Mrisi,2020-05-22,Beras,Kota Surabaya,kg,,True,10500,2020,5,Jumat,0,0,,1,0
PS Bendul Mrisi,2020-05-23,Beras,Kota Surabaya,kg,,True,10500,2020,5,Sabtu,1,0,,1,0
PS Bendul Mrisi,2020-05-24,Beras,Kota Surabaya,kg,,True,10500,2020,5,Minggu,1,1,Hari Raya Idul Fitri,0,0
PS Bendul Mrisi,2020-05-25,Beras,Kota Surabaya,kg,,True,10500,2020,5,Senin,0,1,Hari kedua dari Hari Raya Idul Fitri,0,0
PS Bendul Mrisi,2020-05-26,Beras,Kota Surabaya,kg,,True,10500,2020,5,Selasa,0,0,,0,0
PS Bendul Mrisi,2020-05-27,Beras,Kota Surabaya,kg,,True,10500,2020,5,Rabu,0,0,,0,0
PS Bendul Mrisi,2020-05-28,Beras,Kota Surabaya,kg,,True,10500,2020,5,Kamis,0,0,,0,0
PS Bendul Mrisi,2020-05-29,Beras,Kota Surabaya,kg,,True,10500,2020,5,Jumat,0,0,,0,0
PS Bendul Mrisi,2020-05-30,Beras,Kota Surabaya,kg,,True,10500,2020,5,Sabtu,1,0,,0,0
PS Bendul Mrisi,2020-05-31,Beras,Kota Surabaya,kg,,True,10500,2020,5,Minggu,1,0,,0,0
PS Bendul Mrisi,2020-06-01,Beras,Kota Surabaya,kg,,True,10500,2020,6,Senin,0,1,Hari Lahir Pancasila,0,0
PS Bendul Mrisi,2020-06-02,Beras,Kota Surabaya,kg,10500,False,10500,2020,6,Selasa,0,0,,0,0
PS Bendul Mrisi,2020-06-03,Beras,Kota Surabaya,kg,10500,False,10500,2020,6,Rabu,0,0,,0,0
PS Bendul Mrisi,2020-06-04,Beras,Kota Surabaya,kg,10500,False,10500,2020,6,Kamis,0,0,,0,0
PS Bendul Mrisi,2020-06-05,Beras,Kota Surabaya,kg,,True,10500,2020,6,Jumat,0,0,,0,0
PS Bendul Mrisi,2020-06-06,Beras,Kota Surabaya,kg,10500,False,10500,2020,6,Sabtu,1,0,,0,0
PS Bendul Mrisi,2020-06-07,Beras,Kota Surabaya,kg,10500,False,10500,2020,6,Minggu,1,0,,0,0
PS Bendul Mrisi,2020-06-08,Beras,Kota Surabaya,kg,10500,False,10500,2020,6,Senin,0,0,,0,0
PS Bendul Mrisi,2020-06-09,Beras,Kota Surabaya,kg,10400,False,10400,2020,6,Selasa,0,0,,0,0
PS Bendul Mrisi,2020-06-10,Beras,Kota Surabaya,kg,10500,False,10500,2020,6,Rabu,0,0,,0,0
PS Bendul Mrisi,2020-06-11,Beras,Kota Surabaya,kg,10400,False,10400,2020,6,Kamis,0,0,,0,0
PS Bendul Mrisi,2020-06-12,Beras,Kota Surabaya,kg,10500,False,10500,2020,6,Jumat,0,0,,0,0
PS Bendul Mrisi,2020-06-13,Beras,Kota Surabaya,kg,10500,False,10500,2020,6,Sabtu,1,0,,0,0
PS Bendul Mrisi,2020-06-14,Beras,Kota Surabaya,kg,10400,False,10400,2020,6,Minggu,1,0,,0,0
PS Bendul Mrisi,2020-06-15,Beras,Kota Surabaya,kg,10400,False,10400,2020,6,Senin,0,0,,0,0
PS Bendul Mrisi,2020-06-16,Beras,Kota Surabaya,kg,10400,False,10400,2020,6,Selasa,0,0,,0,0
PS Bendul Mrisi,2020-06-17,Beras,Kota Surabaya,kg,10400,False,10400,2020,6,Rabu,0,0,,0,0
PS Bendul Mrisi,2020-06-18,Beras,Kota Surabaya,kg,10400,False,10400,2020,6,Kamis,0,0,,0,0
PS Bendul Mrisi,2020-06-19,Beras,Kota Surabaya,kg,,True,10400,2020,6,Jumat,0,0,,0,0
PS Bendul Mrisi,2020-06-20,Beras,Kota Surabaya,kg,10400,False,10400,2020,6,Sabtu,1,0,,0,0
PS Bendul Mrisi,2020-06-21,Beras,Kota Surabaya,kg,10400,False,10400,2020,6,Minggu,1,0,,0,0
PS Bendul Mrisi,2020-06-22,Beras,Kota Surabaya,kg,10400,False,10400,2020,6,Senin,0,0,,0,0
PS Bendul Mrisi,2020-06-23,Beras,Kota Surabaya,kg,10400,False,10400,2020,6,Selasa,0,0,,0,0
PS Bendul Mrisi,2020-06-24,Beras,Kota Surabaya,kg,10400,False,10400,2020,6,Rabu,0,0,,0,0
PS Bendul Mrisi,2020-06-25,Beras,Kota Surabaya,kg,10400,False,10400,2020,6,Kamis,0,0,,0,0
PS Bendul Mrisi,2020-06-26,Beras,Kota Surabaya,kg,10400,False,10400,2020,6,Jumat,0,0,,0,0
PS Bendul Mrisi,2020-06-27,Beras,Kota Surabaya,kg,10500,False,10500,2020,6,Sabtu,1,0,,0,0
PS Bendul Mrisi,2020-06-28,Beras,Kota Surabaya,kg,10400,False,10400,2020,6,Minggu,1,0,,0,0
PS Bendul Mrisi,2020-06-29,Beras,Kota Surabaya,kg,10300,False,10300,2020,6,Senin,0,0,,0,0
PS Bendul Mrisi,2020-06-30,Beras,Kota Surabaya,kg,10300,False,10300,2020,6,Selasa,0,0,,0,0
PS Bendul Mrisi,2020-07-01,Beras,Kota Surabaya,kg,10400,False,10400,2020,7,Rabu,0,0,,0,0
PS Bendul Mrisi,2020-07-02,Beras,Kota Surabaya,kg,10400,False,10400,2020,7,Kamis,0,0,,0,0
PS Bendul Mrisi,2020-07-03,Beras,Kota Surabaya,kg,10300,False,10300,2020,7,Jumat,0,0,,0,0
PS Bendul Mrisi,2020-07-04,Beras,Kota Surabaya,kg,10300,False,10300,2020,7,Sabtu,1,0,,0,0
PS Bendul Mrisi,2020-07-05,Beras,Kota Surabaya,kg,10300,False,10300,2020,7,Minggu,1,0,,0,0
PS Bendul Mrisi,2020-07-06,Beras,Kota Surabaya,kg,10300,False,10300,2020,7,Senin,0,0,,0,0
PS Bendul Mrisi,2020-07-07,Beras,Kota Surabaya,kg,10300,False,10300,2020,7,Selasa,0,0,,0,0
PS Bendul Mrisi,2020-07-08,Beras,Kota Surabaya,kg,10300,False,10300,2020,7,Rabu,0,0,,0,0
PS Bendul Mrisi,2020-07-09,Beras,Kota Surabaya,kg,10300,False,10300,2020,7,Kamis,0,0,,0,0
PS Bendul Mrisi,2020-07-10,Beras,Kota Surabaya,kg,10200,False,10200,2020,7,Jumat,0,0,,0,0
PS Bendul Mrisi,2020-07-11,Beras,Kota Surabaya,kg,10400,False,10400,2020,7,Sabtu,1,0,,0,0
PS Bendul Mrisi,2020-07-12,Beras,Kota Surabaya,kg,10300,False,10300,2020,7,Minggu,1,0,,0,0
PS Bendul Mrisi,2020-07-13,Beras,Kota Surabaya,kg,10400,False,10400,2020,7,Senin,0,0,,0,0
PS Bendul Mrisi,2020-07-14,Beras,Kota Surabaya,kg,10200,False,10200,2020,7,Selasa,0,0,,0,0
PS Bendul Mrisi,2020-07-15,Beras,Kota Surabaya,kg,10200,False,10200,2020,7,Rabu,0,0,,0,0
PS Bendul Mrisi,2020-07-16,Beras,Kota Surabaya,kg,10300,False,10300,2020,7,Kamis,0,0,,0,0
PS Bendul Mrisi,2020-07-17,Beras,Kota Surabaya,kg,10300,False,10300,2020,7,Jumat,0,0,,0,0
PS Bendul Mrisi,2020-07-18,Beras,Kota Surabaya,kg,10000,False,10000,2020,7,Sabtu,1,0,,0,0
PS Bendul Mrisi,2020-07-19,Beras,Kota Surabaya,kg,10000,False,10000,2020,7,Minggu,1,0,,0,0
PS Bendul Mrisi,2020-07-20,Beras,Kota Surabaya,kg,,True,10000,2020,7,Senin,0,0,,0,0
PS Bendul Mrisi,2020-07-21,Beras,Kota Surabaya,kg,,True,10000,2020,7,Selasa,0,0,,0,0
PS Bendul Mrisi,2020-07-22,Beras,Kota Surabaya,kg,,True,10000,2020,7,Rabu,0,0,,0,0
PS Bendul Mrisi,2020-07-23,Beras,Kota Surabaya,kg,,True,10000,2020,7,Kamis,0,0,,0,0
PS Bendul Mrisi,2020-07-24,Beras,Kota Surabaya,kg,,True,10000,2020,7,Jumat,0,0,,0,0
PS Bendul Mrisi,2020-07-25,Beras,Kota Surabaya,kg,,True,10000,2020,7,Sabtu,1,0,,0,0
PS Bendul Mrisi,2020-07-26,Beras,Kota Surabaya,kg,,True,10000,2020,7,Minggu,1,0,,0,0
PS Bendul Mrisi,2020-07-27,Beras,Kota Surabaya,kg,,True,10000,2020,7,Senin,0,0,,0,0
PS Bendul Mrisi,2020-07-28,Beras,Kota Surabaya,kg,,True,10000,2020,7,Selasa,0,0,,0,0
PS Bendul Mrisi,2020-07-29,Beras,Kota Surabaya,kg,,True,10000,2020,7,Rabu,0,0,,0,0
PS Bendul Mrisi,2020-07-30,Beras,Kota Surabaya,kg,,True,10000,2020,7,Kamis,0,0,,0,0
PS Bendul Mrisi,2020-07-31,Beras,Kota Surabaya,kg,,True,10000,2020,7,Jumat,0,1,Hari Raya Idul Adha,0,0
PS Bendul Mrisi,2020-08-01,Beras,Kota Surabaya,kg,,True,10000,2020,8,Sabtu,1,0,,0,0
PS Bendul Mrisi,2020-08-02,Beras,Kota Surabaya,kg,,True,10000,2020,8,Minggu,1,0,,0,0
PS Bendul Mrisi,2020-08-03,Beras,Kota Surabaya,kg,,True,10000,2020,8,Senin,0,0,,0,0
PS Bendul Mrisi,2020-08-04,Beras,Kota Surabaya,kg,,True,10000,2020,8,Selasa,0,0,,0,0
PS Bendul Mrisi,2020-08-05,Beras,Kota Surabaya,kg,,True,10000,2020,8,Rabu,0,0,,0,0
PS Bendul Mrisi,2020-08-06,Beras,Kota Surabaya,kg,,True,10000,2020,8,Kamis,0,0,,0,0
PS Bendul Mrisi,2020-08-07,Beras,Kota Surabaya,kg,,True,10000,2020,8,Jumat,0,0,,0,0
PS Bendul Mrisi,2020-08-08,Beras,Kota Surabaya,kg,,True,10000,2020,8,Sabtu,1,0,,0,0
PS Bendul Mrisi,2020-08-09,Beras,Kota Surabaya,kg,10100,False,10100,2020,8,Minggu,1,0,,0,0
PS Bendul Mrisi,2020-08-10,Beras,Kota Surabaya,kg,10100,False,10100,2020,8,Senin,0,0,,0,0
PS Bendul Mrisi,2020-08-11,Beras,Kota Surabaya,kg,10100,False,10100,2020,8,Selasa,0,0,,0,0
PS Bendul Mrisi,2020-08-12,Beras,Kota Surabaya,kg,10100,False,10100,2020,8,Rabu,0,0,,0,0
PS Bendul Mrisi,2020-08-13,Beras,Kota Surabaya,kg,10100,False,10100,2020,8,Kamis,0,0,,0,0
PS Bendul Mrisi,2020-08-14,Beras,Kota Surabaya,kg,10100,False,10100,2020,8,Jumat,0,0,,0,0
PS Bendul Mrisi,2020-08-15,Beras,Kota Surabaya,kg,10100,False,10100,2020,8,Sabtu,1,0,,0,0
PS Bendul Mrisi,2020-08-16,Beras,Kota Surabaya,kg,10100,False,10100,2020,8,Minggu,1,0,,0,0
PS Bendul Mrisi,2020-08-17,Beras,Kota Surabaya,kg,10000,False,10000,2020,8,Senin,0,1,Hari Kemerdekaan Republik Indonesia,0,0
PS Bendul Mrisi,2020-08-18,Beras,Kota Surabaya,kg,10000,False,10000,2020,8,Selasa,0,0,,0,0
PS Bendul Mrisi,2020-08-19,Beras,Kota Surabaya,kg,10000,False,10000,2020,8,Rabu,0,0,,0,0
PS Bendul Mrisi,2020-08-20,Beras,Kota Surabaya,kg,10000,False,10000,2020,8,Kamis,0,1,Tahun Baru Islam,0,0
PS Bendul Mrisi,2020-08-21,Beras,Kota Surabaya,kg,10000,False,10000,2020,8,Jumat,0,1,Cuti Bersama Tahun Baru Islam,0,0
PS Bendul Mrisi,2020-08-22,Beras,Kota Surabaya,kg,10000,False,10000,2020,8,Sabtu,1,0,,0,0
PS Bendul Mrisi,2020-08-23,Beras,Kota Surabaya,kg,10000,False,10000,2020,8,Minggu,1,0,,0,0
PS Bendul Mrisi,2020-08-24,Beras,Kota Surabaya,kg,10000,False,10000,2020,8,Senin,0,0,,0,0
PS Bendul Mrisi,2020-08-25,Beras,Kota Surabaya,kg,10000,False,10000,2020,8,Selasa,0,0,,0,0
PS Bendul Mrisi,2020-08-26,Beras,Kota Surabaya,kg,10000,False,10000,2020,8,Rabu,0,0,,0,0
PS Bendul Mrisi,2020-08-27,Beras,Kota Surabaya,kg,10000,False,10000,2020,8,Kamis,0,0,,0,0
PS Bendul Mrisi,2020-08-28,Beras,Kota Surabaya,kg,10000,False,10000,2020,8,Jumat,0,0,,0,0
PS Bendul Mrisi,2020-08-29,Beras,Kota Surabaya,kg,10000,False,10000,2020,8,Sabtu,1,0,,0,0
PS Bendul Mrisi,2020-08-30,Beras,Kota Surabaya,kg,10000,False,10000,2020,8,Minggu,1,0,,0,0
PS Bendul Mrisi,2020-08-31,Beras,Kota Surabaya,kg,10000,False,10000,2020,8,Senin,0,0,,0,0
PS Bendul Mrisi,2020-09-01,Beras,Kota Surabaya,kg,10000,False,10000,2020,9,Selasa,0,0,,0,0
PS Bendul Mrisi,2020-09-02,Beras,Kota Surabaya,kg,10000,False,10000,2020,9,Rabu,0,0,,0,0
PS Bendul Mrisi,2020-09-03,Beras,Kota Surabaya,kg,10000,False,10000,2020,9,Kamis,0,0,,0,0
PS Bendul Mrisi,2020-09-04,Beras,Kota Surabaya,kg,10000,False,10000,2020,9,Jumat,0,0,,0,0
PS Bendul Mrisi,2020-09-05,Beras,Kota Surabaya,kg,10000,False,10000,2020,9,Sabtu,1,0,,0,0
PS Bendul Mrisi,2020-09-06,Beras,Kota Surabaya,kg,10000,False,10000,2020,9,Minggu,1,0,,0,0
PS Bendul Mrisi,2020-09-07,Beras,Kota Surabaya,kg,10000,False,10000,2020,9,Senin,0,0,,0,0
PS Bendul Mrisi,2020-09-08,Beras,Kota Surabaya,kg,10000,False,10000,2020,9,Selasa,0,0,,0,0
PS Bendul Mrisi,2020-09-09,Beras,Kota Surabaya,kg,10000,False,10000,2020,9,Rabu,0,0,,0,0
PS Bendul Mrisi,2020-09-10,Beras,Kota Surabaya,kg,10000,False,10000,2020,9,Kamis,0,0,,0,0
PS Bendul Mrisi,2020-09-11,Beras,Kota Surabaya,kg,10000,False,10000,2020,9,Jumat,0,0,,0,0
PS Bendul Mrisi,2020-09-12,Beras,Kota Surabaya,kg,10000,False,10000,2020,9,Sabtu,1,0,,0,0
PS Bendul Mrisi,2020-09-13,Beras,Kota Surabaya,kg,10000,False,10000,2020,9,Minggu,1,0,,0,0
PS Bendul Mrisi,2020-09-14,Beras,Kota Surabaya,kg,10000,False,10000,2020,9,Senin,0,0,,0,0
PS Bendul Mrisi,2020-09-15,Beras,Kota Surabaya,kg,10000,False,10000,2020,9,Selasa,0,0,,0,0
PS Bendul Mrisi,2020-09-16,Beras,Kota Surabaya,kg,10000,False,10000,2020,9,Rabu,0,0,,0,0
PS Bendul Mrisi,2020-09-17,Beras,Kota Surabaya,kg,10100,False,10100,2020,9,Kamis,0,0,,0,0
PS Bendul Mrisi,2020-09-18,Beras,Kota Surabaya,kg,10000,False,10000,2020,9,Jumat,0,0,,0,0
PS Bendul Mrisi,2020-09-19,Beras,Kota Surabaya,kg,10000,False,10000,2020,9,Sabtu,1,0,,0,0
PS Bendul Mrisi,2020-09-20,Beras,Kota Surabaya,kg,10100,False,10100,2020,9,Minggu,1,0,,0,0
PS Bendul Mrisi,2020-09-21,Beras,Kota Surabaya,kg,10100,False,10100,2020,9,Senin,0,0,,0,0
PS Bendul Mrisi,2020-09-22,Beras,Kota Surabaya,kg,10000,False,10000,2020,9,Selasa,0,0,,0,0
PS Bendul Mrisi,2020-09-23,Beras,Kota Surabaya,kg,10000,False,10000,2020,9,Rabu,0,0,,0,0
PS Bendul Mrisi,2020-09-24,Beras,Kota Surabaya,kg,10000,False,10000,2020,9,Kamis,0,0,,0,0
PS Bendul Mrisi,2020-09-25,Beras,Kota Surabaya,kg,10100,False,10100,2020,9,Jumat,0,0,,0,0
PS Bendul Mrisi,2020-09-26,Beras,Kota Surabaya,kg,10000,False,10000,2020,9,Sabtu,1,0,,0,0
PS Bendul Mrisi,2020-09-27,Beras,Kota Surabaya,kg,10000,False,10000,2020,9,Minggu,1,0,,0,0
PS Bendul Mrisi,2020-09-28,Beras,Kota Surabaya,kg,10100,False,10100,2020,9,Senin,0,0,,0,0
PS Bendul Mrisi,2020-09-29,Beras,Kota Surabaya,kg,10000,False,10000,2020,9,Selasa,0,0,,0,0
PS Bendul Mrisi,2020-09-30,Beras,Kota Surabaya,kg,10000,False,10000,2020,9,Rabu,0,0,,0,0
PS Bendul Mrisi,2020-10-01,Beras,Kota Surabaya,kg,10000,False,10000,2020,10,Kamis,0,0,,0,0
PS Bendul Mrisi,2020-10-02,Beras,Kota Surabaya,kg,10000,False,10000,2020,10,Jumat,0,0,,0,0
PS Bendul Mrisi,2020-10-03,Beras,Kota Surabaya,kg,10000,False,10000,2020,10,Sabtu,1,0,,0,0
PS Bendul Mrisi,2020-10-04,Beras,Kota Surabaya,kg,,True,10000,2020,10,Minggu,1,0,,0,0
PS Bendul Mrisi,2020-10-05,Beras,Kota Surabaya,kg,10000,False,10000,2020,10,Senin,0,0,,0,0
PS Bendul Mrisi,2020-10-06,Beras,Kota Surabaya,kg,10000,False,10000,2020,10,Selasa,0,0,,0,0
PS Bendul Mrisi,2020-10-07,Beras,Kota Surabaya,kg,10000,False,10000,2020,10,Rabu,0,0,,0,0
PS Bendul Mrisi,2020-10-08,Beras,Kota Surabaya,kg,10000,False,10000,2020,10,Kamis,0,0,,0,0
PS Bendul Mrisi,2020-10-09,Beras,Kota Surabaya,kg,10000,False,10000,2020,10,Jumat,0,0,,0,0
PS Bendul Mrisi,2020-10-10,Beras,Kota Surabaya,kg,10000,False,10000,2020,10,Sabtu,1,0,,0,0
PS Bendul Mrisi,2020-10-11,Beras,Kota Surabaya,kg,10000,False,10000,2020,10,Minggu,1,0,,0,0
PS Bendul Mrisi,2020-10-12,Beras,Kota Surabaya,kg,10000,False,10000,2020,10,Senin,0,0,,0,0
PS Bendul Mrisi,2020-10-13,Beras,Kota Surabaya,kg,10000,False,10000,2020,10,Selasa,0,0,,0,0
PS Bendul Mrisi,2020-10-14,Beras,Kota Surabaya,kg,10000,False,10000,2020,10,Rabu,0,0,,0,0
PS Bendul Mrisi,2020-10-15,Beras,Kota Surabaya,kg,10000,False,10000,2020,10,Kamis,0,0,,0,0
PS Bendul Mrisi,2020-10-16,Beras,Kota Surabaya,kg,10000,False,10000,2020,10,Jumat,0,0,,0,0
PS Bendul Mrisi,2020-10-17,Beras,Kota Surabaya,kg,9900,False,9900,2020,10,Sabtu,1,0,,0,0
PS Bendul Mrisi,2020-10-18,Beras,Kota Surabaya,kg,9900,False,9900,2020,10,Minggu,1,0,,0,0
PS Bendul Mrisi,2020-10-19,Beras,Kota Surabaya,kg,10000,False,10000,2020,10,Senin,0,0,,0,0
PS Bendul Mrisi,2020-10-20,Beras,Kota Surabaya,kg,10000,False,10000,2020,10,Selasa,0,0,,0,0
PS Bendul Mrisi,2020-10-21,Beras,Kota Surabaya,kg,10200,False,10200,2020,10,Rabu,0,0,,0,0
PS Bendul Mrisi,2020-10-22,Beras,Kota Surabaya,kg,10100,False,10100,2020,10,Kamis,0,0,,0,0
PS Bendul Mrisi,2020-10-23,Beras,Kota Surabaya,kg,10100,False,10100,2020,10,Jumat,0,0,,0,0
PS Bendul Mrisi,2020-10-24,Beras,Kota Surabaya,kg,10100,False,10100,2020,10,Sabtu,1,0,,0,0
PS Bendul Mrisi,2020-10-25,Beras,Kota Surabaya,kg,10200,False,10200,2020,10,Minggu,1,0,,0,0
PS Bendul Mrisi,2020-10-26,Beras,Kota Surabaya,kg,10200,False,10200,2020,10,Senin,0,0,,0,0
PS Bendul Mrisi,2020-10-27,Beras,Kota Surabaya,kg,10200,False,10200,2020,10,Selasa,0,0,,0,0
PS Bendul Mrisi,2020-10-28,Beras,Kota Surabaya,kg,10200,False,10200,2020,10,Rabu,0,1,Cuti Bersama Maulid Nabi Muhammad,0,0
PS Bendul Mrisi,2020-10-29,Beras,Kota Surabaya,kg,10100,False,10100,2020,10,Kamis,0,1,Maulid Nabi Muhammad,0,0
PS Bendul Mrisi,2020-10-30,Beras,Kota Surabaya,kg,10100,False,10100,2020,10,Jumat,0,1,Cuti Bersama Maulid Nabi Muhammad,0,0
PS Bendul Mrisi,2020-10-31,Beras,Kota Surabaya,kg,10100,False,10100,2020,10,Sabtu,1,0,,0,0
PS Bendul Mrisi,2020-11-01,Beras,Kota Surabaya,kg,10100,False,10100,2020,11,Minggu,1,0,,0,0
PS Bendul Mrisi,2020-11-02,Beras,Kota Surabaya,kg,10000,False,10000,2020,11,Senin,0,0,,0,0
PS Bendul Mrisi,2020-11-03,Beras,Kota Surabaya,kg,10100,False,10100,2020,11,Selasa,0,0,,0,0
PS Bendul Mrisi,2020-11-04,Beras,Kota Surabaya,kg,10100,False,10100,2020,11,Rabu,0,0,,0,0
PS Bendul Mrisi,2020-11-05,Beras,Kota Surabaya,kg,10100,False,10100,2020,11,Kamis,0,0,,0,0
PS Bendul Mrisi,2020-11-06,Beras,Kota Surabaya,kg,10100,False,10100,2020,11,Jumat,0,0,,0,0
PS Bendul Mrisi,2020-11-07,Beras,Kota Surabaya,kg,10000,False,10000,2020,11,Sabtu,1,0,,0,0
PS Bendul Mrisi,2020-11-08,Beras,Kota Surabaya,kg,10000,False,10000,2020,11,Minggu,1,0,,0,0
PS Bendul Mrisi,2020-11-09,Beras,Kota Surabaya,kg,10000,False,10000,2020,11,Senin,0,0,,0,0
PS Bendul Mrisi,2020-11-10,Beras,Kota Surabaya,kg,10000,False,10000,2020,11,Selasa,0,0,,0,0
PS Bendul Mrisi,2020-11-11,Beras,Kota Surabaya,kg,10100,False,10100,2020,11,Rabu,0,0,,0,0
PS Bendul Mrisi,2020-11-12,Beras,Kota Surabaya,kg,10100,False,10100,2020,11,Kamis,0,0,,0,0
PS Bendul Mrisi,2020-11-13,Beras,Kota Surabaya,kg,10100,False,10100,2020,11,Jumat,0,0,,0,0
PS Bendul Mrisi,2020-11-14,Beras,Kota Surabaya,kg,10100,False,10100,2020,11,Sabtu,1,0,,0,0
PS Bendul Mrisi,2020-11-15,Beras,Kota Surabaya,kg,10100,False,10100,2020,11,Minggu,1,0,,0,0
PS Bendul Mrisi,2020-11-16,Beras,Kota Surabaya,kg,10150,False,10150,2020,11,Senin,0,0,,0,0
PS Bendul Mrisi,2020-11-17,Beras,Kota Surabaya,kg,10100,False,10100,2020,11,Selasa,0,0,,0,0
PS Bendul Mrisi,2020-11-18,Beras,Kota Surabaya,kg,10100,False,10100,2020,11,Rabu,0,0,,0,0
PS Bendul Mrisi,2020-11-19,Beras,Kota Surabaya,kg,10100,False,10100,2020,11,Kamis,0,0,,0,0
PS Bendul Mrisi,2020-11-20,Beras,Kota Surabaya,kg,10100,False,10100,2020,11,Jumat,0,0,,0,0
PS Bendul Mrisi,2020-11-21,Beras,Kota Surabaya,kg,10100,False,10100,2020,11,Sabtu,1,0,,0,0
PS Bendul Mrisi,2020-11-22,Beras,Kota Surabaya,kg,10000,False,10000,2020,11,Minggu,1,0,,0,0
PS Bendul Mrisi,2020-11-23,Beras,Kota Surabaya,kg,10100,False,10100,2020,11,Senin,0,0,,0,0
PS Bendul Mrisi,2020-11-24,Beras,Kota Surabaya,kg,10000,False,10000,2020,11,Selasa,0,0,,0,0
PS Bendul Mrisi,2020-11-25,Beras,Kota Surabaya,kg,10100,False,10100,2020,11,Rabu,0,0,,0,0
PS Bendul Mrisi,2020-11-26,Beras,Kota Surabaya,kg,10100,False,10100,2020,11,Kamis,0,0,,0,0
PS Bendul Mrisi,2020-11-27,Beras,Kota Surabaya,kg,10100,False,10100,2020,11,Jumat,0,0,,0,0
PS Bendul Mrisi,2020-11-28,Beras,Kota Surabaya,kg,10100,False,10100,2020,11,Sabtu,1,0,,0,0
PS Bendul Mrisi,2020-11-29,Beras,Kota Surabaya,kg,10100,False,10100,2020,11,Minggu,1,0,,0,0
PS Bendul Mrisi,2020-11-30,Beras,Kota Surabaya,kg,10100,False,10100,2020,11,Senin,0,0,,0,0
PS Bendul Mrisi,2020-12-01,Beras,Kota Surabaya,kg,10100,False,10100,2020,12,Selasa,0,0,,0,0
PS Bendul Mrisi,2020-12-02,Beras,Kota Surabaya,kg,10200,False,10200,2020,12,Rabu,0,0,,0,0
PS Bendul Mrisi,2020-12-03,Beras,Kota Surabaya,kg,10200,False,10200,2020,12,Kamis,0,0,,0,0
PS Bendul Mrisi,2020-12-04,Beras,Kota Surabaya,kg,10100,False,10100,2020,12,Jumat,0,0,,0,0
PS Bendul Mrisi,2020-12-05,Beras,Kota Surabaya,kg,10150,False,10150,2020,12,Sabtu,1,0,,0,0
PS Bendul Mrisi,2020-12-06,Beras,Kota Surabaya,kg,10200,False,10200,2020,12,Minggu,1,0,,0,0
PS Bendul Mrisi,2020-12-07,Beras,Kota Surabaya,kg,10100,False,10100,2020,12,Senin,0,0,,0,0
PS Bendul Mrisi,2020-12-08,Beras,Kota Surabaya,kg,10100,False,10100,2020,12,Selasa,0,0,,0,0
PS Bendul Mrisi,2020-12-09,Beras,Kota Surabaya,kg,10000,False,10000,2020,12,Rabu,0,1,Hari Pemilihan Kepala Daerah,0,0
PS Bendul Mrisi,2020-12-10,Beras,Kota Surabaya,kg,10000,False,10000,2020,12,Kamis,0,0,,0,0
PS Bendul Mrisi,2020-12-11,Beras,Kota Surabaya,kg,,True,10000,2020,12,Jumat,0,0,,0,0
PS Bendul Mrisi,2020-12-12,Beras,Kota Surabaya,kg,10000,False,10000,2020,12,Sabtu,1,0,,0,0
PS Bendul Mrisi,2020-12-13,Beras,Kota Surabaya,kg,10000,False,10000,2020,12,Minggu,1,0,,0,0
PS Bendul Mrisi,2020-12-14,Beras,Kota Surabaya,kg,10000,False,10000,2020,12,Senin,0,0,,0,0
PS Bendul Mrisi,2020-12-15,Beras,Kota Surabaya,kg,10000,False,10000,2020,12,Selasa,0,0,,0,0
PS Bendul Mrisi,2020-12-16,Beras,Kota Surabaya,kg,10000,False,10000,2020,12,Rabu,0,0,,0,0
PS Bendul Mrisi,2020-12-17,Beras,Kota Surabaya,kg,10000,False,10000,2020,12,Kamis,0,0,,0,0
PS Bendul Mrisi,2020-12-18,Beras,Kota Surabaya,kg,10000,False,10000,2020,12,Jumat,0,0,,0,0
PS Bendul Mrisi,2020-12-19,Beras,Kota Surabaya,kg,10000,False,10000,2020,12,Sabtu,1,0,,0,0
PS Bendul Mrisi,2020-12-20,Beras,Kota Surabaya,kg,10000,False,10000,2020,12,Minggu,1,0,,0,0
PS Bendul Mrisi,2020-12-21,Beras,Kota Surabaya,kg,10000,False,10000,2020,12,Senin,0,0,,0,0
PS Bendul Mrisi,2020-12-22,Beras,Kota Surabaya,kg,10000,False,10000,2020,12,Selasa,0,0,,0,0
PS Bendul Mrisi,2020-12-23,Beras,Kota Surabaya,kg,10000,False,10000,2020,12,Rabu,0,0,,0,0
PS Bendul Mrisi,2020-12-24,Beras,Kota Surabaya,kg,10000,False,10000,2020,12,Kamis,0,1,Cuti Bersama Hari Raya Natal,0,0
PS Bendul Mrisi,2020-12-25,Beras,Kota Surabaya,kg,10000,False,10000,2020,12,Jumat,0,1,Hari Raya Natal,0,0
PS Bendul Mrisi,2020-12-26,Beras,Kota Surabaya,kg,10000,False,10000,2020,12,Sabtu,1,0,,0,0
PS Bendul Mrisi,2020-12-27,Beras,Kota Surabaya,kg,9900,False,9900,2020,12,Minggu,1,0,,0,0
PS Bendul Mrisi,2020-12-28,Beras,Kota Surabaya,kg,10000,False,10000,2020,12,Senin,0,0,,0,0
PS Bendul Mrisi,2020-12-29,Beras,Kota Surabaya,kg,10000,False,10000,2020,12,Selasa,0,0,,0,0
PS Bendul Mrisi,2020-12-30,Beras,Kota Surabaya,kg,10000,False,10000,2020,12,Rabu,0,0,,0,0
PS Bendul Mrisi,2020-12-31,Beras,Kota Surabaya,kg,10000,False,10000,2020,12,Kamis,0,1,Pegangti Cuti Bersama Hari Raya Idul Fitri,0,0
PS Bendul Mrisi,2021-01-01,Beras,Kota Surabaya,kg,9900,False,9900,2021,1,Jumat,0,1,Tahun Baru Masehi,0,0
PS Bendul Mrisi,2021-01-02,Beras,Kota Surabaya,kg,9900,False,9900,2021,1,Sabtu,1,0,,0,0
PS Bendul Mrisi,2021-01-03,Beras,Kota Surabaya,kg,9900,False,9900,2021,1,Minggu,1,0,,0,0
PS Bendul Mrisi,2021-01-04,Beras,Kota Surabaya,kg,9800,False,9800,2021,1,Senin,0,0,,0,0
PS Bendul Mrisi,2021-01-05,Beras,Kota Surabaya,kg,9800,False,9800,2021,1,Selasa,0,0,,0,0
PS Bendul Mrisi,2021-01-06,Beras,Kota Surabaya,kg,9900,False,9900,2021,1,Rabu,0,0,,0,0
PS Bendul Mrisi,2021-01-07,Beras,Kota Surabaya,kg,9900,False,9900,2021,1,Kamis,0,0,,0,0
PS Bendul Mrisi,2021-01-08,Beras,Kota Surabaya,kg,9900,False,9900,2021,1,Jumat,0,0,,0,0
PS Bendul Mrisi,2021-01-09,Beras,Kota Surabaya,kg,9800,False,9800,2021,1,Sabtu,1,0,,0,0
PS Bendul Mrisi,2021-01-10,Beras,Kota Surabaya,kg,9800,False,9800,2021,1,Minggu,1,0,,0,0
PS Bendul Mrisi,2021-01-11,Beras,Kota Surabaya,kg,9800,False,9800,2021,1,Senin,0,0,,0,0
PS Bendul Mrisi,2021-01-12,Beras,Kota Surabaya,kg,9900,False,9900,2021,1,Selasa,0,0,,0,0
PS Bendul Mrisi,2021-01-13,Beras,Kota Surabaya,kg,9900,False,9900,2021,1,Rabu,0,0,,0,0
PS Bendul Mrisi,2021-01-14,Beras,Kota Surabaya,kg,9700,False,9700,2021,1,Kamis,0,0,,0,0
PS Bendul Mrisi,2021-01-15,Beras,Kota Surabaya,kg,9700,False,9700,2021,1,Jumat,0,0,,0,0
PS Bendul Mrisi,2021-01-16,Beras,Kota Surabaya,kg,9900,False,9900,2021,1,Sabtu,1,0,,0,0
PS Bendul Mrisi,2021-01-17,Beras,Kota Surabaya,kg,10000,False,10000,2021,1,Minggu,1,0,,0,0
PS Bendul Mrisi,2021-01-18,Beras,Kota Surabaya,kg,9900,False,9900,2021,1,Senin,0,0,,0,0
PS Bendul Mrisi,2021-01-19,Beras,Kota Surabaya,kg,9800,False,9800,2021,1,Selasa,0,0,,0,0
PS Bendul Mrisi,2021-01-20,Beras,Kota Surabaya,kg,9900,False,9900,2021,1,Rabu,0,0,,0,0
PS Bendul Mrisi,2021-01-21,Beras,Kota Surabaya,kg,9800,False,9800,2021,1,Kamis,0,0,,0,0
PS Bendul Mrisi,2021-01-22,Beras,Kota Surabaya,kg,9800,False,9800,2021,1,Jumat,0,0,,0,0
PS Bendul Mrisi,2021-01-23,Beras,Kota Surabaya,kg,9800,False,9800,2021,1,Sabtu,1,0,,0,0
PS Bendul Mrisi,2021-01-24,Beras,Kota Surabaya,kg,9800,False,9800,2021,1,Minggu,1,0,,0,0
PS Bendul Mrisi,2021-01-25,Beras,Kota Surabaya,kg,9800,False,9800,2021,1,Senin,0,0,,0,0
PS Bendul Mrisi,2021-01-26,Beras,Kota Surabaya,kg,9800,False,9800,2021,1,Selasa,0,0,,0,0
PS Bendul Mrisi,2021-01-27,Beras,Kota Surabaya,kg,9900,False,9900,2021,1,Rabu,0,0,,0,0
PS Bendul Mrisi,2021-01-28,Beras,Kota Surabaya,kg,9900,False,9900,2021,1,Kamis,0,0,,0,0
PS Bendul Mrisi,2021-01-29,Beras,Kota Surabaya,kg,9900,False,9900,2021,1,Jumat,0,0,,0,0
PS Bendul Mrisi,2021-01-30,Beras,Kota Surabaya,kg,9900,False,9900,2021,1,Sabtu,1,0,,0,0
PS Bendul Mrisi,2021-01-31,Beras,Kota Surabaya,kg,9900,False,9900,2021,1,Minggu,1,0,,0,0
PS Bendul Mrisi,2021-02-01,Beras,Kota Surabaya,kg,9900,False,9900,2021,2,Senin,0,0,,0,0
PS Bendul Mrisi,2021-02-02,Beras,Kota Surabaya,kg,9900,False,9900,2021,2,Selasa,0,0,,0,0
PS Bendul Mrisi,2021-02-03,Beras,Kota Surabaya,kg,9900,False,9900,2021,2,Rabu,0,0,,0,0
PS Bendul Mrisi,2021-02-04,Beras,Kota Surabaya,kg,10000,False,10000,2021,2,Kamis,0,0,,0,0
PS Bendul Mrisi,2021-02-05,Beras,Kota Surabaya,kg,9900,False,9900,2021,2,Jumat,0,0,,0,0
PS Bendul Mrisi,2021-02-06,Beras,Kota Surabaya,kg,9800,False,9800,2021,2,Sabtu,1,0,,0,0
PS Bendul Mrisi,2021-02-07,Beras,Kota Surabaya,kg,9900,False,9900,2021,2,Minggu,1,0,,0,0
PS Bendul Mrisi,2021-02-08,Beras,Kota Surabaya,kg,9800,False,9800,2021,2,Senin,0,0,,0,0
PS Bendul Mrisi,2021-02-09,Beras,Kota Surabaya,kg,9800,False,9800,2021,2,Selasa,0,0,,0,0
PS Bendul Mrisi,2021-02-10,Beras,Kota Surabaya,kg,9800,False,9800,2021,2,Rabu,0,0,,0,0
PS Bendul Mrisi,2021-02-11,Beras,Kota Surabaya,kg,9800,False,9800,2021,2,Kamis,0,0,,0,0
PS Bendul Mrisi,2021-02-12,Beras,Kota Surabaya,kg,9800,False,9800,2021,2,Jumat,0,1,Tahun Baru Imlek,0,0
PS Bendul Mrisi,2021-02-13,Beras,Kota Surabaya,kg,9800,False,9800,2021,2,Sabtu,1,0,,0,0
PS Bendul Mrisi,2021-02-14,Beras,Kota Surabaya,kg,9800,False,9800,2021,2,Minggu,1,0,,0,0
PS Bendul Mrisi,2021-02-15,Beras,Kota Surabaya,kg,9800,False,9800,2021,2,Senin,0,0,,0,0
PS Bendul Mrisi,2021-02-16,Beras,Kota Surabaya,kg,9700,False,9700,2021,2,Selasa,0,0,,0,0
PS Bendul Mrisi,2021-02-17,Beras,Kota Surabaya,kg,9700,False,9700,2021,2,Rabu,0,0,,0,0
PS Bendul Mrisi,2021-02-18,Beras,Kota Surabaya,kg,9700,False,9700,2021,2,Kamis,0,0,,0,0
PS Bendul Mrisi,2021-02-19,Beras,Kota Surabaya,kg,9800,False,9800,2021,2,Jumat,0,0,,0,0
PS Bendul Mrisi,2021-02-20,Beras,Kota Surabaya,kg,9600,False,9600,2021,2,Sabtu,1,0,,0,0
PS Bendul Mrisi,2021-02-21,Beras,Kota Surabaya,kg,9700,False,9700,2021,2,Minggu,1,0,,0,0
PS Bendul Mrisi,2021-02-22,Beras,Kota Surabaya,kg,9600,False,9600,2021,2,Senin,0,0,,0,0
PS Bendul Mrisi,2021-02-23,Beras,Kota Surabaya,kg,9700,False,9700,2021,2,Selasa,0,0,,0,0
PS Bendul Mrisi,2021-02-24,Beras,Kota Surabaya,kg,9700,False,9700,2021,2,Rabu,0,0,,0,0
PS Bendul Mrisi,2021-02-25,Beras,Kota Surabaya,kg,9600,False,9600,2021,2,Kamis,0,0,,0,0
PS Bendul Mrisi,2021-02-26,Beras,Kota Surabaya,kg,9800,False,9800,2021,2,Jumat,0,0,,0,0
PS Bendul Mrisi,2021-02-27,Beras,Kota Surabaya,kg,9600,False,9600,2021,2,Sabtu,1,0,,0,0
PS Bendul Mrisi,2021-02-28,Beras,Kota Surabaya,kg,9600,False,9600,2021,2,Minggu,1,0,,0,0
PS Bendul Mrisi,2021-03-01,Beras,Kota Surabaya,kg,9600,False,9600,2021,3,Senin,0,0,,0,0
PS Bendul Mrisi,2021-03-02,Beras,Kota Surabaya,kg,9600,False,9600,2021,3,Selasa,0,0,,0,0
PS Bendul Mrisi,2021-03-03,Beras,Kota Surabaya,kg,9600,False,9600,2021,3,Rabu,0,0,,0,0
PS Bendul Mrisi,2021-03-04,Beras,Kota Surabaya,kg,9700,False,9700,2021,3,Kamis,0,0,,0,0
PS Bendul Mrisi,2021-03-05,Beras,Kota Surabaya,kg,9800,False,9800,2021,3,Jumat,0,0,,0,0
PS Bendul Mrisi,2021-03-06,Beras,Kota Surabaya,kg,9600,False,9600,2021,3,Sabtu,1,0,,0,0
PS Bendul Mrisi,2021-03-07,Beras,Kota Surabaya,kg,9700,False,9700,2021,3,Minggu,1,0,,0,0
PS Bendul Mrisi,2021-03-08,Beras,Kota Surabaya,kg,9800,False,9800,2021,3,Senin,0,0,,0,0
PS Bendul Mrisi,2021-03-09,Beras,Kota Surabaya,kg,9700,False,9700,2021,3,Selasa,0,0,,0,0
PS Bendul Mrisi,2021-03-10,Beras,Kota Surabaya,kg,9800,False,9800,2021,3,Rabu,0,0,,0,0
PS Bendul Mrisi,2021-03-11,Beras,Kota Surabaya,kg,9600,False,9600,2021,3,Kamis,0,1,Isra Mikraj Nabi Muhammad,0,0
PS Bendul Mrisi,2021-03-12,Beras,Kota Surabaya,kg,9600,False,9600,2021,3,Jumat,0,0,,0,0
PS Bendul Mrisi,2021-03-13,Beras,Kota Surabaya,kg,9800,False,9800,2021,3,Sabtu,1,0,,0,0
PS Bendul Mrisi,2021-03-14,Beras,Kota Surabaya,kg,9800,False,9800,2021,3,Minggu,1,1,Hari Suci Nyepi,0,0
PS Bendul Mrisi,2021-03-15,Beras,Kota Surabaya,kg,9700,False,9700,2021,3,Senin,0,0,,0,0
PS Bendul Mrisi,2021-03-16,Beras,Kota Surabaya,kg,9700,False,9700,2021,3,Selasa,0,0,,0,0
PS Bendul Mrisi,2021-03-17,Beras,Kota Surabaya,kg,9800,False,9800,2021,3,Rabu,0,0,,0,0
PS Bendul Mrisi,2021-03-18,Beras,Kota Surabaya,kg,9800,False,9800,2021,3,Kamis,0,0,,0,0
PS Bendul Mrisi,2021-03-19,Beras,Kota Surabaya,kg,9700,False,9700,2021,3,Jumat,0,0,,0,0
PS Bendul Mrisi,2021-03-20,Beras,Kota Surabaya,kg,9700,False,9700,2021,3,Sabtu,1,0,,0,0
PS Bendul Mrisi,2021-03-21,Beras,Kota Surabaya,kg,9800,False,9800,2021,3,Minggu,1,0,,0,0
PS Bendul Mrisi,2021-03-22,Beras,Kota Surabaya,kg,9800,False,9800,2021,3,Senin,0,0,,0,0
PS Bendul Mrisi,2021-03-23,Beras,Kota Surabaya,kg,9800,False,9800,2021,3,Selasa,0,0,,0,0
PS Bendul Mrisi,2021-03-24,Beras,Kota Surabaya,kg,9800,False,9800,2021,3,Rabu,0,0,,0,0
PS Bendul Mrisi,2021-03-25,Beras,Kota Surabaya,kg,9700,False,9700,2021,3,Kamis,0,0,,0,0
PS Bendul Mrisi,2021-03-26,Beras,Kota Surabaya,kg,9700,False,9700,2021,3,Jumat,0,0,,0,0
PS Bendul Mrisi,2021-03-27,Beras,Kota Surabaya,kg,9600,False,9600,2021,3,Sabtu,1,0,,0,0
PS Bendul Mrisi,2021-03-28,Beras,Kota Surabaya,kg,9800,False,9800,2021,3,Minggu,1,0,,0,0
PS Bendul Mrisi,2021-03-29,Beras,Kota Surabaya,kg,9700,False,9700,2021,3,Senin,0,0,,0,0
PS Bendul Mrisi,2021-03-30,Beras,Kota Surabaya,kg,9700,False,9700,2021,3,Selasa,0,0,,0,1
PS Bendul Mrisi,2021-03-31,Beras,Kota Surabaya,kg,9500,False,9500,2021,3,Rabu,0,0,,0,1
PS Bendul Mrisi,2021-04-01,Beras,Kota Surabaya,kg,9400,False,9400,2021,4,Kamis,0,0,,0,1
PS Bendul Mrisi,2021-04-02,Beras,Kota Surabaya,kg,9400,False,9400,2021,4,Jumat,0,1,Wafat Yesus Kristus,0,1
PS Bendul Mrisi,2021-04-03,Beras,Kota Surabaya,kg,9500,False,9500,2021,4,Sabtu,1,0,,0,1
PS Bendul Mrisi,2021-04-04,Beras,Kota Surabaya,kg,9600,False,9600,2021,4,Minggu,1,0,,0,1
PS Bendul Mrisi,2021-04-05,Beras,Kota Surabaya,kg,9500,False,9500,2021,4,Senin,0,0,,0,1
PS Bendul Mrisi,2021-04-06,Beras,Kota Surabaya,kg,9500,False,9500,2021,4,Selasa,0,0,,0,1
PS Bendul Mrisi,2021-04-07,Beras,Kota Surabaya,kg,9700,False,9700,2021,4,Rabu,0,0,,0,1
PS Bendul Mrisi,2021-04-08,Beras,Kota Surabaya,kg,9600,False,9600,2021,4,Kamis,0,0,,0,1
PS Bendul Mrisi,2021-04-09,Beras,Kota Surabaya,kg,9600,False,9600,2021,4,Jumat,0,0,,0,1
PS Bendul Mrisi,2021-04-10,Beras,Kota Surabaya,kg,9600,False,9600,2021,4,Sabtu,1,0,,0,1
PS Bendul Mrisi,2021-04-11,Beras,Kota Surabaya,kg,9700,False,9700,2021,4,Minggu,1,0,,0,1
PS Bendul Mrisi,2021-04-12,Beras,Kota Surabaya,kg,9600,False,9600,2021,4,Senin,0,0,,0,1
PS Bendul Mrisi,2021-04-13,Beras,Kota Surabaya,kg,9500,False,9500,2021,4,Selasa,0,0,,1,0
PS Bendul Mrisi,2021-04-14,Beras,Kota Surabaya,kg,9500,False,9500,2021,4,Rabu,0,0,,1,0
PS Bendul Mrisi,2021-04-15,Beras,Kota Surabaya,kg,9700,False,9700,2021,4,Kamis,0,0,,1,0
PS Bendul Mrisi,2021-04-16,Beras,Kota Surabaya,kg,9400,False,9400,2021,4,Jumat,0,0,,1,0
PS Bendul Mrisi,2021-04-17,Beras,Kota Surabaya,kg,9500,False,9500,2021,4,Sabtu,1,0,,1,0
PS Bendul Mrisi,2021-04-18,Beras,Kota Surabaya,kg,9600,False,9600,2021,4,Minggu,1,0,,1,0
PS Bendul Mrisi,2021-04-19,Beras,Kota Surabaya,kg,9600,False,9600,2021,4,Senin,0,0,,1,0
PS Bendul Mrisi,2021-04-20,Beras,Kota Surabaya,kg,9600,False,9600,2021,4,Selasa,0,0,,1,0
PS Bendul Mrisi,2021-04-21,Beras,Kota Surabaya,kg,9500,False,9500,2021,4,Rabu,0,0,,1,0
PS Bendul Mrisi,2021-04-22,Beras,Kota Surabaya,kg,9500,False,9500,2021,4,Kamis,0,0,,1,0
PS Bendul Mrisi,2021-04-23,Beras,Kota Surabaya,kg,,True,9500,2021,4,Jumat,0,0,,1,0
PS Bendul Mrisi,2021-04-24,Beras,Kota Surabaya,kg,,True,9500,2021,4,Sabtu,1,0,,1,0
PS Bendul Mrisi,2021-04-25,Beras,Kota Surabaya,kg,,True,9500,2021,4,Minggu,1,0,,1,0
PS Bendul Mrisi,2021-04-26,Beras,Kota Surabaya,kg,9600,False,9600,2021,4,Senin,0,0,,1,0
PS Bendul Mrisi,2021-04-27,Beras,Kota Surabaya,kg,9600,False,9600,2021,4,Selasa,0,0,,1,0
PS Bendul Mrisi,2021-04-28,Beras,Kota Surabaya,kg,9800,False,9800,2021,4,Rabu,0,0,,1,0
PS Bendul Mrisi,2021-04-29,Beras,Kota Surabaya,kg,9800,False,9800,2021,4,Kamis,0,0,,1,0
PS Bendul Mrisi,2021-04-30,Beras,Kota Surabaya,kg,9800,False,9800,2021,4,Jumat,0,0,,1,0
PS Bendul Mrisi,2021-05-01,Beras,Kota Surabaya,kg,9600,False,9600,2021,5,Sabtu,1,1,Hari Buruh Internasional,1,0
PS Bendul Mrisi,2021-05-02,Beras,Kota Surabaya,kg,9500,False,9500,2021,5,Minggu,1,0,,1,0
PS Bendul Mrisi,2021-05-03,Beras,Kota Surabaya,kg,9600,False,9600,2021,5,Senin,0,0,,1,0
PS Bendul Mrisi,2021-05-04,Beras,Kota Surabaya,kg,9500,False,9500,2021,5,Selasa,0,0,,1,0
PS Bendul Mrisi,2021-05-05,Beras,Kota Surabaya,kg,9900,False,9900,2021,5,Rabu,0,0,,1,0
PS Bendul Mrisi,2021-05-06,Beras,Kota Surabaya,kg,9600,False,9600,2021,5,Kamis,0,0,,1,0
PS Bendul Mrisi,2021-05-07,Beras,Kota Surabaya,kg,9500,False,9500,2021,5,Jumat,0,0,,1,0
PS Bendul Mrisi,2021-05-08,Beras,Kota Surabaya,kg,9800,False,9800,2021,5,Sabtu,1,0,,1,0
PS Bendul Mrisi,2021-05-09,Beras,Kota Surabaya,kg,9800,False,9800,2021,5,Minggu,1,0,,1,0
PS Bendul Mrisi,2021-05-10,Beras,Kota Surabaya,kg,9800,False,9800,2021,5,Senin,0,0,,1,0
PS Bendul Mrisi,2021-05-11,Beras,Kota Surabaya,kg,9700,False,9700,2021,5,Selasa,0,0,,1,0
PS Bendul Mrisi,2021-05-12,Beras,Kota Surabaya,kg,9500,False,9500,2021,5,Rabu,0,1,Cuti Bersama Hari Raya Idul Fitri,1,0
PS Bendul Mrisi,2021-05-13,Beras,Kota Surabaya,kg,9600,False,9600,2021,5,Kamis,0,1,Hari Raya Idul Fitri; Kenaikan Yesus Kristus,0,0
PS Bendul Mrisi,2021-05-14,Beras,Kota Surabaya,kg,9700,False,9700,2021,5,Jumat,0,1,Hari kedua dari Hari Raya Idul Fitri,0,0
PS Bendul Mrisi,2021-05-15,Beras,Kota Surabaya,kg,9500,False,9500,2021,5,Sabtu,1,0,,0,0
PS Bendul Mrisi,2021-05-16,Beras,Kota Surabaya,kg,9800,False,9800,2021,5,Minggu,1,0,,0,0
PS Bendul Mrisi,2021-05-17,Beras,Kota Surabaya,kg,9700,False,9700,2021,5,Senin,0,0,,0,0
PS Bendul Mrisi,2021-05-18,Beras,Kota Surabaya,kg,9700,False,9700,2021,5,Selasa,0,0,,0,0
PS Bendul Mrisi,2021-05-19,Beras,Kota Surabaya,kg,9800,False,9800,2021,5,Rabu,0,0,,0,0
PS Bendul Mrisi,2021-05-20,Beras,Kota Surabaya,kg,9800,False,9800,2021,5,Kamis,0,0,,0,0
PS Bendul Mrisi,2021-05-21,Beras,Kota Surabaya,kg,9800,False,9800,2021,5,Jumat,0,0,,0,0
PS Bendul Mrisi,2021-05-22,Beras,Kota Surabaya,kg,9800,False,9800,2021,5,Sabtu,1,0,,0,0
PS Bendul Mrisi,2021-05-23,Beras,Kota Surabaya,kg,9700,False,9700,2021,5,Minggu,1,0,,0,0
PS Bendul Mrisi,2021-05-24,Beras,Kota Surabaya,kg,9800,False,9800,2021,5,Senin,0,0,,0,0
PS Bendul Mrisi,2021-05-25,Beras,Kota Surabaya,kg,9700,False,9700,2021,5,Selasa,0,0,,0,0
PS Bendul Mrisi,2021-05-26,Beras,Kota Surabaya,kg,9800,False,9800,2021,5,Rabu,0,1,Hari Raya Waisak,0,0
PS Bendul Mrisi,2021-05-27,Beras,Kota Surabaya,kg,9800,False,9800,2021,5,Kamis,0,0,,0,0
PS Bendul Mrisi,2021-05-28,Beras,Kota Surabaya,kg,9800,False,9800,2021,5,Jumat,0,0,,0,0
PS Bendul Mrisi,2021-05-29,Beras,Kota Surabaya,kg,9800,False,9800,2021,5,Sabtu,1,0,,0,0
PS Bendul Mrisi,2021-05-30,Beras,Kota Surabaya,kg,9900,False,9900,2021,5,Minggu,1,0,,0,0
PS Bendul Mrisi,2021-05-31,Beras,Kota Surabaya,kg,9800,False,9800,2021,5,Senin,0,0,,0,0
PS Bendul Mrisi,2021-06-01,Beras,Kota Surabaya,kg,9800,False,9800,2021,6,Selasa,0,1,Hari Lahir Pancasila,0,0
PS Bendul Mrisi,2021-06-02,Beras,Kota Surabaya,kg,9800,False,9800,2021,6,Rabu,0,0,,0,0
PS Bendul Mrisi,2021-06-03,Beras,Kota Surabaya,kg,9800,False,9800,2021,6,Kamis,0,0,,0,0
PS Bendul Mrisi,2021-06-04,Beras,Kota Surabaya,kg,9800,False,9800,2021,6,Jumat,0,0,,0,0
PS Bendul Mrisi,2021-06-05,Beras,Kota Surabaya,kg,9600,False,9600,2021,6,Sabtu,1,0,,0,0
PS Bendul Mrisi,2021-06-06,Beras,Kota Surabaya,kg,9600,False,9600,2021,6,Minggu,1,0,,0,0
PS Bendul Mrisi,2021-06-07,Beras,Kota Surabaya,kg,9800,False,9800,2021,6,Senin,0,0,,0,0
PS Bendul Mrisi,2021-06-08,Beras,Kota Surabaya,kg,9600,False,9600,2021,6,Selasa,0,0,,0,0
PS Bendul Mrisi,2021-06-09,Beras,Kota Surabaya,kg,9700,False,9700,2021,6,Rabu,0,0,,0,0
PS Bendul Mrisi,2021-06-10,Beras,Kota Surabaya,kg,9600,False,9600,2021,6,Kamis,0,0,,0,0
PS Bendul Mrisi,2021-06-11,Beras,Kota Surabaya,kg,9600,False,9600,2021,6,Jumat,0,0,,0,0
PS Bendul Mrisi,2021-06-12,Beras,Kota Surabaya,kg,9500,False,9500,2021,6,Sabtu,1,0,,0,0
PS Bendul Mrisi,2021-06-13,Beras,Kota Surabaya,kg,9800,False,9800,2021,6,Minggu,1,0,,0,0
PS Bendul Mrisi,2021-06-14,Beras,Kota Surabaya,kg,9500,False,9500,2021,6,Senin,0,0,,0,0
PS Bendul Mrisi,2021-06-15,Beras,Kota Surabaya,kg,9600,False,9600,2021,6,Selasa,0,0,,0,0
PS Bendul Mrisi,2021-06-16,Beras,Kota Surabaya,kg,9800,False,9800,2021,6,Rabu,0,0,,0,0
PS Bendul Mrisi,2021-06-17,Beras,Kota Surabaya,kg,9800,False,9800,2021,6,Kamis,0,0,,0,0
PS Bendul Mrisi,2021-06-18,Beras,Kota Surabaya,kg,9800,False,9800,2021,6,Jumat,0,0,,0,0
PS Bendul Mrisi,2021-06-19,Beras,Kota Surabaya,kg,9600,False,9600,2021,6,Sabtu,1,0,,0,0
PS Bendul Mrisi,2021-06-20,Beras,Kota Surabaya,kg,9900,False,9900,2021,6,Minggu,1,0,,0,0
PS Bendul Mrisi,2021-06-21,Beras,Kota Surabaya,kg,9800,False,9800,2021,6,Senin,0,0,,0,0
PS Bendul Mrisi,2021-06-22,Beras,Kota Surabaya,kg,9800,False,9800,2021,6,Selasa,0,0,,0,0
PS Bendul Mrisi,2021-06-23,Beras,Kota Surabaya,kg,9600,False,9600,2021,6,Rabu,0,0,,0,0
PS Bendul Mrisi,2021-06-24,Beras,Kota Surabaya,kg,9800,False,9800,2021,6,Kamis,0,0,,0,0
PS Bendul Mrisi,2021-06-25,Beras,Kota Surabaya,kg,9900,False,9900,2021,6,Jumat,0,0,,0,0
PS Bendul Mrisi,2021-06-26,Beras,Kota Surabaya,kg,9900,False,9900,2021,6,Sabtu,1,0,,0,0
PS Bendul Mrisi,2021-06-27,Beras,Kota Surabaya,kg,9900,False,9900,2021,6,Minggu,1,0,,0,0
PS Bendul Mrisi,2021-06-28,Beras,Kota Surabaya,kg,9900,False,9900,2021,6,Senin,0,0,,0,0
PS Bendul Mrisi,2021-06-29,Beras,Kota Surabaya,kg,9900,False,9900,2021,6,Selasa,0,0,,0,0
PS Bendul Mrisi,2021-06-30,Beras,Kota Surabaya,kg,9900,False,9900,2021,6,Rabu,0,0,,0,0
PS Bendul Mrisi,2021-07-01,Beras,Kota Surabaya,kg,9800,False,9800,2021,7,Kamis,0,0,,0,0
PS Bendul Mrisi,2021-07-02,Beras,Kota Surabaya,kg,9800,False,9800,2021,7,Jumat,0,0,,0,0
PS Bendul Mrisi,2021-07-03,Beras,Kota Surabaya,kg,9800,False,9800,2021,7,Sabtu,1,0,,0,0
PS Bendul Mrisi,2021-07-04,Beras,Kota Surabaya,kg,9800,False,9800,2021,7,Minggu,1,0,,0,0
PS Bendul Mrisi,2021-07-05,Beras,Kota Surabaya,kg,9800,False,9800,2021,7,Senin,0,0,,0,0
PS Bendul Mrisi,2021-07-06,Beras,Kota Surabaya,kg,9800,False,9800,2021,7,Selasa,0,0,,0,0
PS Bendul Mrisi,2021-07-07,Beras,Kota Surabaya,kg,9800,False,9800,2021,7,Rabu,0,0,,0,0
PS Bendul Mrisi,2021-07-08,Beras,Kota Surabaya,kg,9700,False,9700,2021,7,Kamis,0,0,,0,0
PS Bendul Mrisi,2021-07-09,Beras,Kota Surabaya,kg,9800,False,9800,2021,7,Jumat,0,0,,0,0
PS Bendul Mrisi,2021-07-10,Beras,Kota Surabaya,kg,9800,False,9800,2021,7,Sabtu,1,0,,0,0
PS Bendul Mrisi,2021-07-11,Beras,Kota Surabaya,kg,9700,False,9700,2021,7,Minggu,1,0,,0,0
PS Bendul Mrisi,2021-07-12,Beras,Kota Surabaya,kg,9700,False,9700,2021,7,Senin,0,0,,0,0
PS Bendul Mrisi,2021-07-13,Beras,Kota Surabaya,kg,9500,False,9500,2021,7,Selasa,0,0,,0,0
PS Bendul Mrisi,2021-07-14,Beras,Kota Surabaya,kg,9600,False,9600,2021,7,Rabu,0,0,,0,0
PS Bendul Mrisi,2021-07-15,Beras,Kota Surabaya,kg,9800,False,9800,2021,7,Kamis,0,0,,0,0
PS Bendul Mrisi,2021-07-16,Beras,Kota Surabaya,kg,9700,False,9700,2021,7,Jumat,0,0,,0,0
PS Bendul Mrisi,2021-07-17,Beras,Kota Surabaya,kg,9800,False,9800,2021,7,Sabtu,1,0,,0,0
PS Bendul Mrisi,2021-07-18,Beras,Kota Surabaya,kg,9800,False,9800,2021,7,Minggu,1,0,,0,0
PS Bendul Mrisi,2021-07-19,Beras,Kota Surabaya,kg,9800,False,9800,2021,7,Senin,0,0,,0,0
PS Bendul Mrisi,2021-07-20,Beras,Kota Surabaya,kg,9700,False,9700,2021,7,Selasa,0,1,Hari Raya Idul Adha,0,0
PS Bendul Mrisi,2021-07-21,Beras,Kota Surabaya,kg,9700,False,9700,2021,7,Rabu,0,0,,0,0
PS Bendul Mrisi,2021-07-22,Beras,Kota Surabaya,kg,9700,False,9700,2021,7,Kamis,0,0,,0,0
PS Bendul Mrisi,2021-07-23,Beras,Kota Surabaya,kg,9700,False,9700,2021,7,Jumat,0,0,,0,0
PS Bendul Mrisi,2021-07-24,Beras,Kota Surabaya,kg,9800,False,9800,2021,7,Sabtu,1,0,,0,0
PS Bendul Mrisi,2021-07-25,Beras,Kota Surabaya,kg,9800,False,9800,2021,7,Minggu,1,0,,0,0
PS Bendul Mrisi,2021-07-26,Beras,Kota Surabaya,kg,9700,False,9700,2021,7,Senin,0,0,,0,0
PS Bendul Mrisi,2021-07-27,Beras,Kota Surabaya,kg,9800,False,9800,2021,7,Selasa,0,0,,0,0
PS Bendul Mrisi,2021-07-28,Beras,Kota Surabaya,kg,9800,False,9800,2021,7,Rabu,0,0,,0,0
PS Bendul Mrisi,2021-07-29,Beras,Kota Surabaya,kg,9700,False,9700,2021,7,Kamis,0,0,,0,0
PS Bendul Mrisi,2021-07-30,Beras,Kota Surabaya,kg,9600,False,9600,2021,7,Jumat,0,0,,0,0
PS Bendul Mrisi,2021-07-31,Beras,Kota Surabaya,kg,9800,False,9800,2021,7,Sabtu,1,0,,0,0
PS Bendul Mrisi,2021-08-01,Beras,Kota Surabaya,kg,9700,False,9700,2021,8,Minggu,1,0,,0,0
PS Bendul Mrisi,2021-08-02,Beras,Kota Surabaya,kg,9600,False,9600,2021,8,Senin,0,0,,0,0
PS Bendul Mrisi,2021-08-03,Beras,Kota Surabaya,kg,9800,False,9800,2021,8,Selasa,0,0,,0,0
PS Bendul Mrisi,2021-08-04,Beras,Kota Surabaya,kg,,True,9800,2021,8,Rabu,0,0,,0,0
PS Bendul Mrisi,2021-08-05,Beras,Kota Surabaya,kg,,True,9800,2021,8,Kamis,0,0,,0,0
PS Bendul Mrisi,2021-08-06,Beras,Kota Surabaya,kg,,True,9800,2021,8,Jumat,0,0,,0,0
PS Bendul Mrisi,2021-08-07,Beras,Kota Surabaya,kg,,True,9800,2021,8,Sabtu,1,0,,0,0
PS Bendul Mrisi,2021-08-08,Beras,Kota Surabaya,kg,,True,9800,2021,8,Minggu,1,0,,0,0
PS Bendul Mrisi,2021-08-09,Beras,Kota Surabaya,kg,,True,9800,2021,8,Senin,0,0,,0,0
PS Bendul Mrisi,2021-08-10,Beras,Kota Surabaya,kg,,True,9800,2021,8,Selasa,0,0,,0,0
PS Bendul Mrisi,2021-08-11,Beras,Kota Surabaya,kg,,True,9800,2021,8,Rabu,0,1,Tahun Baru Islam,0,0
PS Bendul Mrisi,2021-08-12,Beras,Kota Surabaya,kg,,True,9800,2021,8,Kamis,0,0,,0,0
PS Bendul Mrisi,2021-08-13,Beras,Kota Surabaya,kg,,True,9800,2021,8,Jumat,0,0,,0,0
PS Bendul Mrisi,2021-08-14,Beras,Kota Surabaya,kg,,True,9800,2021,8,Sabtu,1,0,,0,0
PS Bendul Mrisi,2021-08-15,Beras,Kota Surabaya,kg,9600,False,9600,2021,8,Minggu,1,0,,0,0
PS Bendul Mrisi,2021-08-16,Beras,Kota Surabaya,kg,9500,False,9500,2021,8,Senin,0,0,,0,0
PS Bendul Mrisi,2021-08-17,Beras,Kota Surabaya,kg,9500,False,9500,2021,8,Selasa,0,1,Hari Kemerdekaan Republik Indonesia,0,0
PS Bendul Mrisi,2021-08-18,Beras,Kota Surabaya,kg,9600,False,9600,2021,8,Rabu,0,0,,0,0
PS Bendul Mrisi,2021-08-19,Beras,Kota Surabaya,kg,9600,False,9600,2021,8,Kamis,0,0,,0,0
PS Bendul Mrisi,2021-08-20,Beras,Kota Surabaya,kg,9600,False,9600,2021,8,Jumat,0,0,,0,0
PS Bendul Mrisi,2021-08-21,Beras,Kota Surabaya,kg,9700,False,9700,2021,8,Sabtu,1,0,,0,0
PS Bendul Mrisi,2021-08-22,Beras,Kota Surabaya,kg,9700,False,9700,2021,8,Minggu,1,0,,0,0
PS Bendul Mrisi,2021-08-23,Beras,Kota Surabaya,kg,9600,False,9600,2021,8,Senin,0,0,,0,0
PS Bendul Mrisi,2021-08-24,Beras,Kota Surabaya,kg,9600,False,9600,2021,8,Selasa,0,0,,0,0
PS Bendul Mrisi,2021-08-25,Beras,Kota Surabaya,kg,9600,False,9600,2021,8,Rabu,0,0,,0,0
PS Bendul Mrisi,2021-08-26,Beras,Kota Surabaya,kg,9600,False,9600,2021,8,Kamis,0,0,,0,0
PS Bendul Mrisi,2021-08-27,Beras,Kota Surabaya,kg,9500,False,9500,2021,8,Jumat,0,0,,0,0
PS Bendul Mrisi,2021-08-28,Beras,Kota Surabaya,kg,9500,False,9500,2021,8,Sabtu,1,0,,0,0
PS Bendul Mrisi,2021-08-29,Beras,Kota Surabaya,kg,9600,False,9600,2021,8,Minggu,1,0,,0,0
PS Bendul Mrisi,2021-08-30,Beras,Kota Surabaya,kg,9500,False,9500,2021,8,Senin,0,0,,0,0
PS Bendul Mrisi,2021-08-31,Beras,Kota Surabaya,kg,9500,False,9500,2021,8,Selasa,0,0,,0,0
PS Bendul Mrisi,2021-09-01,Beras,Kota Surabaya,kg,9600,False,9600,2021,9,Rabu,0,0,,0,0
PS Bendul Mrisi,2021-09-02,Beras,Kota Surabaya,kg,9500,False,9500,2021,9,Kamis,0,0,,0,0
PS Bendul Mrisi,2021-09-03,Beras,Kota Surabaya,kg,9600,False,9600,2021,9,Jumat,0,0,,0,0
PS Bendul Mrisi,2021-09-04,Beras,Kota Surabaya,kg,9500,False,9500,2021,9,Sabtu,1,0,,0,0
PS Bendul Mrisi,2021-09-05,Beras,Kota Surabaya,kg,9600,False,9600,2021,9,Minggu,1,0,,0,0
PS Bendul Mrisi,2021-09-06,Beras,Kota Surabaya,kg,9500,False,9500,2021,9,Senin,0,0,,0,0
PS Bendul Mrisi,2021-09-07,Beras,Kota Surabaya,kg,9600,False,9600,2021,9,Selasa,0,0,,0,0
PS Bendul Mrisi,2021-09-08,Beras,Kota Surabaya,kg,9600,False,9600,2021,9,Rabu,0,0,,0,0
PS Bendul Mrisi,2021-09-09,Beras,Kota Surabaya,kg,9600,False,9600,2021,9,Kamis,0,0,,0,0
PS Bendul Mrisi,2021-09-10,Beras,Kota Surabaya,kg,9600,False,9600,2021,9,Jumat,0,0,,0,0
PS Bendul Mrisi,2021-09-11,Beras,Kota Surabaya,kg,9700,False,9700,2021,9,Sabtu,1,0,,0,0
PS Bendul Mrisi,2021-09-12,Beras,Kota Surabaya,kg,9600,False,9600,2021,9,Minggu,1,0,,0,0
PS Bendul Mrisi,2021-09-13,Beras,Kota Surabaya,kg,9600,False,9600,2021,9,Senin,0,0,,0,0
PS Bendul Mrisi,2021-09-14,Beras,Kota Surabaya,kg,9600,False,9600,2021,9,Selasa,0,0,,0,0
PS Bendul Mrisi,2021-09-15,Beras,Kota Surabaya,kg,9600,False,9600,2021,9,Rabu,0,0,,0,0
PS Bendul Mrisi,2021-09-16,Beras,Kota Surabaya,kg,9600,False,9600,2021,9,Kamis,0,0,,0,0
PS Bendul Mrisi,2021-09-17,Beras,Kota Surabaya,kg,9700,False,9700,2021,9,Jumat,0,0,,0,0
PS Bendul Mrisi,2021-09-18,Beras,Kota Surabaya,kg,8700,False,8700,2021,9,Sabtu,1,0,,0,0
PS Bendul Mrisi,2021-09-19,Beras,Kota Surabaya,kg,9700,False,9700,2021,9,Minggu,1,0,,0,0
PS Bendul Mrisi,2021-09-20,Beras,Kota Surabaya,kg,9600,False,9600,2021,9,Senin,0,0,,0,0
PS Bendul Mrisi,2021-09-21,Beras,Kota Surabaya,kg,9800,False,9800,2021,9,Selasa,0,0,,0,0
PS Bendul Mrisi,2021-09-22,Beras,Kota Surabaya,kg,9800,False,9800,2021,9,Rabu,0,0,,0,0
PS Bendul Mrisi,2021-09-23,Beras,Kota Surabaya,kg,9800,False,9800,2021,9,Kamis,0,0,,0,0
PS Bendul Mrisi,2021-09-24,Beras,Kota Surabaya,kg,,True,9800,2021,9,Jumat,0,0,,0,0
PS Bendul Mrisi,2021-09-25,Beras,Kota Surabaya,kg,,True,9800,2021,9,Sabtu,1,0,,0,0
PS Bendul Mrisi,2021-09-26,Beras,Kota Surabaya,kg,,True,9800,2021,9,Minggu,1,0,,0,0
PS Bendul Mrisi,2021-09-27,Beras,Kota Surabaya,kg,,True,9800,2021,9,Senin,0,0,,0,0
PS Bendul Mrisi,2021-09-28,Beras,Kota Surabaya,kg,9600,False,9600,2021,9,Selasa,0,0,,0,0
PS Bendul Mrisi,2021-09-29,Beras,Kota Surabaya,kg,9600,False,9600,2021,9,Rabu,0,0,,0,0
PS Bendul Mrisi,2021-09-30,Beras,Kota Surabaya,kg,9600,False,9600,2021,9,Kamis,0,0,,0,0
PS Bendul Mrisi,2021-10-01,Beras,Kota Surabaya,kg,9400,False,9400,2021,10,Jumat,0,0,,0,0
PS Bendul Mrisi,2021-10-02,Beras,Kota Surabaya,kg,9500,False,9500,2021,10,Sabtu,1,0,,0,0
PS Bendul Mrisi,2021-10-03,Beras,Kota Surabaya,kg,9500,False,9500,2021,10,Minggu,1,0,,0,0
PS Bendul Mrisi,2021-10-04,Beras,Kota Surabaya,kg,9400,False,9400,2021,10,Senin,0,0,,0,0
PS Bendul Mrisi,2021-10-05,Beras,Kota Surabaya,kg,9600,False,9600,2021,10,Selasa,0,0,,0,0
PS Bendul Mrisi,2021-10-06,Beras,Kota Surabaya,kg,9600,False,9600,2021,10,Rabu,0,0,,0,0
PS Bendul Mrisi,2021-10-07,Beras,Kota Surabaya,kg,9600,False,9600,2021,10,Kamis,0,0,,0,0
PS Bendul Mrisi,2021-10-08,Beras,Kota Surabaya,kg,9600,False,9600,2021,10,Jumat,0,0,,0,0
PS Bendul Mrisi,2021-10-09,Beras,Kota Surabaya,kg,9700,False,9700,2021,10,Sabtu,1,0,,0,0
PS Bendul Mrisi,2021-10-10,Beras,Kota Surabaya,kg,9600,False,9600,2021,10,Minggu,1,0,,0,0
PS Bendul Mrisi,2021-10-11,Beras,Kota Surabaya,kg,9800,False,9800,2021,10,Senin,0,0,,0,0
PS Bendul Mrisi,2021-10-12,Beras,Kota Surabaya,kg,9800,False,9800,2021,10,Selasa,0,0,,0,0
PS Bendul Mrisi,2021-10-13,Beras,Kota Surabaya,kg,9800,False,9800,2021,10,Rabu,0,0,,0,0
PS Bendul Mrisi,2021-10-14,Beras,Kota Surabaya,kg,9400,False,9400,2021,10,Kamis,0,0,,0,0
PS Bendul Mrisi,2021-10-15,Beras,Kota Surabaya,kg,9600,False,9600,2021,10,Jumat,0,0,,0,0
PS Bendul Mrisi,2021-10-16,Beras,Kota Surabaya,kg,9400,False,9400,2021,10,Sabtu,1,0,,0,0
PS Bendul Mrisi,2021-10-17,Beras,Kota Surabaya,kg,9400,False,9400,2021,10,Minggu,1,0,,0,0
PS Bendul Mrisi,2021-10-18,Beras,Kota Surabaya,kg,9400,False,9400,2021,10,Senin,0,0,,0,0
PS Bendul Mrisi,2021-10-19,Beras,Kota Surabaya,kg,9400,False,9400,2021,10,Selasa,0,0,,0,0
PS Bendul Mrisi,2021-10-20,Beras,Kota Surabaya,kg,9400,False,9400,2021,10,Rabu,0,1,Maulid Nabi Muhammad,0,0
PS Bendul Mrisi,2021-10-21,Beras,Kota Surabaya,kg,,True,9400,2021,10,Kamis,0,0,,0,0
PS Bendul Mrisi,2021-10-22,Beras,Kota Surabaya,kg,9400,False,9400,2021,10,Jumat,0,0,,0,0
PS Bendul Mrisi,2021-10-23,Beras,Kota Surabaya,kg,9600,False,9600,2021,10,Sabtu,1,0,,0,0
PS Bendul Mrisi,2021-10-24,Beras,Kota Surabaya,kg,9400,False,9400,2021,10,Minggu,1,0,,0,0
PS Bendul Mrisi,2021-10-25,Beras,Kota Surabaya,kg,9400,False,9400,2021,10,Senin,0,0,,0,0
PS Bendul Mrisi,2021-10-26,Beras,Kota Surabaya,kg,9400,False,9400,2021,10,Selasa,0,0,,0,0
PS Bendul Mrisi,2021-10-27,Beras,Kota Surabaya,kg,9600,False,9600,2021,10,Rabu,0,0,,0,0
PS Bendul Mrisi,2021-10-28,Beras,Kota Surabaya,kg,9600,False,9600,2021,10,Kamis,0,0,,0,0
PS Bendul Mrisi,2021-10-29,Beras,Kota Surabaya,kg,9600,False,9600,2021,10,Jumat,0,0,,0,0
PS Bendul Mrisi,2021-10-30,Beras,Kota Surabaya,kg,9600,False,9600,2021,10,Sabtu,1,0,,0,0
PS Bendul Mrisi,2021-10-31,Beras,Kota Surabaya,kg,9600,False,9600,2021,10,Minggu,1,0,,0,0
PS Bendul Mrisi,2021-11-01,Beras,Kota Surabaya,kg,9400,False,9400,2021,11,Senin,0,0,,0,0
PS Bendul Mrisi,2021-11-02,Beras,Kota Surabaya,kg,9400,False,9400,2021,11,Selasa,0,0,,0,0
PS Bendul Mrisi,2021-11-03,Beras,Kota Surabaya,kg,9400,False,9400,2021,11,Rabu,0,0,,0,0
PS Bendul Mrisi,2021-11-04,Beras,Kota Surabaya,kg,9600,False,9600,2021,11,Kamis,0,0,,0,0
PS Bendul Mrisi,2021-11-05,Beras,Kota Surabaya,kg,9600,False,9600,2021,11,Jumat,0,0,,0,0
PS Bendul Mrisi,2021-11-06,Beras,Kota Surabaya,kg,9600,False,9600,2021,11,Sabtu,1,0,,0,0
PS Bendul Mrisi,2021-11-07,Beras,Kota Surabaya,kg,9400,False,9400,2021,11,Minggu,1,0,,0,0
PS Bendul Mrisi,2021-11-08,Beras,Kota Surabaya,kg,9500,False,9500,2021,11,Senin,0,0,,0,0
PS Bendul Mrisi,2021-11-09,Beras,Kota Surabaya,kg,9400,False,9400,2021,11,Selasa,0,0,,0,0
PS Bendul Mrisi,2021-11-10,Beras,Kota Surabaya,kg,9500,False,9500,2021,11,Rabu,0,0,,0,0
PS Bendul Mrisi,2021-11-11,Beras,Kota Surabaya,kg,9900,False,9900,2021,11,Kamis,0,0,,0,0
PS Bendul Mrisi,2021-11-12,Beras,Kota Surabaya,kg,9400,False,9400,2021,11,Jumat,0,0,,0,0
PS Bendul Mrisi,2021-11-13,Beras,Kota Surabaya,kg,9600,False,9600,2021,11,Sabtu,1,0,,0,0
PS Bendul Mrisi,2021-11-14,Beras,Kota Surabaya,kg,9500,False,9500,2021,11,Minggu,1,0,,0,0
PS Bendul Mrisi,2021-11-15,Beras,Kota Surabaya,kg,9400,False,9400,2021,11,Senin,0,0,,0,0
PS Bendul Mrisi,2021-11-16,Beras,Kota Surabaya,kg,9400,False,9400,2021,11,Selasa,0,0,,0,0
PS Bendul Mrisi,2021-11-17,Beras,Kota Surabaya,kg,9400,False,9400,2021,11,Rabu,0,0,,0,0
PS Bendul Mrisi,2021-11-18,Beras,Kota Surabaya,kg,9600,False,9600,2021,11,Kamis,0,0,,0,0
PS Bendul Mrisi,2021-11-19,Beras,Kota Surabaya,kg,9400,False,9400,2021,11,Jumat,0,0,,0,0
PS Bendul Mrisi,2021-11-20,Beras,Kota Surabaya,kg,9400,False,9400,2021,11,Sabtu,1,0,,0,0
PS Bendul Mrisi,2021-11-21,Beras,Kota Surabaya,kg,9600,False,9600,2021,11,Minggu,1,0,,0,0
PS Bendul Mrisi,2021-11-22,Beras,Kota Surabaya,kg,9400,False,9400,2021,11,Senin,0,0,,0,0
PS Bendul Mrisi,2021-11-23,Beras,Kota Surabaya,kg,9400,False,9400,2021,11,Selasa,0,0,,0,0
PS Bendul Mrisi,2021-11-24,Beras,Kota Surabaya,kg,9500,False,9500,2021,11,Rabu,0,0,,0,0
PS Bendul Mrisi,2021-11-25,Beras,Kota Surabaya,kg,9400,False,9400,2021,11,Kamis,0,0,,0,0
PS Bendul Mrisi,2021-11-26,Beras,Kota Surabaya,kg,9400,False,9400,2021,11,Jumat,0,0,,0,0
PS Bendul Mrisi,2021-11-27,Beras,Kota Surabaya,kg,9600,False,9600,2021,11,Sabtu,1,0,,0,0
PS Bendul Mrisi,2021-11-28,Beras,Kota Surabaya,kg,9400,False,9400,2021,11,Minggu,1,0,,0,0
PS Bendul Mrisi,2021-11-29,Beras,Kota Surabaya,kg,9400,False,9400,2021,11,Senin,0,0,,0,0
PS Bendul Mrisi,2021-11-30,Beras,Kota Surabaya,kg,9500,False,9500,2021,11,Selasa,0,0,,0,0
PS Bendul Mrisi,2021-12-01,Beras,Kota Surabaya,kg,9600,False,9600,2021,12,Rabu,0,0,,0,0
PS Bendul Mrisi,2021-12-02,Beras,Kota Surabaya,kg,9400,False,9400,2021,12,Kamis,0,0,,0,0
PS Bendul Mrisi,2021-12-03,Beras,Kota Surabaya,kg,9400,False,9400,2021,12,Jumat,0,0,,0,0
PS Bendul Mrisi,2021-12-04,Beras,Kota Surabaya,kg,9600,False,9600,2021,12,Sabtu,1,0,,0,0
PS Bendul Mrisi,2021-12-05,Beras,Kota Surabaya,kg,9400,False,9400,2021,12,Minggu,1,0,,0,0
PS Bendul Mrisi,2021-12-06,Beras,Kota Surabaya,kg,9400,False,9400,2021,12,Senin,0,0,,0,0
PS Bendul Mrisi,2021-12-07,Beras,Kota Surabaya,kg,9600,False,9600,2021,12,Selasa,0,0,,0,0
PS Bendul Mrisi,2021-12-08,Beras,Kota Surabaya,kg,9600,False,9600,2021,12,Rabu,0,0,,0,0
PS Bendul Mrisi,2021-12-09,Beras,Kota Surabaya,kg,9700,False,9700,2021,12,Kamis,0,0,,0,0
PS Bendul Mrisi,2021-12-10,Beras,Kota Surabaya,kg,9400,False,9400,2021,12,Jumat,0,0,,0,0
PS Bendul Mrisi,2021-12-11,Beras,Kota Surabaya,kg,9400,False,9400,2021,12,Sabtu,1,0,,0,0
PS Bendul Mrisi,2021-12-12,Beras,Kota Surabaya,kg,9400,False,9400,2021,12,Minggu,1,0,,0,0
PS Bendul Mrisi,2021-12-13,Beras,Kota Surabaya,kg,9600,False,9600,2021,12,Senin,0,0,,0,0
PS Bendul Mrisi,2021-12-14,Beras,Kota Surabaya,kg,9600,False,9600,2021,12,Selasa,0,0,,0,0
PS Bendul Mrisi,2021-12-15,Beras,Kota Surabaya,kg,9600,False,9600,2021,12,Rabu,0,0,,0,0
PS Bendul Mrisi,2021-12-16,Beras,Kota Surabaya,kg,9600,False,9600,2021,12,Kamis,0,0,,0,0
PS Bendul Mrisi,2021-12-17,Beras,Kota Surabaya,kg,9700,False,9700,2021,12,Jumat,0,0,,0,0
PS Bendul Mrisi,2021-12-18,Beras,Kota Surabaya,kg,9600,False,9600,2021,12,Sabtu,1,0,,0,0
PS Bendul Mrisi,2021-12-19,Beras,Kota Surabaya,kg,9400,False,9400,2021,12,Minggu,1,0,,0,0
PS Bendul Mrisi,2021-12-20,Beras,Kota Surabaya,kg,9600,False,9600,2021,12,Senin,0,0,,0,0
PS Bendul Mrisi,2021-12-21,Beras,Kota Surabaya,kg,9600,False,9600,2021,12,Selasa,0,0,,0,0
PS Bendul Mrisi,2021-12-22,Beras,Kota Surabaya,kg,9500,False,9500,2021,12,Rabu,0,0,,0,0
PS Bendul Mrisi,2021-12-23,Beras,Kota Surabaya,kg,9600,False,9600,2021,12,Kamis,0,0,,0,0
PS Bendul Mrisi,2021-12-24,Beras,Kota Surabaya,kg,9600,False,9600,2021,12,Jumat,0,0,,0,0
PS Bendul Mrisi,2021-12-25,Beras,Kota Surabaya,kg,9600,False,9600,2021,12,Sabtu,1,1,Hari Raya Natal,0,0
PS Bendul Mrisi,2021-12-26,Beras,Kota Surabaya,kg,9500,False,9500,2021,12,Minggu,1,0,,0,0
PS Bendul Mrisi,2021-12-27,Beras,Kota Surabaya,kg,9500,False,9500,2021,12,Senin,0,0,,0,0
PS Bendul Mrisi,2021-12-28,Beras,Kota Surabaya,kg,9400,False,9400,2021,12,Selasa,0,0,,0,0
PS Bendul Mrisi,2021-12-29,Beras,Kota Surabaya,kg,,True,9400,2021,12,Rabu,0,0,,0,0
PS Bendul Mrisi,2021-12-30,Beras,Kota Surabaya,kg,9400,False,9400,2021,12,Kamis,0,0,,0,0
PS Bendul Mrisi,2021-12-31,Beras,Kota Surabaya,kg,9600,False,9600,2021,12,Jumat,0,0,,0,0
PS Bendul Mrisi,2022-01-01,Beras,Kota Surabaya,kg,9400,False,9400,2022,1,Sabtu,1,1,Tahun Baru Masehi,0,0
PS Bendul Mrisi,2022-01-02,Beras,Kota Surabaya,kg,9400,False,9400,2022,1,Minggu,1,0,,0,0
PS Bendul Mrisi,2022-01-03,Beras,Kota Surabaya,kg,9600,False,9600,2022,1,Senin,0,0,,0,0
PS Bendul Mrisi,2022-01-04,Beras,Kota Surabaya,kg,9600,False,9600,2022,1,Selasa,0,0,,0,0
PS Bendul Mrisi,2022-01-05,Beras,Kota Surabaya,kg,9600,False,9600,2022,1,Rabu,0,0,,0,0
PS Bendul Mrisi,2022-01-06,Beras,Kota Surabaya,kg,9500,False,9500,2022,1,Kamis,0,0,,0,0
PS Bendul Mrisi,2022-01-07,Beras,Kota Surabaya,kg,9400,False,9400,2022,1,Jumat,0,0,,0,0
PS Bendul Mrisi,2022-01-08,Beras,Kota Surabaya,kg,9400,False,9400,2022,1,Sabtu,1,0,,0,0
PS Bendul Mrisi,2022-01-09,Beras,Kota Surabaya,kg,9400,False,9400,2022,1,Minggu,1,0,,0,0
PS Bendul Mrisi,2022-01-10,Beras,Kota Surabaya,kg,9500,False,9500,2022,1,Senin,0,0,,0,0
PS Bendul Mrisi,2022-01-11,Beras,Kota Surabaya,kg,9400,False,9400,2022,1,Selasa,0,0,,0,0
PS Bendul Mrisi,2022-01-12,Beras,Kota Surabaya,kg,9400,False,9400,2022,1,Rabu,0,0,,0,0
PS Bendul Mrisi,2022-01-13,Beras,Kota Surabaya,kg,9400,False,9400,2022,1,Kamis,0,0,,0,0
PS Bendul Mrisi,2022-01-14,Beras,Kota Surabaya,kg,9400,False,9400,2022,1,Jumat,0,0,,0,0
PS Bendul Mrisi,2022-01-15,Beras,Kota Surabaya,kg,9400,False,9400,2022,1,Sabtu,1,0,,0,0
PS Bendul Mrisi,2022-01-16,Beras,Kota Surabaya,kg,9400,False,9400,2022,1,Minggu,1,0,,0,0
PS Bendul Mrisi,2022-01-17,Beras,Kota Surabaya,kg,9400,False,9400,2022,1,Senin,0,0,,0,0
PS Bendul Mrisi,2022-01-18,Beras,Kota Surabaya,kg,9400,False,9400,2022,1,Selasa,0,0,,0,0
PS Bendul Mrisi,2022-01-19,Beras,Kota Surabaya,kg,9400,False,9400,2022,1,Rabu,0,0,,0,0
PS Bendul Mrisi,2022-01-20,Beras,Kota Surabaya,kg,9400,False,9400,2022,1,Kamis,0,0,,0,0
PS Bendul Mrisi,2022-01-21,Beras,Kota Surabaya,kg,9400,False,9400,2022,1,Jumat,0,0,,0,0
PS Bendul Mrisi,2022-01-22,Beras,Kota Surabaya,kg,9500,False,9500,2022,1,Sabtu,1,0,,0,0
PS Bendul Mrisi,2022-01-23,Beras,Kota Surabaya,kg,9400,False,9400,2022,1,Minggu,1,0,,0,0
PS Bendul Mrisi,2022-01-24,Beras,Kota Surabaya,kg,9600,False,9600,2022,1,Senin,0,0,,0,0
PS Bendul Mrisi,2022-01-25,Beras,Kota Surabaya,kg,9400,False,9400,2022,1,Selasa,0,0,,0,0
PS Bendul Mrisi,2022-01-26,Beras,Kota Surabaya,kg,9500,False,9500,2022,1,Rabu,0,0,,0,0
PS Bendul Mrisi,2022-01-27,Beras,Kota Surabaya,kg,9400,False,9400,2022,1,Kamis,0,0,,0,0
PS Bendul Mrisi,2022-01-28,Beras,Kota Surabaya,kg,9400,False,9400,2022,1,Jumat,0,0,,0,0
PS Bendul Mrisi,2022-01-29,Beras,Kota Surabaya,kg,9400,False,9400,2022,1,Sabtu,1,0,,0,0
PS Bendul Mrisi,2022-01-30,Beras,Kota Surabaya,kg,9400,False,9400,2022,1,Minggu,1,0,,0,0
PS Bendul Mrisi,2022-01-31,Beras,Kota Surabaya,kg,9400,False,9400,2022,1,Senin,0,0,,0,0
PS Bendul Mrisi,2022-02-01,Beras,Kota Surabaya,kg,9400,False,9400,2022,2,Selasa,0,1,Tahun Baru Imlek,0,0
PS Bendul Mrisi,2022-02-02,Beras,Kota Surabaya,kg,9400,False,9400,2022,2,Rabu,0,0,,0,0
PS Bendul Mrisi,2022-02-03,Beras,Kota Surabaya,kg,9400,False,9400,2022,2,Kamis,0,0,,0,0
PS Bendul Mrisi,2022-02-04,Beras,Kota Surabaya,kg,9400,False,9400,2022,2,Jumat,0,0,,0,0
PS Bendul Mrisi,2022-02-05,Beras,Kota Surabaya,kg,9400,False,9400,2022,2,Sabtu,1,0,,0,0
PS Bendul Mrisi,2022-02-06,Beras,Kota Surabaya,kg,9400,False,9400,2022,2,Minggu,1,0,,0,0
PS Bendul Mrisi,2022-02-07,Beras,Kota Surabaya,kg,9400,False,9400,2022,2,Senin,0,0,,0,0
PS Bendul Mrisi,2022-02-08,Beras,Kota Surabaya,kg,9400,False,9400,2022,2,Selasa,0,0,,0,0
PS Bendul Mrisi,2022-02-09,Beras,Kota Surabaya,kg,9400,False,9400,2022,2,Rabu,0,0,,0,0
PS Bendul Mrisi,2022-02-10,Beras,Kota Surabaya,kg,,True,9400,2022,2,Kamis,0,0,,0,0
PS Bendul Mrisi,2022-02-11,Beras,Kota Surabaya,kg,9400,False,9400,2022,2,Jumat,0,0,,0,0
PS Bendul Mrisi,2022-02-12,Beras,Kota Surabaya,kg,9400,False,9400,2022,2,Sabtu,1,0,,0,0
PS Bendul Mrisi,2022-02-13,Beras,Kota Surabaya,kg,9400,False,9400,2022,2,Minggu,1,0,,0,0
PS Bendul Mrisi,2022-02-14,Beras,Kota Surabaya,kg,9500,False,9500,2022,2,Senin,0,0,,0,0
PS Bendul Mrisi,2022-02-15,Beras,Kota Surabaya,kg,9500,False,9500,2022,2,Selasa,0,0,,0,0
PS Bendul Mrisi,2022-02-16,Beras,Kota Surabaya,kg,9400,False,9400,2022,2,Rabu,0,0,,0,0
PS Bendul Mrisi,2022-02-17,Beras,Kota Surabaya,kg,9400,False,9400,2022,2,Kamis,0,0,,0,0
PS Bendul Mrisi,2022-02-18,Beras,Kota Surabaya,kg,9400,False,9400,2022,2,Jumat,0,0,,0,0
PS Bendul Mrisi,2022-02-19,Beras,Kota Surabaya,kg,9500,False,9500,2022,2,Sabtu,1,0,,0,0
PS Bendul Mrisi,2022-02-20,Beras,Kota Surabaya,kg,9500,False,9500,2022,2,Minggu,1,0,,0,0
PS Bendul Mrisi,2022-02-21,Beras,Kota Surabaya,kg,9400,False,9400,2022,2,Senin,0,0,,0,0
PS Bendul Mrisi,2022-02-22,Beras,Kota Surabaya,kg,9400,False,9400,2022,2,Selasa,0,0,,0,0
PS Bendul Mrisi,2022-02-23,Beras,Kota Surabaya,kg,9400,False,9400,2022,2,Rabu,0,0,,0,0
PS Bendul Mrisi,2022-02-24,Beras,Kota Surabaya,kg,9400,False,9400,2022,2,Kamis,0,0,,0,0
PS Bendul Mrisi,2022-02-25,Beras,Kota Surabaya,kg,9400,False,9400,2022,2,Jumat,0,0,,0,0
PS Bendul Mrisi,2022-02-26,Beras,Kota Surabaya,kg,9400,False,9400,2022,2,Sabtu,1,0,,0,0
PS Bendul Mrisi,2022-02-27,Beras,Kota Surabaya,kg,9400,False,9400,2022,2,Minggu,1,0,,0,0
PS Bendul Mrisi,2022-02-28,Beras,Kota Surabaya,kg,9400,False,9400,2022,2,Senin,0,1,Isra Mikraj Nabi Muhammad,0,0
PS Bendul Mrisi,2022-03-01,Beras,Kota Surabaya,kg,9400,False,9400,2022,3,Selasa,0,0,,0,0
PS Bendul Mrisi,2022-03-02,Beras,Kota Surabaya,kg,9400,False,9400,2022,3,Rabu,0,0,,0,0
PS Bendul Mrisi,2022-03-03,Beras,Kota Surabaya,kg,9400,False,9400,2022,3,Kamis,0,1,Hari Suci Nyepi,0,0
PS Bendul Mrisi,2022-03-04,Beras,Kota Surabaya,kg,,True,9400,2022,3,Jumat,0,0,,0,0
PS Bendul Mrisi,2022-03-05,Beras,Kota Surabaya,kg,8700,False,8700,2022,3,Sabtu,1,0,,0,0
PS Bendul Mrisi,2022-03-06,Beras,Kota Surabaya,kg,8700,False,8700,2022,3,Minggu,1,0,,0,0
PS Bendul Mrisi,2022-03-07,Beras,Kota Surabaya,kg,8700,False,8700,2022,3,Senin,0,0,,0,0
PS Bendul Mrisi,2022-03-08,Beras,Kota Surabaya,kg,9500,False,9500,2022,3,Selasa,0,0,,0,0
PS Bendul Mrisi,2022-03-09,Beras,Kota Surabaya,kg,9600,False,9600,2022,3,Rabu,0,0,,0,0
PS Bendul Mrisi,2022-03-10,Beras,Kota Surabaya,kg,9600,False,9600,2022,3,Kamis,0,0,,0,0
PS Bendul Mrisi,2022-03-11,Beras,Kota Surabaya,kg,9600,False,9600,2022,3,Jumat,0,0,,0,0
PS Bendul Mrisi,2022-03-12,Beras,Kota Surabaya,kg,9400,False,9400,2022,3,Sabtu,1,0,,0,0
PS Bendul Mrisi,2022-03-13,Beras,Kota Surabaya,kg,9600,False,9600,2022,3,Minggu,1,0,,0,0
PS Bendul Mrisi,2022-03-14,Beras,Kota Surabaya,kg,9600,False,9600,2022,3,Senin,0,0,,0,0
PS Bendul Mrisi,2022-03-15,Beras,Kota Surabaya,kg,9600,False,9600,2022,3,Selasa,0,0,,0,0
PS Bendul Mrisi,2022-03-16,Beras,Kota Surabaya,kg,9600,False,9600,2022,3,Rabu,0,0,,0,0
PS Bendul Mrisi,2022-03-17,Beras,Kota Surabaya,kg,9600,False,9600,2022,3,Kamis,0,0,,0,0
PS Bendul Mrisi,2022-03-18,Beras,Kota Surabaya,kg,9600,False,9600,2022,3,Jumat,0,0,,0,0
PS Bendul Mrisi,2022-03-19,Beras,Kota Surabaya,kg,9600,False,9600,2022,3,Sabtu,1,0,,0,0
PS Bendul Mrisi,2022-03-20,Beras,Kota Surabaya,kg,9600,False,9600,2022,3,Minggu,1,0,,0,1
PS Bendul Mrisi,2022-03-21,Beras,Kota Surabaya,kg,,True,9600,2022,3,Senin,0,0,,0,1
PS Bendul Mrisi,2022-03-22,Beras,Kota Surabaya,kg,9600,False,9600,2022,3,Selasa,0,0,,0,1
PS Bendul Mrisi,2022-03-23,Beras,Kota Surabaya,kg,9400,False,9400,2022,3,Rabu,0,0,,0,1
PS Bendul Mrisi,2022-03-24,Beras,Kota Surabaya,kg,9600,False,9600,2022,3,Kamis,0,0,,0,1
PS Bendul Mrisi,2022-03-25,Beras,Kota Surabaya,kg,,True,9600,2022,3,Jumat,0,0,,0,1
PS Bendul Mrisi,2022-03-26,Beras,Kota Surabaya,kg,9400,False,9400,2022,3,Sabtu,1,0,,0,1
PS Bendul Mrisi,2022-03-27,Beras,Kota Surabaya,kg,9400,False,9400,2022,3,Minggu,1,0,,0,1
PS Bendul Mrisi,2022-03-28,Beras,Kota Surabaya,kg,9500,False,9500,2022,3,Senin,0,0,,0,1
PS Bendul Mrisi,2022-03-29,Beras,Kota Surabaya,kg,9800,False,9800,2022,3,Selasa,0,0,,0,1
PS Bendul Mrisi,2022-03-30,Beras,Kota Surabaya,kg,10000,False,10000,2022,3,Rabu,0,0,,0,1
PS Bendul Mrisi,2022-03-31,Beras,Kota Surabaya,kg,11000,False,11000,2022,3,Kamis,0,0,,0,1
PS Bendul Mrisi,2022-04-01,Beras,Kota Surabaya,kg,11000,False,11000,2022,4,Jumat,0,0,,0,1
PS Bendul Mrisi,2022-04-02,Beras,Kota Surabaya,kg,11000,False,11000,2022,4,Sabtu,1,0,,0,1
PS Bendul Mrisi,2022-04-03,Beras,Kota Surabaya,kg,10000,False,10000,2022,4,Minggu,1,0,,1,0
PS Bendul Mrisi,2022-04-04,Beras,Kota Surabaya,kg,11000,False,11000,2022,4,Senin,0,0,,1,0
PS Bendul Mrisi,2022-04-05,Beras,Kota Surabaya,kg,11000,False,11000,2022,4,Selasa,0,0,,1,0
PS Bendul Mrisi,2022-04-06,Beras,Kota Surabaya,kg,11000,False,11000,2022,4,Rabu,0,0,,1,0
PS Bendul Mrisi,2022-04-07,Beras,Kota Surabaya,kg,11000,False,11000,2022,4,Kamis,0,0,,1,0
PS Bendul Mrisi,2022-04-08,Beras,Kota Surabaya,kg,11000,False,11000,2022,4,Jumat,0,0,,1,0
PS Bendul Mrisi,2022-04-09,Beras,Kota Surabaya,kg,12500,False,12500,2022,4,Sabtu,1,0,,1,0
PS Bendul Mrisi,2022-04-10,Beras,Kota Surabaya,kg,12000,False,12000,2022,4,Minggu,1,0,,1,0
PS Bendul Mrisi,2022-04-11,Beras,Kota Surabaya,kg,11000,False,11000,2022,4,Senin,0,0,,1,0
PS Bendul Mrisi,2022-04-12,Beras,Kota Surabaya,kg,11000,False,11000,2022,4,Selasa,0,0,,1,0
PS Bendul Mrisi,2022-04-13,Beras,Kota Surabaya,kg,11000,False,11000,2022,4,Rabu,0,0,,1,0
PS Bendul Mrisi,2022-04-14,Beras,Kota Surabaya,kg,11000,False,11000,2022,4,Kamis,0,0,,1,0
PS Bendul Mrisi,2022-04-15,Beras,Kota Surabaya,kg,11000,False,11000,2022,4,Jumat,0,1,Wafat Yesus Kristus,1,0
PS Bendul Mrisi,2022-04-16,Beras,Kota Surabaya,kg,11000,False,11000,2022,4,Sabtu,1,0,,1,0
PS Bendul Mrisi,2022-04-17,Beras,Kota Surabaya,kg,11000,False,11000,2022,4,Minggu,1,0,,1,0
PS Bendul Mrisi,2022-04-18,Beras,Kota Surabaya,kg,11000,False,11000,2022,4,Senin,0,0,,1,0
PS Bendul Mrisi,2022-04-19,Beras,Kota Surabaya,kg,11000,False,11000,2022,4,Selasa,0,0,,1,0
PS Bendul Mrisi,2022-04-20,Beras,Kota Surabaya,kg,11000,False,11000,2022,4,Rabu,0,0,,1,0
PS Bendul Mrisi,2022-04-21,Beras,Kota Surabaya,kg,11000,False,11000,2022,4,Kamis,0,0,,1,0
PS Bendul Mrisi,2022-04-22,Beras,Kota Surabaya,kg,11000,False,11000,2022,4,Jumat,0,0,,1,0
PS Bendul Mrisi,2022-04-23,Beras,Kota Surabaya,kg,11000,False,11000,2022,4,Sabtu,1,0,,1,0
PS Bendul Mrisi,2022-04-24,Beras,Kota Surabaya,kg,11000,False,11000,2022,4,Minggu,1,0,,1,0
PS Bendul Mrisi,2022-04-25,Beras,Kota Surabaya,kg,11000,False,11000,2022,4,Senin,0,0,,1,0
PS Bendul Mrisi,2022-04-26,Beras,Kota Surabaya,kg,11000,False,11000,2022,4,Selasa,0,0,,1,0
PS Bendul Mrisi,2022-04-27,Beras,Kota Surabaya,kg,11000,False,11000,2022,4,Rabu,0,0,,1,0
PS Bendul Mrisi,2022-04-28,Beras,Kota Surabaya,kg,11000,False,11000,2022,4,Kamis,0,0,,1,0
PS Bendul Mrisi,2022-04-29,Beras,Kota Surabaya,kg,11000,False,11000,2022,4,Jumat,0,1,Cuti Bersama Hari Raya Idul Fitri,1,0
PS Bendul Mrisi,2022-04-30,Beras,Kota Surabaya,kg,11000,False,11000,2022,4,Sabtu,1,0,,1,0
PS Bendul Mrisi,2022-05-01,Beras,Kota Surabaya,kg,11000,False,11000,2022,5,Minggu,1,1,Hari Buruh Internasional,1,0
PS Bendul Mrisi,2022-05-02,Beras,Kota Surabaya,kg,11000,False,11000,2022,5,Senin,0,1,Hari Raya Idul Fitri,0,0
PS Bendul Mrisi,2022-05-03,Beras,Kota Surabaya,kg,11000,False,11000,2022,5,Selasa,0,1,Hari kedua dari Hari Raya Idul Fitri,0,0
PS Bendul Mrisi,2022-05-04,Beras,Kota Surabaya,kg,11000,False,11000,2022,5,Rabu,0,1,Cuti Bersama Hari Raya Idul Fitri,0,0
PS Bendul Mrisi,2022-05-05,Beras,Kota Surabaya,kg,11000,False,11000,2022,5,Kamis,0,1,Cuti Bersama Hari Raya Idul Fitri,0,0
PS Bendul Mrisi,2022-05-06,Beras,Kota Surabaya,kg,11000,False,11000,2022,5,Jumat,0,1,Cuti Bersama Hari Raya Idul Fitri,0,0
PS Bendul Mrisi,2022-05-07,Beras,Kota Surabaya,kg,11000,False,11000,2022,5,Sabtu,1,0,,0,0
PS Bendul Mrisi,2022-05-08,Beras,Kota Surabaya,kg,11000,False,11000,2022,5,Minggu,1,0,,0,0
PS Bendul Mrisi,2022-05-09,Beras,Kota Surabaya,kg,11000,False,11000,2022,5,Senin,0,0,,0,0
PS Bendul Mrisi,2022-05-10,Beras,Kota Surabaya,kg,11000,False,11000,2022,5,Selasa,0,0,,0,0
PS Bendul Mrisi,2022-05-11,Beras,Kota Surabaya,kg,11000,False,11000,2022,5,Rabu,0,0,,0,0
PS Bendul Mrisi,2022-05-12,Beras,Kota Surabaya,kg,11000,False,11000,2022,5,Kamis,0,0,,0,0
PS Bendul Mrisi,2022-05-13,Beras,Kota Surabaya,kg,11000,False,11000,2022,5,Jumat,0,0,,0,0
PS Bendul Mrisi,2022-05-14,Beras,Kota Surabaya,kg,11000,False,11000,2022,5,Sabtu,1,0,,0,0
PS Bendul Mrisi,2022-05-15,Beras,Kota Surabaya,kg,11000,False,11000,2022,5,Minggu,1,0,,0,0
PS Bendul Mrisi,2022-05-16,Beras,Kota Surabaya,kg,11000,False,11000,2022,5,Senin,0,1,Hari Raya Waisak,0,0
PS Bendul Mrisi,2022-05-17,Beras,Kota Surabaya,kg,11000,False,11000,2022,5,Selasa,0,0,,0,0
PS Bendul Mrisi,2022-05-18,Beras,Kota Surabaya,kg,11000,False,11000,2022,5,Rabu,0,0,,0,0
PS Bendul Mrisi,2022-05-19,Beras,Kota Surabaya,kg,11000,False,11000,2022,5,Kamis,0,0,,0,0
PS Bendul Mrisi,2022-05-20,Beras,Kota Surabaya,kg,11000,False,11000,2022,5,Jumat,0,0,,0,0
PS Bendul Mrisi,2022-05-21,Beras,Kota Surabaya,kg,11000,False,11000,2022,5,Sabtu,1,0,,0,0
PS Bendul Mrisi,2022-05-22,Beras,Kota Surabaya,kg,11000,False,11000,2022,5,Minggu,1,0,,0,0
PS Bendul Mrisi,2022-05-23,Beras,Kota Surabaya,kg,11000,False,11000,2022,5,Senin,0,0,,0,0
PS Bendul Mrisi,2022-05-24,Beras,Kota Surabaya,kg,11000,False,11000,2022,5,Selasa,0,0,,0,0
PS Bendul Mrisi,2022-05-25,Beras,Kota Surabaya,kg,11000,False,11000,2022,5,Rabu,0,0,,0,0
PS Bendul Mrisi,2022-05-26,Beras,Kota Surabaya,kg,11000,False,11000,2022,5,Kamis,0,1,Kenaikan Yesus Kristus,0,0
PS Bendul Mrisi,2022-05-27,Beras,Kota Surabaya,kg,11000,False,11000,2022,5,Jumat,0,0,,0,0
PS Bendul Mrisi,2022-05-28,Beras,Kota Surabaya,kg,11000,False,11000,2022,5,Sabtu,1,0,,0,0
PS Bendul Mrisi,2022-05-29,Beras,Kota Surabaya,kg,11000,False,11000,2022,5,Minggu,1,0,,0,0
PS Bendul Mrisi,2022-05-30,Beras,Kota Surabaya,kg,11000,False,11000,2022,5,Senin,0,0,,0,0
PS Bendul Mrisi,2022-05-31,Beras,Kota Surabaya,kg,11000,False,11000,2022,5,Selasa,0,0,,0,0
PS Bendul Mrisi,2022-06-01,Beras,Kota Surabaya,kg,11000,False,11000,2022,6,Rabu,0,1,Hari Lahir Pancasila,0,0
PS Bendul Mrisi,2022-06-02,Beras,Kota Surabaya,kg,11000,False,11000,2022,6,Kamis,0,0,,0,0
PS Bendul Mrisi,2022-06-03,Beras,Kota Surabaya,kg,11000,False,11000,2022,6,Jumat,0,0,,0,0
PS Bendul Mrisi,2022-06-04,Beras,Kota Surabaya,kg,11000,False,11000,2022,6,Sabtu,1,0,,0,0
PS Bendul Mrisi,2022-06-05,Beras,Kota Surabaya,kg,11000,False,11000,2022,6,Minggu,1,0,,0,0
PS Bendul Mrisi,2022-06-06,Beras,Kota Surabaya,kg,11000,False,11000,2022,6,Senin,0,0,,0,0
PS Bendul Mrisi,2022-06-07,Beras,Kota Surabaya,kg,11000,False,11000,2022,6,Selasa,0,0,,0,0
PS Bendul Mrisi,2022-06-08,Beras,Kota Surabaya,kg,11000,False,11000,2022,6,Rabu,0,0,,0,0
PS Bendul Mrisi,2022-06-09,Beras,Kota Surabaya,kg,11000,False,11000,2022,6,Kamis,0,0,,0,0
PS Bendul Mrisi,2022-06-10,Beras,Kota Surabaya,kg,11000,False,11000,2022,6,Jumat,0,0,,0,0
PS Bendul Mrisi,2022-06-11,Beras,Kota Surabaya,kg,11000,False,11000,2022,6,Sabtu,1,0,,0,0
PS Bendul Mrisi,2022-06-12,Beras,Kota Surabaya,kg,11000,False,11000,2022,6,Minggu,1,0,,0,0
PS Bendul Mrisi,2022-06-13,Beras,Kota Surabaya,kg,11000,False,11000,2022,6,Senin,0,0,,0,0
PS Bendul Mrisi,2022-06-14,Beras,Kota Surabaya,kg,11000,False,11000,2022,6,Selasa,0,0,,0,0
PS Bendul Mrisi,2022-06-15,Beras,Kota Surabaya,kg,11000,False,11000,2022,6,Rabu,0,0,,0,0
PS Bendul Mrisi,2022-06-16,Beras,Kota Surabaya,kg,11000,False,11000,2022,6,Kamis,0,0,,0,0
PS Bendul Mrisi,2022-06-17,Beras,Kota Surabaya,kg,11000,False,11000,2022,6,Jumat,0,0,,0,0
PS Bendul Mrisi,2022-06-18,Beras,Kota Surabaya,kg,11000,False,11000,2022,6,Sabtu,1,0,,0,0
PS Bendul Mrisi,2022-06-19,Beras,Kota Surabaya,kg,11000,False,11000,2022,6,Minggu,1,0,,0,0
PS Bendul Mrisi,2022-06-20,Beras,Kota Surabaya,kg,11000,False,11000,2022,6,Senin,0,0,,0,0
PS Bendul Mrisi,2022-06-21,Beras,Kota Surabaya,kg,11000,False,11000,2022,6,Selasa,0,0,,0,0
PS Bendul Mrisi,2022-06-22,Beras,Kota Surabaya,kg,11000,False,11000,2022,6,Rabu,0,0,,0,0
PS Bendul Mrisi,2022-06-23,Beras,Kota Surabaya,kg,11000,False,11000,2022,6,Kamis,0,0,,0,0
PS Bendul Mrisi,2022-06-24,Beras,Kota Surabaya,kg,11000,False,11000,2022,6,Jumat,0,0,,0,0
PS Bendul Mrisi,2022-06-25,Beras,Kota Surabaya,kg,11000,False,11000,2022,6,Sabtu,1,0,,0,0
PS Bendul Mrisi,2022-06-26,Beras,Kota Surabaya,kg,11000,False,11000,2022,6,Minggu,1,0,,0,0
PS Bendul Mrisi,2022-06-27,Beras,Kota Surabaya,kg,11000,False,11000,2022,6,Senin,0,0,,0,0
PS Bendul Mrisi,2022-06-28,Beras,Kota Surabaya,kg,11000,False,11000,2022,6,Selasa,0,0,,0,0
PS Bendul Mrisi,2022-06-29,Beras,Kota Surabaya,kg,11000,False,11000,2022,6,Rabu,0,0,,0,0
PS Bendul Mrisi,2022-06-30,Beras,Kota Surabaya,kg,11000,False,11000,2022,6,Kamis,0,0,,0,0
PS Bendul Mrisi,2022-07-01,Beras,Kota Surabaya,kg,11000,False,11000,2022,7,Jumat,0,0,,0,0
PS Bendul Mrisi,2022-07-02,Beras,Kota Surabaya,kg,11000,False,11000,2022,7,Sabtu,1,0,,0,0
PS Bendul Mrisi,2022-07-03,Beras,Kota Surabaya,kg,11000,False,11000,2022,7,Minggu,1,0,,0,0
PS Bendul Mrisi,2022-07-04,Beras,Kota Surabaya,kg,11000,False,11000,2022,7,Senin,0,0,,0,0
PS Bendul Mrisi,2022-07-05,Beras,Kota Surabaya,kg,11000,False,11000,2022,7,Selasa,0,0,,0,0
PS Bendul Mrisi,2022-07-06,Beras,Kota Surabaya,kg,11000,False,11000,2022,7,Rabu,0,0,,0,0
PS Bendul Mrisi,2022-07-07,Beras,Kota Surabaya,kg,11000,False,11000,2022,7,Kamis,0,0,,0,0
PS Bendul Mrisi,2022-07-08,Beras,Kota Surabaya,kg,11000,False,11000,2022,7,Jumat,0,0,,0,0
PS Bendul Mrisi,2022-07-09,Beras,Kota Surabaya,kg,11000,False,11000,2022,7,Sabtu,1,0,,0,0
PS Bendul Mrisi,2022-07-10,Beras,Kota Surabaya,kg,11000,False,11000,2022,7,Minggu,1,1,Hari Raya Idul Adha,0,0
PS Bendul Mrisi,2022-07-11,Beras,Kota Surabaya,kg,11000,False,11000,2022,7,Senin,0,0,,0,0
PS Bendul Mrisi,2022-07-12,Beras,Kota Surabaya,kg,11000,False,11000,2022,7,Selasa,0,0,,0,0
PS Bendul Mrisi,2022-07-13,Beras,Kota Surabaya,kg,11000,False,11000,2022,7,Rabu,0,0,,0,0
PS Bendul Mrisi,2022-07-14,Beras,Kota Surabaya,kg,11000,False,11000,2022,7,Kamis,0,0,,0,0
PS Bendul Mrisi,2022-07-15,Beras,Kota Surabaya,kg,11000,False,11000,2022,7,Jumat,0,0,,0,0
PS Bendul Mrisi,2022-07-16,Beras,Kota Surabaya,kg,11000,False,11000,2022,7,Sabtu,1,0,,0,0
PS Bendul Mrisi,2022-07-17,Beras,Kota Surabaya,kg,11000,False,11000,2022,7,Minggu,1,0,,0,0
PS Bendul Mrisi,2022-07-18,Beras,Kota Surabaya,kg,11000,False,11000,2022,7,Senin,0,0,,0,0
PS Bendul Mrisi,2022-07-19,Beras,Kota Surabaya,kg,11000,False,11000,2022,7,Selasa,0,0,,0,0
PS Bendul Mrisi,2022-07-20,Beras,Kota Surabaya,kg,11000,False,11000,2022,7,Rabu,0,0,,0,0
PS Bendul Mrisi,2022-07-21,Beras,Kota Surabaya,kg,11000,False,11000,2022,7,Kamis,0,0,,0,0
PS Bendul Mrisi,2022-07-22,Beras,Kota Surabaya,kg,11000,False,11000,2022,7,Jumat,0,0,,0,0
PS Bendul Mrisi,2022-07-23,Beras,Kota Surabaya,kg,11000,False,11000,2022,7,Sabtu,1,0,,0,0
PS Bendul Mrisi,2022-07-24,Beras,Kota Surabaya,kg,11000,False,11000,2022,7,Minggu,1,0,,0,0
PS Bendul Mrisi,2022-07-25,Beras,Kota Surabaya,kg,11000,False,11000,2022,7,Senin,0,0,,0,0
PS Bendul Mrisi,2022-07-26,Beras,Kota Surabaya,kg,11000,False,11000,2022,7,Selasa,0,0,,0,0
PS Bendul Mrisi,2022-07-27,Beras,Kota Surabaya,kg,11000,False,11000,2022,7,Rabu,0,0,,0,0
PS Bendul Mrisi,2022-07-28,Beras,Kota Surabaya,kg,11000,False,11000,2022,7,Kamis,0,0,,0,0
PS Bendul Mrisi,2022-07-29,Beras,Kota Surabaya,kg,11000,False,11000,2022,7,Jumat,0,0,,0,0
PS Bendul Mrisi,2022-07-30,Beras,Kota Surabaya,kg,11000,False,11000,2022,7,Sabtu,1,1,Tahun Baru Islam,0,0
PS Bendul Mrisi,2022-07-31,Beras,Kota Surabaya,kg,11000,False,11000,2022,7,Minggu,1,0,,0,0
PS Bendul Mrisi,2022-08-01,Beras,Kota Surabaya,kg,11000,False,11000,2022,8,Senin,0,0,,0,0
PS Bendul Mrisi,2022-08-02,Beras,Kota Surabaya,kg,11000,False,11000,2022,8,Selasa,0,0,,0,0
PS Bendul Mrisi,2022-08-03,Beras,Kota Surabaya,kg,11000,False,11000,2022,8,Rabu,0,0,,0,0
PS Bendul Mrisi,2022-08-04,Beras,Kota Surabaya,kg,11000,False,11000,2022,8,Kamis,0,0,,0,0
PS Bendul Mrisi,2022-08-05,Beras,Kota Surabaya,kg,11000,False,11000,2022,8,Jumat,0,0,,0,0
PS Bendul Mrisi,2022-08-06,Beras,Kota Surabaya,kg,11000,False,11000,2022,8,Sabtu,1,0,,0,0
PS Bendul Mrisi,2022-08-07,Beras,Kota Surabaya,kg,11000,False,11000,2022,8,Minggu,1,0,,0,0
PS Bendul Mrisi,2022-08-08,Beras,Kota Surabaya,kg,11000,False,11000,2022,8,Senin,0,0,,0,0
PS Bendul Mrisi,2022-08-09,Beras,Kota Surabaya,kg,11000,False,11000,2022,8,Selasa,0,0,,0,0
PS Bendul Mrisi,2022-08-10,Beras,Kota Surabaya,kg,11000,False,11000,2022,8,Rabu,0,0,,0,0
PS Bendul Mrisi,2022-08-11,Beras,Kota Surabaya,kg,11000,False,11000,2022,8,Kamis,0,0,,0,0
PS Bendul Mrisi,2022-08-12,Beras,Kota Surabaya,kg,11000,False,11000,2022,8,Jumat,0,0,,0,0
PS Bendul Mrisi,2022-08-13,Beras,Kota Surabaya,kg,11000,False,11000,2022,8,Sabtu,1,0,,0,0
PS Bendul Mrisi,2022-08-14,Beras,Kota Surabaya,kg,11000,False,11000,2022,8,Minggu,1,0,,0,0
PS Bendul Mrisi,2022-08-15,Beras,Kota Surabaya,kg,11000,False,11000,2022,8,Senin,0,0,,0,0
PS Bendul Mrisi,2022-08-16,Beras,Kota Surabaya,kg,11000,False,11000,2022,8,Selasa,0,0,,0,0
PS Bendul Mrisi,2022-08-17,Beras,Kota Surabaya,kg,11000,False,11000,2022,8,Rabu,0,1,Hari Kemerdekaan Republik Indonesia,0,0
PS Bendul Mrisi,2022-08-18,Beras,Kota Surabaya,kg,11000,False,11000,2022,8,Kamis,0,0,,0,0
PS Bendul Mrisi,2022-08-19,Beras,Kota Surabaya,kg,11000,False,11000,2022,8,Jumat,0,0,,0,0
PS Bendul Mrisi,2022-08-20,Beras,Kota Surabaya,kg,11000,False,11000,2022,8,Sabtu,1,0,,0,0
PS Bendul Mrisi,2022-08-21,Beras,Kota Surabaya,kg,11000,False,11000,2022,8,Minggu,1,0,,0,0
PS Bendul Mrisi,2022-08-22,Beras,Kota Surabaya,kg,11000,False,11000,2022,8,Senin,0,0,,0,0
PS Bendul Mrisi,2022-08-23,Beras,Kota Surabaya,kg,11000,False,11000,2022,8,Selasa,0,0,,0,0
PS Bendul Mrisi,2022-08-24,Beras,Kota Surabaya,kg,11000,False,11000,2022,8,Rabu,0,0,,0,0
PS Bendul Mrisi,2022-08-25,Beras,Kota Surabaya,kg,11000,False,11000,2022,8,Kamis,0,0,,0,0
PS Bendul Mrisi,2022-08-26,Beras,Kota Surabaya,kg,11000,False,11000,2022,8,Jumat,0,0,,0,0
PS Bendul Mrisi,2022-08-27,Beras,Kota Surabaya,kg,11000,False,11000,2022,8,Sabtu,1,0,,0,0
PS Bendul Mrisi,2022-08-28,Beras,Kota Surabaya,kg,11000,False,11000,2022,8,Minggu,1,0,,0,0
PS Bendul Mrisi,2022-08-29,Beras,Kota Surabaya,kg,11000,False,11000,2022,8,Senin,0,0,,0,0
PS Bendul Mrisi,2022-08-30,Beras,Kota Surabaya,kg,11000,False,11000,2022,8,Selasa,0,0,,0,0
PS Bendul Mrisi,2022-08-31,Beras,Kota Surabaya,kg,11000,False,11000,2022,8,Rabu,0,0,,0,0
PS Bendul Mrisi,2022-09-01,Beras,Kota Surabaya,kg,11000,False,11000,2022,9,Kamis,0,0,,0,0
PS Bendul Mrisi,2022-09-02,Beras,Kota Surabaya,kg,11000,False,11000,2022,9,Jumat,0,0,,0,0
PS Bendul Mrisi,2022-09-03,Beras,Kota Surabaya,kg,11000,False,11000,2022,9,Sabtu,1,0,,0,0
PS Bendul Mrisi,2022-09-04,Beras,Kota Surabaya,kg,11000,False,11000,2022,9,Minggu,1,0,,0,0
PS Bendul Mrisi,2022-09-05,Beras,Kota Surabaya,kg,11000,False,11000,2022,9,Senin,0,0,,0,0
PS Bendul Mrisi,2022-09-06,Beras,Kota Surabaya,kg,11000,False,11000,2022,9,Selasa,0,0,,0,0
PS Bendul Mrisi,2022-09-07,Beras,Kota Surabaya,kg,11000,False,11000,2022,9,Rabu,0,0,,0,0
PS Bendul Mrisi,2022-09-08,Beras,Kota Surabaya,kg,11000,False,11000,2022,9,Kamis,0,0,,0,0
PS Bendul Mrisi,2022-09-09,Beras,Kota Surabaya,kg,11000,False,11000,2022,9,Jumat,0,0,,0,0
PS Bendul Mrisi,2022-09-10,Beras,Kota Surabaya,kg,11000,False,11000,2022,9,Sabtu,1,0,,0,0
PS Bendul Mrisi,2022-09-11,Beras,Kota Surabaya,kg,11000,False,11000,2022,9,Minggu,1,0,,0,0
PS Bendul Mrisi,2022-09-12,Beras,Kota Surabaya,kg,11000,False,11000,2022,9,Senin,0,0,,0,0
PS Bendul Mrisi,2022-09-13,Beras,Kota Surabaya,kg,11000,False,11000,2022,9,Selasa,0,0,,0,0
PS Bendul Mrisi,2022-09-14,Beras,Kota Surabaya,kg,,True,11000,2022,9,Rabu,0,0,,0,0
PS Bendul Mrisi,2022-09-15,Beras,Kota Surabaya,kg,11000,False,11000,2022,9,Kamis,0,0,,0,0
PS Bendul Mrisi,2022-09-16,Beras,Kota Surabaya,kg,11000,False,11000,2022,9,Jumat,0,0,,0,0
PS Bendul Mrisi,2022-09-17,Beras,Kota Surabaya,kg,11000,False,11000,2022,9,Sabtu,1,0,,0,0
PS Bendul Mrisi,2022-09-18,Beras,Kota Surabaya,kg,11000,False,11000,2022,9,Minggu,1,0,,0,0
PS Bendul Mrisi,2022-09-19,Beras,Kota Surabaya,kg,11000,False,11000,2022,9,Senin,0,0,,0,0
PS Bendul Mrisi,2022-09-20,Beras,Kota Surabaya,kg,11000,False,11000,2022,9,Selasa,0,0,,0,0
PS Bendul Mrisi,2022-09-21,Beras,Kota Surabaya,kg,11000,False,11000,2022,9,Rabu,0,0,,0,0
PS Bendul Mrisi,2022-09-22,Beras,Kota Surabaya,kg,11000,False,11000,2022,9,Kamis,0,0,,0,0
PS Bendul Mrisi,2022-09-23,Beras,Kota Surabaya,kg,11000,False,11000,2022,9,Jumat,0,0,,0,0
PS Bendul Mrisi,2022-09-24,Beras,Kota Surabaya,kg,11000,False,11000,2022,9,Sabtu,1,0,,0,0
PS Bendul Mrisi,2022-09-25,Beras,Kota Surabaya,kg,11000,False,11000,2022,9,Minggu,1,0,,0,0
PS Bendul Mrisi,2022-09-26,Beras,Kota Surabaya,kg,11000,False,11000,2022,9,Senin,0,0,,0,0
PS Bendul Mrisi,2022-09-27,Beras,Kota Surabaya,kg,11000,False,11000,2022,9,Selasa,0,0,,0,0
PS Bendul Mrisi,2022-09-28,Beras,Kota Surabaya,kg,11000,False,11000,2022,9,Rabu,0,0,,0,0
PS Bendul Mrisi,2022-09-29,Beras,Kota Surabaya,kg,11000,False,11000,2022,9,Kamis,0,0,,0,0
PS Bendul Mrisi,2022-09-30,Beras,Kota Surabaya,kg,11000,False,11000,2022,9,Jumat,0,0,,0,0
PS Bendul Mrisi,2022-10-01,Beras,Kota Surabaya,kg,11000,False,11000,2022,10,Sabtu,1,0,,0,0
PS Bendul Mrisi,2022-10-02,Beras,Kota Surabaya,kg,11000,False,11000,2022,10,Minggu,1,0,,0,0
PS Bendul Mrisi,2022-10-03,Beras,Kota Surabaya,kg,11000,False,11000,2022,10,Senin,0,0,,0,0
PS Bendul Mrisi,2022-10-04,Beras,Kota Surabaya,kg,11000,False,11000,2022,10,Selasa,0,0,,0,0
PS Bendul Mrisi,2022-10-05,Beras,Kota Surabaya,kg,11000,False,11000,2022,10,Rabu,0,0,,0,0
PS Bendul Mrisi,2022-10-06,Beras,Kota Surabaya,kg,11000,False,11000,2022,10,Kamis,0,0,,0,0
PS Bendul Mrisi,2022-10-07,Beras,Kota Surabaya,kg,11000,False,11000,2022,10,Jumat,0,0,,0,0
PS Bendul Mrisi,2022-10-08,Beras,Kota Surabaya,kg,11000,False,11000,2022,10,Sabtu,1,1,Maulid Nabi Muhammad,0,0
PS Bendul Mrisi,2022-10-09,Beras,Kota Surabaya,kg,11000,False,11000,2022,10,Minggu,1,0,,0,0
PS Bendul Mrisi,2022-10-10,Beras,Kota Surabaya,kg,11000,False,11000,2022,10,Senin,0,0,,0,0
PS Bendul Mrisi,2022-10-11,Beras,Kota Surabaya,kg,11000,False,11000,2022,10,Selasa,0,0,,0,0
PS Bendul Mrisi,2022-10-12,Beras,Kota Surabaya,kg,11000,False,11000,2022,10,Rabu,0,0,,0,0
PS Bendul Mrisi,2022-10-13,Beras,Kota Surabaya,kg,11000,False,11000,2022,10,Kamis,0,0,,0,0
PS Bendul Mrisi,2022-10-14,Beras,Kota Surabaya,kg,11000,False,11000,2022,10,Jumat,0,0,,0,0
PS Bendul Mrisi,2022-10-15,Beras,Kota Surabaya,kg,11000,False,11000,2022,10,Sabtu,1,0,,0,0
PS Bendul Mrisi,2022-10-16,Beras,Kota Surabaya,kg,11000,False,11000,2022,10,Minggu,1,0,,0,0
PS Bendul Mrisi,2022-10-17,Beras,Kota Surabaya,kg,11000,False,11000,2022,10,Senin,0,0,,0,0
PS Bendul Mrisi,2022-10-18,Beras,Kota Surabaya,kg,11000,False,11000,2022,10,Selasa,0,0,,0,0
PS Bendul Mrisi,2022-10-19,Beras,Kota Surabaya,kg,11000,False,11000,2022,10,Rabu,0,0,,0,0
PS Bendul Mrisi,2022-10-20,Beras,Kota Surabaya,kg,11000,False,11000,2022,10,Kamis,0,0,,0,0
PS Bendul Mrisi,2022-10-21,Beras,Kota Surabaya,kg,11000,False,11000,2022,10,Jumat,0,0,,0,0
PS Bendul Mrisi,2022-10-22,Beras,Kota Surabaya,kg,11000,False,11000,2022,10,Sabtu,1,0,,0,0
PS Bendul Mrisi,2022-10-23,Beras,Kota Surabaya,kg,11000,False,11000,2022,10,Minggu,1,0,,0,0
PS Bendul Mrisi,2022-10-24,Beras,Kota Surabaya,kg,11000,False,11000,2022,10,Senin,0,0,,0,0
PS Bendul Mrisi,2022-10-25,Beras,Kota Surabaya,kg,11000,False,11000,2022,10,Selasa,0,0,,0,0
PS Bendul Mrisi,2022-10-26,Beras,Kota Surabaya,kg,11000,False,11000,2022,10,Rabu,0,0,,0,0
PS Bendul Mrisi,2022-10-27,Beras,Kota Surabaya,kg,11000,False,11000,2022,10,Kamis,0,0,,0,0
PS Bendul Mrisi,2022-10-28,Beras,Kota Surabaya,kg,11000,False,11000,2022,10,Jumat,0,0,,0,0
PS Bendul Mrisi,2022-10-29,Beras,Kota Surabaya,kg,11000,False,11000,2022,10,Sabtu,1,0,,0,0
PS Bendul Mrisi,2022-10-30,Beras,Kota Surabaya,kg,11000,False,11000,2022,10,Minggu,1,0,,0,0
PS Bendul Mrisi,2022-10-31,Beras,Kota Surabaya,kg,11000,False,11000,2022,10,Senin,0,0,,0,0
PS Bendul Mrisi,2022-11-01,Beras,Kota Surabaya,kg,11000,False,11000,2022,11,Selasa,0,0,,0,0
PS Bendul Mrisi,2022-11-02,Beras,Kota Surabaya,kg,11000,False,11000,2022,11,Rabu,0,0,,0,0
PS Bendul Mrisi,2022-11-03,Beras,Kota Surabaya,kg,11000,False,11000,2022,11,Kamis,0,0,,0,0
PS Bendul Mrisi,2022-11-04,Beras,Kota Surabaya,kg,11000,False,11000,2022,11,Jumat,0,0,,0,0
PS Bendul Mrisi,2022-11-05,Beras,Kota Surabaya,kg,11000,False,11000,2022,11,Sabtu,1,0,,0,0
PS Bendul Mrisi,2022-11-06,Beras,Kota Surabaya,kg,11000,False,11000,2022,11,Minggu,1,0,,0,0
PS Bendul Mrisi,2022-11-07,Beras,Kota Surabaya,kg,11000,False,11000,2022,11,Senin,0,0,,0,0
PS Bendul Mrisi,2022-11-08,Beras,Kota Surabaya,kg,11000,False,11000,2022,11,Selasa,0,0,,0,0
PS Bendul Mrisi,2022-11-09,Beras,Kota Surabaya,kg,11000,False,11000,2022,11,Rabu,0,0,,0,0
PS Bendul Mrisi,2022-11-10,Beras,Kota Surabaya,kg,11000,False,11000,2022,11,Kamis,0,0,,0,0
PS Bendul Mrisi,2022-11-11,Beras,Kota Surabaya,kg,11000,False,11000,2022,11,Jumat,0,0,,0,0
PS Bendul Mrisi,2022-11-12,Beras,Kota Surabaya,kg,11000,False,11000,2022,11,Sabtu,1,0,,0,0
PS Bendul Mrisi,2022-11-13,Beras,Kota Surabaya,kg,11000,False,11000,2022,11,Minggu,1,0,,0,0
PS Bendul Mrisi,2022-11-14,Beras,Kota Surabaya,kg,11000,False,11000,2022,11,Senin,0,0,,0,0
PS Bendul Mrisi,2022-11-15,Beras,Kota Surabaya,kg,11000,False,11000,2022,11,Selasa,0,0,,0,0
PS Bendul Mrisi,2022-11-16,Beras,Kota Surabaya,kg,11000,False,11000,2022,11,Rabu,0,0,,0,0
PS Bendul Mrisi,2022-11-17,Beras,Kota Surabaya,kg,11000,False,11000,2022,11,Kamis,0,0,,0,0
PS Bendul Mrisi,2022-11-18,Beras,Kota Surabaya,kg,11000,False,11000,2022,11,Jumat,0,0,,0,0
PS Bendul Mrisi,2022-11-19,Beras,Kota Surabaya,kg,11000,False,11000,2022,11,Sabtu,1,0,,0,0
PS Bendul Mrisi,2022-11-20,Beras,Kota Surabaya,kg,11000,False,11000,2022,11,Minggu,1,0,,0,0
PS Bendul Mrisi,2022-11-21,Beras,Kota Surabaya,kg,11000,False,11000,2022,11,Senin,0,0,,0,0
PS Bendul Mrisi,2022-11-22,Beras,Kota Surabaya,kg,11000,False,11000,2022,11,Selasa,0,0,,0,0
PS Bendul Mrisi,2022-11-23,Beras,Kota Surabaya,kg,11000,False,11000,2022,11,Rabu,0,0,,0,0
PS Bendul Mrisi,2022-11-24,Beras,Kota Surabaya,kg,11000,False,11000,2022,11,Kamis,0,0,,0,0
PS Bendul Mrisi,2022-11-25,Beras,Kota Surabaya,kg,11000,False,11000,2022,11,Jumat,0,0,,0,0
PS Bendul Mrisi,2022-11-26,Beras,Kota Surabaya,kg,11000,False,11000,2022,11,Sabtu,1,0,,0,0
PS Bendul Mrisi,2022-11-27,Beras,Kota Surabaya,kg,11000,False,11000,2022,11,Minggu,1,0,,0,0
PS Bendul Mrisi,2022-11-28,Beras,Kota Surabaya,kg,11000,False,11000,2022,11,Senin,0,0,,0,0
PS Bendul Mrisi,2022-11-29,Beras,Kota Surabaya,kg,11000,False,11000,2022,11,Selasa,0,0,,0,0
PS Bendul Mrisi,2022-11-30,Beras,Kota Surabaya,kg,11000,False,11000,2022,11,Rabu,0,0,,0,0
PS Bendul Mrisi,2022-12-01,Beras,Kota Surabaya,kg,11000,False,11000,2022,12,Kamis,0,0,,0,0
PS Bendul Mrisi,2022-12-02,Beras,Kota Surabaya,kg,11000,False,11000,2022,12,Jumat,0,0,,0,0
PS Bendul Mrisi,2022-12-03,Beras,Kota Surabaya,kg,11000,False,11000,2022,12,Sabtu,1,0,,0,0
PS Bendul Mrisi,2022-12-04,Beras,Kota Surabaya,kg,11000,False,11000,2022,12,Minggu,1,0,,0,0
PS Bendul Mrisi,2022-12-05,Beras,Kota Surabaya,kg,11000,False,11000,2022,12,Senin,0,0,,0,0
PS Bendul Mrisi,2022-12-06,Beras,Kota Surabaya,kg,11000,False,11000,2022,12,Selasa,0,0,,0,0
PS Bendul Mrisi,2022-12-07,Beras,Kota Surabaya,kg,11000,False,11000,2022,12,Rabu,0,0,,0,0
PS Bendul Mrisi,2022-12-08,Beras,Kota Surabaya,kg,11000,False,11000,2022,12,Kamis,0,0,,0,0
PS Bendul Mrisi,2022-12-09,Beras,Kota Surabaya,kg,11000,False,11000,2022,12,Jumat,0,0,,0,0
PS Bendul Mrisi,2022-12-10,Beras,Kota Surabaya,kg,11000,False,11000,2022,12,Sabtu,1,0,,0,0
PS Bendul Mrisi,2022-12-11,Beras,Kota Surabaya,kg,11000,False,11000,2022,12,Minggu,1,0,,0,0
PS Bendul Mrisi,2022-12-12,Beras,Kota Surabaya,kg,11000,False,11000,2022,12,Senin,0,0,,0,0
PS Bendul Mrisi,2022-12-13,Beras,Kota Surabaya,kg,11000,False,11000,2022,12,Selasa,0,0,,0,0
PS Bendul Mrisi,2022-12-14,Beras,Kota Surabaya,kg,11000,False,11000,2022,12,Rabu,0,0,,0,0
PS Bendul Mrisi,2022-12-15,Beras,Kota Surabaya,kg,11000,False,11000,2022,12,Kamis,0,0,,0,0
PS Bendul Mrisi,2022-12-16,Beras,Kota Surabaya,kg,11000,False,11000,2022,12,Jumat,0,0,,0,0
PS Bendul Mrisi,2022-12-17,Beras,Kota Surabaya,kg,11000,False,11000,2022,12,Sabtu,1,0,,0,0
PS Bendul Mrisi,2022-12-18,Beras,Kota Surabaya,kg,11000,False,11000,2022,12,Minggu,1,0,,0,0
PS Bendul Mrisi,2022-12-19,Beras,Kota Surabaya,kg,11000,False,11000,2022,12,Senin,0,0,,0,0
PS Bendul Mrisi,2022-12-20,Beras,Kota Surabaya,kg,11000,False,11000,2022,12,Selasa,0,0,,0,0
PS Bendul Mrisi,2022-12-21,Beras,Kota Surabaya,kg,11000,False,11000,2022,12,Rabu,0,0,,0,0
PS Bendul Mrisi,2022-12-22,Beras,Kota Surabaya,kg,11000,False,11000,2022,12,Kamis,0,0,,0,0
PS Bendul Mrisi,2022-12-23,Beras,Kota Surabaya,kg,11000,False,11000,2022,12,Jumat,0,0,,0,0
PS Bendul Mrisi,2022-12-24,Beras,Kota Surabaya,kg,11000,False,11000,2022,12,Sabtu,1,0,,0,0
PS Bendul Mrisi,2022-12-25,Beras,Kota Surabaya,kg,11000,False,11000,2022,12,Minggu,1,1,Hari Raya Natal,0,0
PS Bendul Mrisi,2022-12-26,Beras,Kota Surabaya,kg,11000,False,11000,2022,12,Senin,0,0,,0,0
PS Bendul Mrisi,2022-12-27,Beras,Kota Surabaya,kg,11000,False,11000,2022,12,Selasa,0,0,,0,0
PS Bendul Mrisi,2022-12-28,Beras,Kota Surabaya,kg,11000,False,11000,2022,12,Rabu,0,0,,0,0
PS Bendul Mrisi,2022-12-29,Beras,Kota Surabaya,kg,11000,False,11000,2022,12,Kamis,0,0,,0,0
PS Bendul Mrisi,2022-12-30,Beras,Kota Surabaya,kg,11000,False,11000,2022,12,Jumat,0,0,,0,0
PS Bendul Mrisi,2022-12-31,Beras,Kota Surabaya,kg,11000,False,11000,2022,12,Sabtu,1,0,,0,0
PS Bendul Mrisi,2023-01-01,Beras,Kota Surabaya,kg,11000,False,11000,2023,1,Minggu,1,1,Tahun Baru Masehi,0,0
PS Bendul Mrisi,2023-01-02,Beras,Kota Surabaya,kg,11000,False,11000,2023,1,Senin,0,0,,0,0
PS Bendul Mrisi,2023-01-03,Beras,Kota Surabaya,kg,11000,False,11000,2023,1,Selasa,0,0,,0,0
PS Bendul Mrisi,2023-01-04,Beras,Kota Surabaya,kg,11000,False,11000,2023,1,Rabu,0,0,,0,0
PS Bendul Mrisi,2023-01-05,Beras,Kota Surabaya,kg,11000,False,11000,2023,1,Kamis,0,0,,0,0
PS Bendul Mrisi,2023-01-06,Beras,Kota Surabaya,kg,11000,False,11000,2023,1,Jumat,0,0,,0,0
PS Bendul Mrisi,2023-01-07,Beras,Kota Surabaya,kg,11000,False,11000,2023,1,Sabtu,1,0,,0,0
PS Bendul Mrisi,2023-01-08,Beras,Kota Surabaya,kg,11000,False,11000,2023,1,Minggu,1,0,,0,0
PS Bendul Mrisi,2023-01-09,Beras,Kota Surabaya,kg,11000,False,11000,2023,1,Senin,0,0,,0,0
PS Bendul Mrisi,2023-01-10,Beras,Kota Surabaya,kg,11000,False,11000,2023,1,Selasa,0,0,,0,0
PS Bendul Mrisi,2023-01-11,Beras,Kota Surabaya,kg,11000,False,11000,2023,1,Rabu,0,0,,0,0
PS Bendul Mrisi,2023-01-12,Beras,Kota Surabaya,kg,11000,False,11000,2023,1,Kamis,0,0,,0,0
PS Bendul Mrisi,2023-01-13,Beras,Kota Surabaya,kg,11000,False,11000,2023,1,Jumat,0,0,,0,0
PS Bendul Mrisi,2023-01-14,Beras,Kota Surabaya,kg,11000,False,11000,2023,1,Sabtu,1,0,,0,0
PS Bendul Mrisi,2023-01-15,Beras,Kota Surabaya,kg,11000,False,11000,2023,1,Minggu,1,0,,0,0
PS Bendul Mrisi,2023-01-16,Beras,Kota Surabaya,kg,11000,False,11000,2023,1,Senin,0,0,,0,0
PS Bendul Mrisi,2023-01-17,Beras,Kota Surabaya,kg,11000,False,11000,2023,1,Selasa,0,0,,0,0
PS Bendul Mrisi,2023-01-18,Beras,Kota Surabaya,kg,11000,False,11000,2023,1,Rabu,0,0,,0,0
PS Bendul Mrisi,2023-01-19,Beras,Kota Surabaya,kg,11000,False,11000,2023,1,Kamis,0,0,,0,0
PS Bendul Mrisi,2023-01-20,Beras,Kota Surabaya,kg,11000,False,11000,2023,1,Jumat,0,0,,0,0
PS Bendul Mrisi,2023-01-21,Beras,Kota Surabaya,kg,11000,False,11000,2023,1,Sabtu,1,0,,0,0
PS Bendul Mrisi,2023-01-22,Beras,Kota Surabaya,kg,11000,False,11000,2023,1,Minggu,1,1,Tahun Baru Imlek,0,0
PS Bendul Mrisi,2023-01-23,Beras,Kota Surabaya,kg,11000,False,11000,2023,1,Senin,0,1,Cuti Bersama Tahun Baru Imlek,0,0
PS Bendul Mrisi,2023-01-24,Beras,Kota Surabaya,kg,11000,False,11000,2023,1,Selasa,0,0,,0,0
PS Bendul Mrisi,2023-01-25,Beras,Kota Surabaya,kg,11000,False,11000,2023,1,Rabu,0,0,,0,0
PS Bendul Mrisi,2023-01-26,Beras,Kota Surabaya,kg,11000,False,11000,2023,1,Kamis,0,0,,0,0
PS Bendul Mrisi,2023-01-27,Beras,Kota Surabaya,kg,11000,False,11000,2023,1,Jumat,0,0,,0,0
PS Bendul Mrisi,2023-01-28,Beras,Kota Surabaya,kg,11000,False,11000,2023,1,Sabtu,1,0,,0,0
PS Bendul Mrisi,2023-01-29,Beras,Kota Surabaya,kg,11000,False,11000,2023,1,Minggu,1,0,,0,0
PS Bendul Mrisi,2023-01-30,Beras,Kota Surabaya,kg,11000,False,11000,2023,1,Senin,0,0,,0,0
PS Bendul Mrisi,2023-01-31,Beras,Kota Surabaya,kg,11000,False,11000,2023,1,Selasa,0,0,,0,0
PS Bendul Mrisi,2023-02-01,Beras,Kota Surabaya,kg,11000,False,11000,2023,2,Rabu,0,0,,0,0
PS Bendul Mrisi,2023-02-02,Beras,Kota Surabaya,kg,12000,False,12000,2023,2,Kamis,0,0,,0,0
PS Bendul Mrisi,2023-02-03,Beras,Kota Surabaya,kg,12000,False,12000,2023,2,Jumat,0,0,,0,0
PS Bendul Mrisi,2023-02-04,Beras,Kota Surabaya,kg,12000,False,12000,2023,2,Sabtu,1,0,,0,0
PS Bendul Mrisi,2023-02-05,Beras,Kota Surabaya,kg,12000,False,12000,2023,2,Minggu,1,0,,0,0
PS Bendul Mrisi,2023-02-06,Beras,Kota Surabaya,kg,12000,False,12000,2023,2,Senin,0,0,,0,0
PS Bendul Mrisi,2023-02-07,Beras,Kota Surabaya,kg,12000,False,12000,2023,2,Selasa,0,0,,0,0
PS Bendul Mrisi,2023-02-08,Beras,Kota Surabaya,kg,12000,False,12000,2023,2,Rabu,0,0,,0,0
PS Bendul Mrisi,2023-02-09,Beras,Kota Surabaya,kg,12000,False,12000,2023,2,Kamis,0,0,,0,0
PS Bendul Mrisi,2023-02-10,Beras,Kota Surabaya,kg,12500,False,12500,2023,2,Jumat,0,0,,0,0
PS Bendul Mrisi,2023-02-11,Beras,Kota Surabaya,kg,11500,False,11500,2023,2,Sabtu,1,0,,0,0
PS Bendul Mrisi,2023-02-12,Beras,Kota Surabaya,kg,11500,False,11500,2023,2,Minggu,1,0,,0,0
PS Bendul Mrisi,2023-02-13,Beras,Kota Surabaya,kg,11500,False,11500,2023,2,Senin,0,0,,0,0
PS Bendul Mrisi,2023-02-14,Beras,Kota Surabaya,kg,11500,False,11500,2023,2,Selasa,0,0,,0,0
PS Bendul Mrisi,2023-02-15,Beras,Kota Surabaya,kg,11500,False,11500,2023,2,Rabu,0,0,,0,0
PS Bendul Mrisi,2023-02-16,Beras,Kota Surabaya,kg,11500,False,11500,2023,2,Kamis,0,0,,0,0
PS Bendul Mrisi,2023-02-17,Beras,Kota Surabaya,kg,11500,False,11500,2023,2,Jumat,0,0,,0,0
PS Bendul Mrisi,2023-02-18,Beras,Kota Surabaya,kg,11500,False,11500,2023,2,Sabtu,1,1,Isra Mikraj Nabi Muhammad,0,0
PS Bendul Mrisi,2023-02-19,Beras,Kota Surabaya,kg,11500,False,11500,2023,2,Minggu,1,0,,0,0
PS Bendul Mrisi,2023-02-20,Beras,Kota Surabaya,kg,11500,False,11500,2023,2,Senin,0,0,,0,0
PS Bendul Mrisi,2023-02-21,Beras,Kota Surabaya,kg,11500,False,11500,2023,2,Selasa,0,0,,0,0
PS Bendul Mrisi,2023-02-22,Beras,Kota Surabaya,kg,11500,False,11500,2023,2,Rabu,0,0,,0,0
PS Bendul Mrisi,2023-02-23,Beras,Kota Surabaya,kg,11500,False,11500,2023,2,Kamis,0,0,,0,0
PS Bendul Mrisi,2023-02-24,Beras,Kota Surabaya,kg,11500,False,11500,2023,2,Jumat,0,0,,0,0
PS Bendul Mrisi,2023-02-25,Beras,Kota Surabaya,kg,11500,False,11500,2023,2,Sabtu,1,0,,0,0
PS Bendul Mrisi,2023-02-26,Beras,Kota Surabaya,kg,11500,False,11500,2023,2,Minggu,1,0,,0,0
PS Bendul Mrisi,2023-02-27,Beras,Kota Surabaya,kg,11500,False,11500,2023,2,Senin,0,0,,0,0
PS Bendul Mrisi,2023-02-28,Beras,Kota Surabaya,kg,11500,False,11500,2023,2,Selasa,0,0,,0,0
PS Bendul Mrisi,2023-03-01,Beras,Kota Surabaya,kg,11500,False,11500,2023,3,Rabu,0,0,,0,0
PS Bendul Mrisi,2023-03-02,Beras,Kota Surabaya,kg,11500,False,11500,2023,3,Kamis,0,0,,0,0
PS Bendul Mrisi,2023-03-03,Beras,Kota Surabaya,kg,11500,False,11500,2023,3,Jumat,0,0,,0,0
PS Bendul Mrisi,2023-03-04,Beras,Kota Surabaya,kg,11500,False,11500,2023,3,Sabtu,1,0,,0,0
PS Bendul Mrisi,2023-03-05,Beras,Kota Surabaya,kg,11500,False,11500,2023,3,Minggu,1,0,,0,0
PS Bendul Mrisi,2023-03-06,Beras,Kota Surabaya,kg,11500,False,11500,2023,3,Senin,0,0,,0,0
PS Bendul Mrisi,2023-03-07,Beras,Kota Surabaya,kg,11500,False,11500,2023,3,Selasa,0,0,,0,0
PS Bendul Mrisi,2023-03-08,Beras,Kota Surabaya,kg,11500,False,11500,2023,3,Rabu,0,0,,0,0
PS Bendul Mrisi,2023-03-09,Beras,Kota Surabaya,kg,11500,False,11500,2023,3,Kamis,0,0,,0,1
PS Bendul Mrisi,2023-03-10,Beras,Kota Surabaya,kg,11500,False,11500,2023,3,Jumat,0,0,,0,1
PS Bendul Mrisi,2023-03-11,Beras,Kota Surabaya,kg,11500,False,11500,2023,3,Sabtu,1,0,,0,1
PS Bendul Mrisi,2023-03-12,Beras,Kota Surabaya,kg,11500,False,11500,2023,3,Minggu,1,0,,0,1
PS Bendul Mrisi,2023-03-13,Beras,Kota Surabaya,kg,11500,False,11500,2023,3,Senin,0,0,,0,1
PS Bendul Mrisi,2023-03-14,Beras,Kota Surabaya,kg,11500,False,11500,2023,3,Selasa,0,0,,0,1
PS Bendul Mrisi,2023-03-15,Beras,Kota Surabaya,kg,11500,False,11500,2023,3,Rabu,0,0,,0,1
PS Bendul Mrisi,2023-03-16,Beras,Kota Surabaya,kg,11500,False,11500,2023,3,Kamis,0,0,,0,1
PS Bendul Mrisi,2023-03-17,Beras,Kota Surabaya,kg,11500,False,11500,2023,3,Jumat,0,0,,0,1
PS Bendul Mrisi,2023-03-18,Beras,Kota Surabaya,kg,11500,False,11500,2023,3,Sabtu,1,0,,0,1
PS Bendul Mrisi,2023-03-19,Beras,Kota Surabaya,kg,11500,False,11500,2023,3,Minggu,1,0,,0,1
PS Bendul Mrisi,2023-03-20,Beras,Kota Surabaya,kg,11500,False,11500,2023,3,Senin,0,0,,0,1
PS Bendul Mrisi,2023-03-21,Beras,Kota Surabaya,kg,11500,False,11500,2023,3,Selasa,0,0,,0,1
PS Bendul Mrisi,2023-03-22,Beras,Kota Surabaya,kg,11500,False,11500,2023,3,Rabu,0,1,Hari Suci Nyepi,0,1
PS Bendul Mrisi,2023-03-23,Beras,Kota Surabaya,kg,11500,False,11500,2023,3,Kamis,0,1,Cuti Bersama Hari Suci Nyepi,1,0
PS Bendul Mrisi,2023-03-24,Beras,Kota Surabaya,kg,11500,False,11500,2023,3,Jumat,0,0,,1,0
PS Bendul Mrisi,2023-03-25,Beras,Kota Surabaya,kg,11500,False,11500,2023,3,Sabtu,1,0,,1,0
PS Bendul Mrisi,2023-03-26,Beras,Kota Surabaya,kg,11500,False,11500,2023,3,Minggu,1,0,,1,0
PS Bendul Mrisi,2023-03-27,Beras,Kota Surabaya,kg,11500,False,11500,2023,3,Senin,0,0,,1,0
PS Bendul Mrisi,2023-03-28,Beras,Kota Surabaya,kg,11500,False,11500,2023,3,Selasa,0,0,,1,0
PS Bendul Mrisi,2023-03-29,Beras,Kota Surabaya,kg,11500,False,11500,2023,3,Rabu,0,0,,1,0
PS Bendul Mrisi,2023-03-30,Beras,Kota Surabaya,kg,11500,False,11500,2023,3,Kamis,0,0,,1,0
PS Bendul Mrisi,2023-03-31,Beras,Kota Surabaya,kg,11500,False,11500,2023,3,Jumat,0,0,,1,0
PS Bendul Mrisi,2023-04-01,Beras,Kota Surabaya,kg,11500,False,11500,2023,4,Sabtu,1,0,,1,0
PS Bendul Mrisi,2023-04-02,Beras,Kota Surabaya,kg,11500,False,11500,2023,4,Minggu,1,0,,1,0
PS Bendul Mrisi,2023-04-03,Beras,Kota Surabaya,kg,11500,False,11500,2023,4,Senin,0,0,,1,0
PS Bendul Mrisi,2023-04-04,Beras,Kota Surabaya,kg,11500,False,11500,2023,4,Selasa,0,0,,1,0
PS Bendul Mrisi,2023-04-05,Beras,Kota Surabaya,kg,11500,False,11500,2023,4,Rabu,0,0,,1,0
PS Bendul Mrisi,2023-04-06,Beras,Kota Surabaya,kg,11500,False,11500,2023,4,Kamis,0,0,,1,0
PS Bendul Mrisi,2023-04-07,Beras,Kota Surabaya,kg,11500,False,11500,2023,4,Jumat,0,1,Wafat Yesus Kristus,1,0
PS Bendul Mrisi,2023-04-08,Beras,Kota Surabaya,kg,11500,False,11500,2023,4,Sabtu,1,0,,1,0
PS Bendul Mrisi,2023-04-09,Beras,Kota Surabaya,kg,11500,False,11500,2023,4,Minggu,1,0,,1,0
PS Bendul Mrisi,2023-04-10,Beras,Kota Surabaya,kg,11500,False,11500,2023,4,Senin,0,0,,1,0
PS Bendul Mrisi,2023-04-11,Beras,Kota Surabaya,kg,11500,False,11500,2023,4,Selasa,0,0,,1,0
PS Bendul Mrisi,2023-04-12,Beras,Kota Surabaya,kg,11500,False,11500,2023,4,Rabu,0,0,,1,0
PS Bendul Mrisi,2023-04-13,Beras,Kota Surabaya,kg,11500,False,11500,2023,4,Kamis,0,0,,1,0
PS Bendul Mrisi,2023-04-14,Beras,Kota Surabaya,kg,11500,False,11500,2023,4,Jumat,0,0,,1,0
PS Bendul Mrisi,2023-04-15,Beras,Kota Surabaya,kg,11500,False,11500,2023,4,Sabtu,1,0,,1,0
PS Bendul Mrisi,2023-04-16,Beras,Kota Surabaya,kg,11500,False,11500,2023,4,Minggu,1,0,,1,0
PS Bendul Mrisi,2023-04-17,Beras,Kota Surabaya,kg,11500,False,11500,2023,4,Senin,0,0,,1,0
PS Bendul Mrisi,2023-04-18,Beras,Kota Surabaya,kg,11500,False,11500,2023,4,Selasa,0,0,,1,0
PS Bendul Mrisi,2023-04-19,Beras,Kota Surabaya,kg,11500,False,11500,2023,4,Rabu,0,1,Cuti Bersama Hari Raya Idul Fitri,1,0
PS Bendul Mrisi,2023-04-20,Beras,Kota Surabaya,kg,11500,False,11500,2023,4,Kamis,0,1,Cuti Bersama Hari Raya Idul Fitri,1,0
PS Bendul Mrisi,2023-04-21,Beras,Kota Surabaya,kg,11500,False,11500,2023,4,Jumat,0,1,Cuti Bersama Hari Raya Idul Fitri,1,0
PS Bendul Mrisi,2023-04-22,Beras,Kota Surabaya,kg,11500,False,11500,2023,4,Sabtu,1,1,Hari Raya Idul Fitri,0,0
PS Bendul Mrisi,2023-04-23,Beras,Kota Surabaya,kg,11500,False,11500,2023,4,Minggu,1,1,Hari kedua dari Hari Raya Idul Fitri,0,0
PS Bendul Mrisi,2023-04-24,Beras,Kota Surabaya,kg,11500,False,11500,2023,4,Senin,0,1,Cuti Bersama Hari Raya Idul Fitri,0,0
PS Bendul Mrisi,2023-04-25,Beras,Kota Surabaya,kg,11500,False,11500,2023,4,Selasa,0,1,Cuti Bersama Hari Raya Idul Fitri,0,0
PS Bendul Mrisi,2023-04-26,Beras,Kota Surabaya,kg,11500,False,11500,2023,4,Rabu,0,0,,0,0
PS Bendul Mrisi,2023-04-27,Beras,Kota Surabaya,kg,11500,False,11500,2023,4,Kamis,0,0,,0,0
PS Bendul Mrisi,2023-04-28,Beras,Kota Surabaya,kg,11500,False,11500,2023,4,Jumat,0,0,,0,0
PS Bendul Mrisi,2023-04-29,Beras,Kota Surabaya,kg,11500,False,11500,2023,4,Sabtu,1,0,,0,0
PS Bendul Mrisi,2023-04-30,Beras,Kota Surabaya,kg,11500,False,11500,2023,4,Minggu,1,0,,0,0
PS Bendul Mrisi,2023-05-01,Beras,Kota Surabaya,kg,11500,False,11500,2023,5,Senin,0,1,Hari Buruh Internasional,0,0
PS Bendul Mrisi,2023-05-02,Beras,Kota Surabaya,kg,11500,False,11500,2023,5,Selasa,0,0,,0,0
PS Bendul Mrisi,2023-05-03,Beras,Kota Surabaya,kg,11500,False,11500,2023,5,Rabu,0,0,,0,0
PS Bendul Mrisi,2023-05-04,Beras,Kota Surabaya,kg,11500,False,11500,2023,5,Kamis,0,0,,0,0
PS Bendul Mrisi,2023-05-05,Beras,Kota Surabaya,kg,11500,False,11500,2023,5,Jumat,0,0,,0,0
PS Bendul Mrisi,2023-05-06,Beras,Kota Surabaya,kg,11500,False,11500,2023,5,Sabtu,1,0,,0,0
PS Bendul Mrisi,2023-05-07,Beras,Kota Surabaya,kg,11500,False,11500,2023,5,Minggu,1,0,,0,0
PS Bendul Mrisi,2023-05-08,Beras,Kota Surabaya,kg,11500,False,11500,2023,5,Senin,0,0,,0,0
PS Bendul Mrisi,2023-05-09,Beras,Kota Surabaya,kg,11500,False,11500,2023,5,Selasa,0,0,,0,0
PS Bendul Mrisi,2023-05-10,Beras,Kota Surabaya,kg,11500,False,11500,2023,5,Rabu,0,0,,0,0
PS Bendul Mrisi,2023-05-11,Beras,Kota Surabaya,kg,11500,False,11500,2023,5,Kamis,0,0,,0,0
PS Bendul Mrisi,2023-05-12,Beras,Kota Surabaya,kg,11500,False,11500,2023,5,Jumat,0,0,,0,0
PS Bendul Mrisi,2023-05-13,Beras,Kota Surabaya,kg,11500,False,11500,2023,5,Sabtu,1,0,,0,0
PS Bendul Mrisi,2023-05-14,Beras,Kota Surabaya,kg,11500,False,11500,2023,5,Minggu,1,0,,0,0
PS Bendul Mrisi,2023-05-15,Beras,Kota Surabaya,kg,11500,False,11500,2023,5,Senin,0,0,,0,0
PS Bendul Mrisi,2023-05-16,Beras,Kota Surabaya,kg,11500,False,11500,2023,5,Selasa,0,0,,0,0
PS Bendul Mrisi,2023-05-17,Beras,Kota Surabaya,kg,11500,False,11500,2023,5,Rabu,0,0,,0,0
PS Bendul Mrisi,2023-05-18,Beras,Kota Surabaya,kg,11500,False,11500,2023,5,Kamis,0,1,Kenaikan Yesus Kristus,0,0
PS Bendul Mrisi,2023-05-19,Beras,Kota Surabaya,kg,11500,False,11500,2023,5,Jumat,0,0,,0,0
PS Bendul Mrisi,2023-05-20,Beras,Kota Surabaya,kg,11500,False,11500,2023,5,Sabtu,1,0,,0,0
PS Bendul Mrisi,2023-05-21,Beras,Kota Surabaya,kg,11500,False,11500,2023,5,Minggu,1,0,,0,0
PS Bendul Mrisi,2023-05-22,Beras,Kota Surabaya,kg,11500,False,11500,2023,5,Senin,0,0,,0,0
PS Bendul Mrisi,2023-05-23,Beras,Kota Surabaya,kg,11500,False,11500,2023,5,Selasa,0,0,,0,0
PS Bendul Mrisi,2023-05-24,Beras,Kota Surabaya,kg,11500,False,11500,2023,5,Rabu,0,0,,0,0
PS Bendul Mrisi,2023-05-25,Beras,Kota Surabaya,kg,11500,False,11500,2023,5,Kamis,0,0,,0,0
PS Bendul Mrisi,2023-05-26,Beras,Kota Surabaya,kg,11500,False,11500,2023,5,Jumat,0,0,,0,0
PS Bendul Mrisi,2023-05-27,Beras,Kota Surabaya,kg,11500,False,11500,2023,5,Sabtu,1,0,,0,0
PS Bendul Mrisi,2023-05-28,Beras,Kota Surabaya,kg,11500,False,11500,2023,5,Minggu,1,0,,0,0
PS Bendul Mrisi,2023-05-29,Beras,Kota Surabaya,kg,11500,False,11500,2023,5,Senin,0,0,,0,0
PS Bendul Mrisi,2023-05-30,Beras,Kota Surabaya,kg,11500,False,11500,2023,5,Selasa,0,0,,0,0
PS Bendul Mrisi,2023-05-31,Beras,Kota Surabaya,kg,11500,False,11500,2023,5,Rabu,0,0,,0,0
PS Bendul Mrisi,2023-06-01,Beras,Kota Surabaya,kg,11500,False,11500,2023,6,Kamis,0,1,Hari Lahir Pancasila,0,0
PS Bendul Mrisi,2023-06-02,Beras,Kota Surabaya,kg,11500,False,11500,2023,6,Jumat,0,1,Cuti Bersama Hari Raya Waisak,0,0
PS Bendul Mrisi,2023-06-03,Beras,Kota Surabaya,kg,11500,False,11500,2023,6,Sabtu,1,0,,0,0
PS Bendul Mrisi,2023-06-04,Beras,Kota Surabaya,kg,11500,False,11500,2023,6,Minggu,1,1,Hari Raya Waisak,0,0
PS Bendul Mrisi,2023-06-05,Beras,Kota Surabaya,kg,11500,False,11500,2023,6,Senin,0,0,,0,0
PS Bendul Mrisi,2023-06-06,Beras,Kota Surabaya,kg,11500,False,11500,2023,6,Selasa,0,0,,0,0
PS Bendul Mrisi,2023-06-07,Beras,Kota Surabaya,kg,11500,False,11500,2023,6,Rabu,0,0,,0,0
PS Bendul Mrisi,2023-06-08,Beras,Kota Surabaya,kg,11500,False,11500,2023,6,Kamis,0,0,,0,0
PS Bendul Mrisi,2023-06-09,Beras,Kota Surabaya,kg,11500,False,11500,2023,6,Jumat,0,0,,0,0
PS Bendul Mrisi,2023-06-10,Beras,Kota Surabaya,kg,11500,False,11500,2023,6,Sabtu,1,0,,0,0
PS Bendul Mrisi,2023-06-11,Beras,Kota Surabaya,kg,11500,False,11500,2023,6,Minggu,1,0,,0,0
PS Bendul Mrisi,2023-06-12,Beras,Kota Surabaya,kg,11500,False,11500,2023,6,Senin,0,0,,0,0
PS Bendul Mrisi,2023-06-13,Beras,Kota Surabaya,kg,11500,False,11500,2023,6,Selasa,0,0,,0,0
PS Bendul Mrisi,2023-06-14,Beras,Kota Surabaya,kg,11500,False,11500,2023,6,Rabu,0,0,,0,0
PS Bendul Mrisi,2023-06-15,Beras,Kota Surabaya,kg,11500,False,11500,2023,6,Kamis,0,0,,0,0
PS Bendul Mrisi,2023-06-16,Beras,Kota Surabaya,kg,11500,False,11500,2023,6,Jumat,0,0,,0,0
PS Bendul Mrisi,2023-06-17,Beras,Kota Surabaya,kg,11500,False,11500,2023,6,Sabtu,1,0,,0,0
PS Bendul Mrisi,2023-06-18,Beras,Kota Surabaya,kg,11500,False,11500,2023,6,Minggu,1,0,,0,0
PS Bendul Mrisi,2023-06-19,Beras,Kota Surabaya,kg,11500,False,11500,2023,6,Senin,0,0,,0,0
PS Bendul Mrisi,2023-06-20,Beras,Kota Surabaya,kg,11500,False,11500,2023,6,Selasa,0,0,,0,0
PS Bendul Mrisi,2023-06-21,Beras,Kota Surabaya,kg,11500,False,11500,2023,6,Rabu,0,0,,0,0
PS Bendul Mrisi,2023-06-22,Beras,Kota Surabaya,kg,11500,False,11500,2023,6,Kamis,0,0,,0,0
PS Bendul Mrisi,2023-06-23,Beras,Kota Surabaya,kg,11500,False,11500,2023,6,Jumat,0,0,,0,0
PS Bendul Mrisi,2023-06-24,Beras,Kota Surabaya,kg,11500,False,11500,2023,6,Sabtu,1,0,,0,0
PS Bendul Mrisi,2023-06-25,Beras,Kota Surabaya,kg,11500,False,11500,2023,6,Minggu,1,0,,0,0
PS Bendul Mrisi,2023-06-26,Beras,Kota Surabaya,kg,11500,False,11500,2023,6,Senin,0,0,,0,0
PS Bendul Mrisi,2023-06-27,Beras,Kota Surabaya,kg,11500,False,11500,2023,6,Selasa,0,0,,0,0
PS Bendul Mrisi,2023-06-28,Beras,Kota Surabaya,kg,11500,False,11500,2023,6,Rabu,0,1,Cuti Bersama Hari Raya Idul Adha,0,0
PS Bendul Mrisi,2023-06-29,Beras,Kota Surabaya,kg,11500,False,11500,2023,6,Kamis,0,1,Hari Raya Idul Adha,0,0
PS Bendul Mrisi,2023-06-30,Beras,Kota Surabaya,kg,11500,False,11500,2023,6,Jumat,0,1,Cuti Bersama Hari Raya Idul Adha,0,0
PS Bendul Mrisi,2023-07-01,Beras,Kota Surabaya,kg,11500,False,11500,2023,7,Sabtu,1,0,,0,0
PS Bendul Mrisi,2023-07-02,Beras,Kota Surabaya,kg,11500,False,11500,2023,7,Minggu,1,0,,0,0
PS Bendul Mrisi,2023-07-03,Beras,Kota Surabaya,kg,11500,False,11500,2023,7,Senin,0,0,,0,0
PS Bendul Mrisi,2023-07-04,Beras,Kota Surabaya,kg,11500,False,11500,2023,7,Selasa,0,0,,0,0
PS Bendul Mrisi,2023-07-05,Beras,Kota Surabaya,kg,11500,False,11500,2023,7,Rabu,0,0,,0,0
PS Bendul Mrisi,2023-07-06,Beras,Kota Surabaya,kg,11500,False,11500,2023,7,Kamis,0,0,,0,0
PS Bendul Mrisi,2023-07-07,Beras,Kota Surabaya,kg,11500,False,11500,2023,7,Jumat,0,0,,0,0
PS Bendul Mrisi,2023-07-08,Beras,Kota Surabaya,kg,11500,False,11500,2023,7,Sabtu,1,0,,0,0
PS Bendul Mrisi,2023-07-09,Beras,Kota Surabaya,kg,11500,False,11500,2023,7,Minggu,1,0,,0,0
PS Bendul Mrisi,2023-07-10,Beras,Kota Surabaya,kg,11500,False,11500,2023,7,Senin,0,0,,0,0
PS Bendul Mrisi,2023-07-11,Beras,Kota Surabaya,kg,11500,False,11500,2023,7,Selasa,0,0,,0,0
PS Bendul Mrisi,2023-07-12,Beras,Kota Surabaya,kg,11500,False,11500,2023,7,Rabu,0,0,,0,0
PS Bendul Mrisi,2023-07-13,Beras,Kota Surabaya,kg,11500,False,11500,2023,7,Kamis,0,0,,0,0
PS Bendul Mrisi,2023-07-14,Beras,Kota Surabaya,kg,11500,False,11500,2023,7,Jumat,0,0,,0,0
PS Bendul Mrisi,2023-07-15,Beras,Kota Surabaya,kg,11500,False,11500,2023,7,Sabtu,1,0,,0,0
PS Bendul Mrisi,2023-07-16,Beras,Kota Surabaya,kg,11500,False,11500,2023,7,Minggu,1,0,,0,0
PS Bendul Mrisi,2023-07-17,Beras,Kota Surabaya,kg,11500,False,11500,2023,7,Senin,0,0,,0,0
PS Bendul Mrisi,2023-07-18,Beras,Kota Surabaya,kg,11500,False,11500,2023,7,Selasa,0,0,,0,0
PS Bendul Mrisi,2023-07-19,Beras,Kota Surabaya,kg,11500,False,11500,2023,7,Rabu,0,1,Tahun Baru Islam,0,0
PS Bendul Mrisi,2023-07-20,Beras,Kota Surabaya,kg,11500,False,11500,2023,7,Kamis,0,0,,0,0
PS Bendul Mrisi,2023-07-21,Beras,Kota Surabaya,kg,11500,False,11500,2023,7,Jumat,0,0,,0,0
PS Bendul Mrisi,2023-07-22,Beras,Kota Surabaya,kg,11500,False,11500,2023,7,Sabtu,1,0,,0,0
PS Bendul Mrisi,2023-07-23,Beras,Kota Surabaya,kg,11500,False,11500,2023,7,Minggu,1,0,,0,0
PS Bendul Mrisi,2023-07-24,Beras,Kota Surabaya,kg,11500,False,11500,2023,7,Senin,0,0,,0,0
PS Bendul Mrisi,2023-07-25,Beras,Kota Surabaya,kg,11500,False,11500,2023,7,Selasa,0,0,,0,0
PS Bendul Mrisi,2023-07-26,Beras,Kota Surabaya,kg,11500,False,11500,2023,7,Rabu,0,0,,0,0
PS Bendul Mrisi,2023-07-27,Beras,Kota Surabaya,kg,11500,False,11500,2023,7,Kamis,0,0,,0,0
PS Bendul Mrisi,2023-07-28,Beras,Kota Surabaya,kg,11500,False,11500,2023,7,Jumat,0,0,,0,0
PS Bendul Mrisi,2023-07-29,Beras,Kota Surabaya,kg,11500,False,11500,2023,7,Sabtu,1,0,,0,0
PS Bendul Mrisi,2023-07-30,Beras,Kota Surabaya,kg,11500,False,11500,2023,7,Minggu,1,0,,0,0
PS Bendul Mrisi,2023-07-31,Beras,Kota Surabaya,kg,11500,False,11500,2023,7,Senin,0,0,,0,0
PS Bendul Mrisi,2023-08-01,Beras,Kota Surabaya,kg,11500,False,11500,2023,8,Selasa,0,0,,0,0
PS Bendul Mrisi,2023-08-02,Beras,Kota Surabaya,kg,11500,False,11500,2023,8,Rabu,0,0,,0,0
PS Bendul Mrisi,2023-08-03,Beras,Kota Surabaya,kg,11500,False,11500,2023,8,Kamis,0,0,,0,0
PS Bendul Mrisi,2023-08-04,Beras,Kota Surabaya,kg,11500,False,11500,2023,8,Jumat,0,0,,0,0
PS Bendul Mrisi,2023-08-05,Beras,Kota Surabaya,kg,11500,False,11500,2023,8,Sabtu,1,0,,0,0
PS Bendul Mrisi,2023-08-06,Beras,Kota Surabaya,kg,11500,False,11500,2023,8,Minggu,1,0,,0,0
PS Bendul Mrisi,2023-08-07,Beras,Kota Surabaya,kg,11500,False,11500,2023,8,Senin,0,0,,0,0
PS Bendul Mrisi,2023-08-08,Beras,Kota Surabaya,kg,11500,False,11500,2023,8,Selasa,0,0,,0,0
PS Bendul Mrisi,2023-08-09,Beras,Kota Surabaya,kg,11500,False,11500,2023,8,Rabu,0,0,,0,0
PS Bendul Mrisi,2023-08-10,Beras,Kota Surabaya,kg,11500,False,11500,2023,8,Kamis,0,0,,0,0
PS Bendul Mrisi,2023-08-11,Beras,Kota Surabaya,kg,11500,False,11500,2023,8,Jumat,0,0,,0,0
PS Bendul Mrisi,2023-08-12,Beras,Kota Surabaya,kg,11500,False,11500,2023,8,Sabtu,1,0,,0,0
PS Bendul Mrisi,2023-08-13,Beras,Kota Surabaya,kg,11500,False,11500,2023,8,Minggu,1,0,,0,0
PS Bendul Mrisi,2023-08-14,Beras,Kota Surabaya,kg,11500,False,11500,2023,8,Senin,0,0,,0,0
PS Bendul Mrisi,2023-08-15,Beras,Kota Surabaya,kg,11500,False,11500,2023,8,Selasa,0,0,,0,0
PS Bendul Mrisi,2023-08-16,Beras,Kota Surabaya,kg,11500,False,11500,2023,8,Rabu,0,0,,0,0
PS Bendul Mrisi,2023-08-17,Beras,Kota Surabaya,kg,11500,False,11500,2023,8,Kamis,0,1,Hari Kemerdekaan Republik Indonesia,0,0
PS Bendul Mrisi,2023-08-18,Beras,Kota Surabaya,kg,11500,False,11500,2023,8,Jumat,0,0,,0,0
PS Bendul Mrisi,2023-08-19,Beras,Kota Surabaya,kg,11500,False,11500,2023,8,Sabtu,1,0,,0,0
PS Bendul Mrisi,2023-08-20,Beras,Kota Surabaya,kg,11500,False,11500,2023,8,Minggu,1,0,,0,0
PS Bendul Mrisi,2023-08-21,Beras,Kota Surabaya,kg,11500,False,11500,2023,8,Senin,0,0,,0,0
PS Bendul Mrisi,2023-08-22,Beras,Kota Surabaya,kg,11500,False,11500,2023,8,Selasa,0,0,,0,0
PS Bendul Mrisi,2023-08-23,Beras,Kota Surabaya,kg,11500,False,11500,2023,8,Rabu,0,0,,0,0
PS Bendul Mrisi,2023-08-24,Beras,Kota Surabaya,kg,11500,False,11500,2023,8,Kamis,0,0,,0,0
PS Bendul Mrisi,2023-08-25,Beras,Kota Surabaya,kg,11500,False,11500,2023,8,Jumat,0,0,,0,0
PS Bendul Mrisi,2023-08-26,Beras,Kota Surabaya,kg,11500,False,11500,2023,8,Sabtu,1,0,,0,0
PS Bendul Mrisi,2023-08-27,Beras,Kota Surabaya,kg,11500,False,11500,2023,8,Minggu,1,0,,0,0
PS Bendul Mrisi,2023-08-28,Beras,Kota Surabaya,kg,11500,False,11500,2023,8,Senin,0,0,,0,0
PS Bendul Mrisi,2023-08-29,Beras,Kota Surabaya,kg,11500,False,11500,2023,8,Selasa,0,0,,0,0
PS Bendul Mrisi,2023-08-30,Beras,Kota Surabaya,kg,11500,False,11500,2023,8,Rabu,0,0,,0,0
PS Bendul Mrisi,2023-08-31,Beras,Kota Surabaya,kg,11500,False,11500,2023,8,Kamis,0,0,,0,0
PS Bendul Mrisi,2023-09-01,Beras,Kota Surabaya,kg,11500,False,11500,2023,9,Jumat,0,0,,0,0
PS Bendul Mrisi,2023-09-02,Beras,Kota Surabaya,kg,11500,False,11500,2023,9,Sabtu,1,0,,0,0
PS Bendul Mrisi,2023-09-03,Beras,Kota Surabaya,kg,11500,False,11500,2023,9,Minggu,1,0,,0,0
PS Bendul Mrisi,2023-09-04,Beras,Kota Surabaya,kg,11500,False,11500,2023,9,Senin,0,0,,0,0
PS Bendul Mrisi,2023-09-05,Beras,Kota Surabaya,kg,11500,False,11500,2023,9,Selasa,0,0,,0,0
PS Bendul Mrisi,2023-09-06,Beras,Kota Surabaya,kg,11500,False,11500,2023,9,Rabu,0,0,,0,0
PS Bendul Mrisi,2023-09-07,Beras,Kota Surabaya,kg,11500,False,11500,2023,9,Kamis,0,0,,0,0
PS Bendul Mrisi,2023-09-08,Beras,Kota Surabaya,kg,11500,False,11500,2023,9,Jumat,0,0,,0,0
PS Bendul Mrisi,2023-09-09,Beras,Kota Surabaya,kg,11500,False,11500,2023,9,Sabtu,1,0,,0,0
PS Bendul Mrisi,2023-09-10,Beras,Kota Surabaya,kg,11500,False,11500,2023,9,Minggu,1,0,,0,0
PS Bendul Mrisi,2023-09-11,Beras,Kota Surabaya,kg,11500,False,11500,2023,9,Senin,0,0,,0,0
PS Bendul Mrisi,2023-09-12,Beras,Kota Surabaya,kg,11500,False,11500,2023,9,Selasa,0,0,,0,0
PS Bendul Mrisi,2023-09-13,Beras,Kota Surabaya,kg,11500,False,11500,2023,9,Rabu,0,0,,0,0
PS Bendul Mrisi,2023-09-14,Beras,Kota Surabaya,kg,11500,False,11500,2023,9,Kamis,0,0,,0,0
PS Bendul Mrisi,2023-09-15,Beras,Kota Surabaya,kg,11500,False,11500,2023,9,Jumat,0,0,,0,0
PS Bendul Mrisi,2023-09-16,Beras,Kota Surabaya,kg,11500,False,11500,2023,9,Sabtu,1,0,,0,0
PS Bendul Mrisi,2023-09-17,Beras,Kota Surabaya,kg,11500,False,11500,2023,9,Minggu,1,0,,0,0
PS Bendul Mrisi,2023-09-18,Beras,Kota Surabaya,kg,11500,False,11500,2023,9,Senin,0,0,,0,0
PS Bendul Mrisi,2023-09-19,Beras,Kota Surabaya,kg,11500,False,11500,2023,9,Selasa,0,0,,0,0
PS Bendul Mrisi,2023-09-20,Beras,Kota Surabaya,kg,11500,False,11500,2023,9,Rabu,0,0,,0,0
PS Bendul Mrisi,2023-09-21,Beras,Kota Surabaya,kg,12500,False,12500,2023,9,Kamis,0,0,,0,0
PS Bendul Mrisi,2023-09-22,Beras,Kota Surabaya,kg,12500,False,12500,2023,9,Jumat,0,0,,0,0
PS Bendul Mrisi,2023-09-23,Beras,Kota Surabaya,kg,12500,False,12500,2023,9,Sabtu,1,0,,0,0
PS Bendul Mrisi,2023-09-24,Beras,Kota Surabaya,kg,12500,False,12500,2023,9,Minggu,1,0,,0,0
PS Bendul Mrisi,2023-09-25,Beras,Kota Surabaya,kg,12500,False,12500,2023,9,Senin,0,0,,0,0
PS Bendul Mrisi,2023-09-26,Beras,Kota Surabaya,kg,12500,False,12500,2023,9,Selasa,0,0,,0,0
PS Bendul Mrisi,2023-09-27,Beras,Kota Surabaya,kg,12500,False,12500,2023,9,Rabu,0,0,,0,0
PS Bendul Mrisi,2023-09-28,Beras,Kota Surabaya,kg,12500,False,12500,2023,9,Kamis,0,1,Maulid Nabi Muhammad,0,0
PS Bendul Mrisi,2023-09-29,Beras,Kota Surabaya,kg,12500,False,12500,2023,9,Jumat,0,0,,0,0
PS Bendul Mrisi,2023-09-30,Beras,Kota Surabaya,kg,12500,False,12500,2023,9,Sabtu,1,0,,0,0
PS Bendul Mrisi,2023-10-01,Beras,Kota Surabaya,kg,12500,False,12500,2023,10,Minggu,1,0,,0,0
PS Bendul Mrisi,2023-10-02,Beras,Kota Surabaya,kg,12500,False,12500,2023,10,Senin,0,0,,0,0
PS Bendul Mrisi,2023-10-03,Beras,Kota Surabaya,kg,12500,False,12500,2023,10,Selasa,0,0,,0,0
PS Bendul Mrisi,2023-10-04,Beras,Kota Surabaya,kg,12500,False,12500,2023,10,Rabu,0,0,,0,0
PS Bendul Mrisi,2023-10-05,Beras,Kota Surabaya,kg,12500,False,12500,2023,10,Kamis,0,0,,0,0
PS Bendul Mrisi,2023-10-06,Beras,Kota Surabaya,kg,12500,False,12500,2023,10,Jumat,0,0,,0,0
PS Bendul Mrisi,2023-10-07,Beras,Kota Surabaya,kg,12500,False,12500,2023,10,Sabtu,1,0,,0,0
PS Bendul Mrisi,2023-10-08,Beras,Kota Surabaya,kg,12500,False,12500,2023,10,Minggu,1,0,,0,0
PS Bendul Mrisi,2023-10-09,Beras,Kota Surabaya,kg,12500,False,12500,2023,10,Senin,0,0,,0,0
PS Bendul Mrisi,2023-10-10,Beras,Kota Surabaya,kg,12500,False,12500,2023,10,Selasa,0,0,,0,0
PS Bendul Mrisi,2023-10-11,Beras,Kota Surabaya,kg,12500,False,12500,2023,10,Rabu,0,0,,0,0
PS Bendul Mrisi,2023-10-12,Beras,Kota Surabaya,kg,12500,False,12500,2023,10,Kamis,0,0,,0,0
PS Bendul Mrisi,2023-10-13,Beras,Kota Surabaya,kg,12500,False,12500,2023,10,Jumat,0,0,,0,0
PS Bendul Mrisi,2023-10-14,Beras,Kota Surabaya,kg,12500,False,12500,2023,10,Sabtu,1,0,,0,0
PS Bendul Mrisi,2023-10-15,Beras,Kota Surabaya,kg,12500,False,12500,2023,10,Minggu,1,0,,0,0
PS Bendul Mrisi,2023-10-16,Beras,Kota Surabaya,kg,12500,False,12500,2023,10,Senin,0,0,,0,0
PS Bendul Mrisi,2023-10-17,Beras,Kota Surabaya,kg,12500,False,12500,2023,10,Selasa,0,0,,0,0
PS Bendul Mrisi,2023-10-18,Beras,Kota Surabaya,kg,12500,False,12500,2023,10,Rabu,0,0,,0,0
PS Bendul Mrisi,2023-10-19,Beras,Kota Surabaya,kg,12500,False,12500,2023,10,Kamis,0,0,,0,0
PS Bendul Mrisi,2023-10-20,Beras,Kota Surabaya,kg,12500,False,12500,2023,10,Jumat,0,0,,0,0
PS Bendul Mrisi,2023-10-21,Beras,Kota Surabaya,kg,12500,False,12500,2023,10,Sabtu,1,0,,0,0
PS Bendul Mrisi,2023-10-22,Beras,Kota Surabaya,kg,12500,False,12500,2023,10,Minggu,1,0,,0,0
PS Bendul Mrisi,2023-10-23,Beras,Kota Surabaya,kg,12500,False,12500,2023,10,Senin,0,0,,0,0
PS Bendul Mrisi,2023-10-24,Beras,Kota Surabaya,kg,12500,False,12500,2023,10,Selasa,0,0,,0,0
PS Bendul Mrisi,2023-10-25,Beras,Kota Surabaya,kg,12500,False,12500,2023,10,Rabu,0,0,,0,0
PS Bendul Mrisi,2023-10-26,Beras,Kota Surabaya,kg,12500,False,12500,2023,10,Kamis,0,0,,0,0
PS Bendul Mrisi,2023-10-27,Beras,Kota Surabaya,kg,12500,False,12500,2023,10,Jumat,0,0,,0,0
PS Bendul Mrisi,2023-10-28,Beras,Kota Surabaya,kg,12500,False,12500,2023,10,Sabtu,1,0,,0,0
PS Bendul Mrisi,2023-10-29,Beras,Kota Surabaya,kg,12500,False,12500,2023,10,Minggu,1,0,,0,0
PS Bendul Mrisi,2023-10-30,Beras,Kota Surabaya,kg,12500,False,12500,2023,10,Senin,0,0,,0,0
PS Bendul Mrisi,2023-10-31,Beras,Kota Surabaya,kg,12500,False,12500,2023,10,Selasa,0,0,,0,0
PS Bendul Mrisi,2023-11-01,Beras,Kota Surabaya,kg,12500,False,12500,2023,11,Rabu,0,0,,0,0
PS Bendul Mrisi,2023-11-02,Beras,Kota Surabaya,kg,12500,False,12500,2023,11,Kamis,0,0,,0,0
PS Bendul Mrisi,2023-11-03,Beras,Kota Surabaya,kg,12500,False,12500,2023,11,Jumat,0,0,,0,0
PS Bendul Mrisi,2023-11-04,Beras,Kota Surabaya,kg,12500,False,12500,2023,11,Sabtu,1,0,,0,0
PS Bendul Mrisi,2023-11-05,Beras,Kota Surabaya,kg,12500,False,12500,2023,11,Minggu,1,0,,0,0
PS Bendul Mrisi,2023-11-06,Beras,Kota Surabaya,kg,12500,False,12500,2023,11,Senin,0,0,,0,0
PS Bendul Mrisi,2023-11-07,Beras,Kota Surabaya,kg,12500,False,12500,2023,11,Selasa,0,0,,0,0
PS Bendul Mrisi,2023-11-08,Beras,Kota Surabaya,kg,12500,False,12500,2023,11,Rabu,0,0,,0,0
PS Bendul Mrisi,2023-11-09,Beras,Kota Surabaya,kg,12500,False,12500,2023,11,Kamis,0,0,,0,0
PS Bendul Mrisi,2023-11-10,Beras,Kota Surabaya,kg,12500,False,12500,2023,11,Jumat,0,0,,0,0
PS Bendul Mrisi,2023-11-11,Beras,Kota Surabaya,kg,12500,False,12500,2023,11,Sabtu,1,0,,0,0
PS Bendul Mrisi,2023-11-12,Beras,Kota Surabaya,kg,12500,False,12500,2023,11,Minggu,1,0,,0,0
PS Bendul Mrisi,2023-11-13,Beras,Kota Surabaya,kg,12500,False,12500,2023,11,Senin,0,0,,0,0
PS Bendul Mrisi,2023-11-14,Beras,Kota Surabaya,kg,12500,False,12500,2023,11,Selasa,0,0,,0,0
PS Bendul Mrisi,2023-11-15,Beras,Kota Surabaya,kg,12500,False,12500,2023,11,Rabu,0,0,,0,0
PS Bendul Mrisi,2023-11-16,Beras,Kota Surabaya,kg,12500,False,12500,2023,11,Kamis,0,0,,0,0
PS Bendul Mrisi,2023-11-17,Beras,Kota Surabaya,kg,12500,False,12500,2023,11,Jumat,0,0,,0,0
PS Bendul Mrisi,2023-11-18,Beras,Kota Surabaya,kg,12500,False,12500,2023,11,Sabtu,1,0,,0,0
PS Bendul Mrisi,2023-11-19,Beras,Kota Surabaya,kg,12500,False,12500,2023,11,Minggu,1,0,,0,0
PS Bendul Mrisi,2023-11-20,Beras,Kota Surabaya,kg,12500,False,12500,2023,11,Senin,0,0,,0,0
PS Bendul Mrisi,2023-11-21,Beras,Kota Surabaya,kg,12500,False,12500,2023,11,Selasa,0,0,,0,0
PS Bendul Mrisi,2023-11-22,Beras,Kota Surabaya,kg,12500,False,12500,2023,11,Rabu,0,0,,0,0
PS Bendul Mrisi,2023-11-23,Beras,Kota Surabaya,kg,12500,False,12500,2023,11,Kamis,0,0,,0,0
PS Bendul Mrisi,2023-11-24,Beras,Kota Surabaya,kg,12500,False,12500,2023,11,Jumat,0,0,,0,0
PS Bendul Mrisi,2023-11-25,Beras,Kota Surabaya,kg,12500,False,12500,2023,11,Sabtu,1,0,,0,0
PS Bendul Mrisi,2023-11-26,Beras,Kota Surabaya,kg,12500,False,12500,2023,11,Minggu,1,0,,0,0
PS Bendul Mrisi,2023-11-27,Beras,Kota Surabaya,kg,12500,False,12500,2023,11,Senin,0,0,,0,0
PS Bendul Mrisi,2023-11-28,Beras,Kota Surabaya,kg,12500,False,12500,2023,11,Selasa,0,0,,0,0
PS Bendul Mrisi,2023-11-29,Beras,Kota Surabaya,kg,12500,False,12500,2023,11,Rabu,0,0,,0,0
PS Bendul Mrisi,2023-11-30,Beras,Kota Surabaya,kg,12500,False,12500,2023,11,Kamis,0,0,,0,0
PS Bendul Mrisi,2023-12-01,Beras,Kota Surabaya,kg,12500,False,12500,2023,12,Jumat,0,0,,0,0
PS Bendul Mrisi,2023-12-02,Beras,Kota Surabaya,kg,12500,False,12500,2023,12,Sabtu,1,0,,0,0
PS Bendul Mrisi,2023-12-03,Beras,Kota Surabaya,kg,12500,False,12500,2023,12,Minggu,1,0,,0,0
PS Bendul Mrisi,2023-12-04,Beras,Kota Surabaya,kg,13300,False,13300,2023,12,Senin,0,0,,0,0
PS Bendul Mrisi,2023-12-05,Beras,Kota Surabaya,kg,14000,False,14000,2023,12,Selasa,0,0,,0,0
PS Bendul Mrisi,2023-12-06,Beras,Kota Surabaya,kg,14000,False,14000,2023,12,Rabu,0,0,,0,0
PS Bendul Mrisi,2023-12-07,Beras,Kota Surabaya,kg,14000,False,14000,2023,12,Kamis,0,0,,0,0
PS Bendul Mrisi,2023-12-08,Beras,Kota Surabaya,kg,14000,False,14000,2023,12,Jumat,0,0,,0,0
PS Bendul Mrisi,2023-12-09,Beras,Kota Surabaya,kg,14000,False,14000,2023,12,Sabtu,1,0,,0,0
PS Bendul Mrisi,2023-12-10,Beras,Kota Surabaya,kg,14000,False,14000,2023,12,Minggu,1,0,,0,0
PS Bendul Mrisi,2023-12-11,Beras,Kota Surabaya,kg,14000,False,14000,2023,12,Senin,0,0,,0,0
PS Bendul Mrisi,2023-12-12,Beras,Kota Surabaya,kg,14000,False,14000,2023,12,Selasa,0,0,,0,0
PS Bendul Mrisi,2023-12-13,Beras,Kota Surabaya,kg,14000,False,14000,2023,12,Rabu,0,0,,0,0
PS Bendul Mrisi,2023-12-14,Beras,Kota Surabaya,kg,14000,False,14000,2023,12,Kamis,0,0,,0,0
PS Bendul Mrisi,2023-12-15,Beras,Kota Surabaya,kg,14000,False,14000,2023,12,Jumat,0,0,,0,0
PS Bendul Mrisi,2023-12-16,Beras,Kota Surabaya,kg,13300,False,13300,2023,12,Sabtu,1,0,,0,0
PS Bendul Mrisi,2023-12-17,Beras,Kota Surabaya,kg,,True,13300,2023,12,Minggu,1,0,,0,0
PS Bendul Mrisi,2023-12-18,Beras,Kota Surabaya,kg,13300,False,13300,2023,12,Senin,0,0,,0,0
PS Bendul Mrisi,2023-12-19,Beras,Kota Surabaya,kg,13300,False,13300,2023,12,Selasa,0,0,,0,0
PS Bendul Mrisi,2023-12-20,Beras,Kota Surabaya,kg,13300,False,13300,2023,12,Rabu,0,0,,0,0
PS Bendul Mrisi,2023-12-21,Beras,Kota Surabaya,kg,13300,False,13300,2023,12,Kamis,0,0,,0,0
PS Bendul Mrisi,2023-12-22,Beras,Kota Surabaya,kg,13300,False,13300,2023,12,Jumat,0,0,,0,0
PS Bendul Mrisi,2023-12-23,Beras,Kota Surabaya,kg,13300,False,13300,2023,12,Sabtu,1,0,,0,0
PS Bendul Mrisi,2023-12-24,Beras,Kota Surabaya,kg,13300,False,13300,2023,12,Minggu,1,0,,0,0
PS Bendul Mrisi,2023-12-25,Beras,Kota Surabaya,kg,13300,False,13300,2023,12,Senin,0,1,Hari Raya Natal,0,0
PS Bendul Mrisi,2023-12-26,Beras,Kota Surabaya,kg,13300,False,13300,2023,12,Selasa,0,1,Cuti Bersama Hari Raya Natal,0,0
PS Bendul Mrisi,2023-12-27,Beras,Kota Surabaya,kg,13300,False,13300,2023,12,Rabu,0,0,,0,0
PS Bendul Mrisi,2023-12-28,Beras,Kota Surabaya,kg,13300,False,13300,2023,12,Kamis,0,0,,0,0
PS Bendul Mrisi,2023-12-29,Beras,Kota Surabaya,kg,13300,False,13300,2023,12,Jumat,0,0,,0,0
PS Bendul Mrisi,2023-12-30,Beras,Kota Surabaya,kg,13300,False,13300,2023,12,Sabtu,1,0,,0,0
PS Bendul Mrisi,2023-12-31,Beras,Kota Surabaya,kg,13300,False,13300,2023,12,Minggu,1,0,,0,0
PS Bendul Mrisi,2024-01-01,Beras,Kota Surabaya,kg,13000,False,13000,2024,1,Senin,0,1,Tahun Baru Masehi,0,0
PS Bendul Mrisi,2024-01-02,Beras,Kota Surabaya,kg,13000,False,13000,2024,1,Selasa,0,0,,0,0
PS Bendul Mrisi,2024-01-03,Beras,Kota Surabaya,kg,13000,False,13000,2024,1,Rabu,0,0,,0,0
PS Bendul Mrisi,2024-01-04,Beras,Kota Surabaya,kg,13000,False,13000,2024,1,Kamis,0,0,,0,0
PS Bendul Mrisi,2024-01-05,Beras,Kota Surabaya,kg,13000,False,13000,2024,1,Jumat,0,0,,0,0
PS Bendul Mrisi,2024-01-06,Beras,Kota Surabaya,kg,13000,False,13000,2024,1,Sabtu,1,0,,0,0
PS Bendul Mrisi,2024-01-07,Beras,Kota Surabaya,kg,13000,False,13000,2024,1,Minggu,1,0,,0,0
PS Bendul Mrisi,2024-01-08,Beras,Kota Surabaya,kg,13000,False,13000,2024,1,Senin,0,0,,0,0
PS Bendul Mrisi,2024-01-09,Beras,Kota Surabaya,kg,13000,False,13000,2024,1,Selasa,0,0,,0,0
PS Bendul Mrisi,2024-01-10,Beras,Kota Surabaya,kg,13000,False,13000,2024,1,Rabu,0,0,,0,0
PS Bendul Mrisi,2024-01-11,Beras,Kota Surabaya,kg,13000,False,13000,2024,1,Kamis,0,0,,0,0
PS Bendul Mrisi,2024-01-12,Beras,Kota Surabaya,kg,13000,False,13000,2024,1,Jumat,0,0,,0,0
PS Bendul Mrisi,2024-01-13,Beras,Kota Surabaya,kg,13000,False,13000,2024,1,Sabtu,1,0,,0,0
PS Bendul Mrisi,2024-01-14,Beras,Kota Surabaya,kg,13000,False,13000,2024,1,Minggu,1,0,,0,0
PS Bendul Mrisi,2024-01-15,Beras,Kota Surabaya,kg,13000,False,13000,2024,1,Senin,0,0,,0,0
PS Bendul Mrisi,2024-01-16,Beras,Kota Surabaya,kg,13000,False,13000,2024,1,Selasa,0,0,,0,0
PS Bendul Mrisi,2024-01-17,Beras,Kota Surabaya,kg,13000,False,13000,2024,1,Rabu,0,0,,0,0
PS Bendul Mrisi,2024-01-18,Beras,Kota Surabaya,kg,13000,False,13000,2024,1,Kamis,0,0,,0,0
PS Bendul Mrisi,2024-01-19,Beras,Kota Surabaya,kg,13000,False,13000,2024,1,Jumat,0,0,,0,0
PS Bendul Mrisi,2024-01-20,Beras,Kota Surabaya,kg,13000,False,13000,2024,1,Sabtu,1,0,,0,0
PS Bendul Mrisi,2024-01-21,Beras,Kota Surabaya,kg,13300,False,13300,2024,1,Minggu,1,0,,0,0
PS Bendul Mrisi,2024-01-22,Beras,Kota Surabaya,kg,13000,False,13000,2024,1,Senin,0,0,,0,0
PS Bendul Mrisi,2024-01-23,Beras,Kota Surabaya,kg,13000,False,13000,2024,1,Selasa,0,0,,0,0
PS Bendul Mrisi,2024-01-24,Beras,Kota Surabaya,kg,13000,False,13000,2024,1,Rabu,0,0,,0,0
PS Bendul Mrisi,2024-01-25,Beras,Kota Surabaya,kg,13000,False,13000,2024,1,Kamis,0,0,,0,0
PS Bendul Mrisi,2024-01-26,Beras,Kota Surabaya,kg,13000,False,13000,2024,1,Jumat,0,0,,0,0
PS Bendul Mrisi,2024-01-27,Beras,Kota Surabaya,kg,13000,False,13000,2024,1,Sabtu,1,0,,0,0
PS Bendul Mrisi,2024-01-28,Beras,Kota Surabaya,kg,13000,False,13000,2024,1,Minggu,1,0,,0,0
PS Bendul Mrisi,2024-01-29,Beras,Kota Surabaya,kg,13000,False,13000,2024,1,Senin,0,0,,0,0
PS Bendul Mrisi,2024-01-30,Beras,Kota Surabaya,kg,13000,False,13000,2024,1,Selasa,0,0,,0,0
PS Bendul Mrisi,2024-01-31,Beras,Kota Surabaya,kg,13000,False,13000,2024,1,Rabu,0,0,,0,0
PS Bendul Mrisi,2024-02-01,Beras,Kota Surabaya,kg,13000,False,13000,2024,2,Kamis,0,0,,0,0
PS Bendul Mrisi,2024-02-02,Beras,Kota Surabaya,kg,14000,False,14000,2024,2,Jumat,0,0,,0,0
PS Bendul Mrisi,2024-02-03,Beras,Kota Surabaya,kg,15000,False,15000,2024,2,Sabtu,1,0,,0,0
PS Bendul Mrisi,2024-02-04,Beras,Kota Surabaya,kg,15000,False,15000,2024,2,Minggu,1,0,,0,0
PS Bendul Mrisi,2024-02-05,Beras,Kota Surabaya,kg,15000,False,15000,2024,2,Senin,0,0,,0,0
PS Bendul Mrisi,2024-02-06,Beras,Kota Surabaya,kg,15000,False,15000,2024,2,Selasa,0,0,,0,0
PS Bendul Mrisi,2024-02-07,Beras,Kota Surabaya,kg,15000,False,15000,2024,2,Rabu,0,0,,0,0
PS Bendul Mrisi,2024-02-08,Beras,Kota Surabaya,kg,15000,False,15000,2024,2,Kamis,0,1,Isra Mikraj Nabi Muhammad,0,0
PS Bendul Mrisi,2024-02-09,Beras,Kota Surabaya,kg,14000,False,14000,2024,2,Jumat,0,1,Cuti Bersama Tahun Baru Imlek,0,0
PS Bendul Mrisi,2024-02-10,Beras,Kota Surabaya,kg,14000,False,14000,2024,2,Sabtu,1,1,Tahun Baru Imlek,0,0
PS Bendul Mrisi,2024-02-11,Beras,Kota Surabaya,kg,14000,False,14000,2024,2,Minggu,1,0,,0,0
PS Bendul Mrisi,2024-02-12,Beras,Kota Surabaya,kg,14000,False,14000,2024,2,Senin,0,0,,0,0
PS Bendul Mrisi,2024-02-13,Beras,Kota Surabaya,kg,14000,False,14000,2024,2,Selasa,0,0,,0,0
PS Bendul Mrisi,2024-02-14,Beras,Kota Surabaya,kg,14000,False,14000,2024,2,Rabu,0,1,Hari Pemilihan Umum,0,0
PS Bendul Mrisi,2024-02-15,Beras,Kota Surabaya,kg,14000,False,14000,2024,2,Kamis,0,0,,0,0
PS Bendul Mrisi,2024-02-16,Beras,Kota Surabaya,kg,15000,False,15000,2024,2,Jumat,0,0,,0,0
PS Bendul Mrisi,2024-02-17,Beras,Kota Surabaya,kg,15000,False,15000,2024,2,Sabtu,1,0,,0,0
PS Bendul Mrisi,2024-02-18,Beras,Kota Surabaya,kg,15000,False,15000,2024,2,Minggu,1,0,,0,0
PS Bendul Mrisi,2024-02-19,Beras,Kota Surabaya,kg,15000,False,15000,2024,2,Senin,0,0,,0,0
PS Bendul Mrisi,2024-02-20,Beras,Kota Surabaya,kg,15000,False,15000,2024,2,Selasa,0,0,,0,0
PS Bendul Mrisi,2024-02-21,Beras,Kota Surabaya,kg,15000,False,15000,2024,2,Rabu,0,0,,0,0
PS Bendul Mrisi,2024-02-22,Beras,Kota Surabaya,kg,15000,False,15000,2024,2,Kamis,0,0,,0,0
PS Bendul Mrisi,2024-02-23,Beras,Kota Surabaya,kg,15000,False,15000,2024,2,Jumat,0,0,,0,0
PS Bendul Mrisi,2024-02-24,Beras,Kota Surabaya,kg,15000,False,15000,2024,2,Sabtu,1,0,,0,0
PS Bendul Mrisi,2024-02-25,Beras,Kota Surabaya,kg,15000,False,15000,2024,2,Minggu,1,0,,0,0
PS Bendul Mrisi,2024-02-26,Beras,Kota Surabaya,kg,15000,False,15000,2024,2,Senin,0,0,,0,0
PS Bendul Mrisi,2024-02-27,Beras,Kota Surabaya,kg,15000,False,15000,2024,2,Selasa,0,0,,0,1
PS Bendul Mrisi,2024-02-28,Beras,Kota Surabaya,kg,15000,False,15000,2024,2,Rabu,0,0,,0,1
PS Bendul Mrisi,2024-02-29,Beras,Kota Surabaya,kg,15000,False,15000,2024,2,Kamis,0,0,,0,1
PS Bendul Mrisi,2024-03-01,Beras,Kota Surabaya,kg,15000,False,15000,2024,3,Jumat,0,0,,0,1
PS Bendul Mrisi,2024-03-02,Beras,Kota Surabaya,kg,15000,False,15000,2024,3,Sabtu,1,0,,0,1
PS Bendul Mrisi,2024-03-03,Beras,Kota Surabaya,kg,15000,False,15000,2024,3,Minggu,1,0,,0,1
PS Bendul Mrisi,2024-03-04,Beras,Kota Surabaya,kg,15000,False,15000,2024,3,Senin,0,0,,0,1
PS Bendul Mrisi,2024-03-05,Beras,Kota Surabaya,kg,15000,False,15000,2024,3,Selasa,0,0,,0,1
PS Bendul Mrisi,2024-03-06,Beras,Kota Surabaya,kg,15000,False,15000,2024,3,Rabu,0,0,,0,1
PS Bendul Mrisi,2024-03-07,Beras,Kota Surabaya,kg,15000,False,15000,2024,3,Kamis,0,0,,0,1
PS Bendul Mrisi,2024-03-08,Beras,Kota Surabaya,kg,15000,False,15000,2024,3,Jumat,0,0,,0,1
PS Bendul Mrisi,2024-03-09,Beras,Kota Surabaya,kg,15000,False,15000,2024,3,Sabtu,1,0,,0,1
PS Bendul Mrisi,2024-03-10,Beras,Kota Surabaya,kg,15000,False,15000,2024,3,Minggu,1,0,,0,1
PS Bendul Mrisi,2024-03-11,Beras,Kota Surabaya,kg,15000,False,15000,2024,3,Senin,0,1,Hari Suci Nyepi,0,1
PS Bendul Mrisi,2024-03-12,Beras,Kota Surabaya,kg,15000,False,15000,2024,3,Selasa,0,1,Cuti Bersama Hari Suci Nyepi,1,0
PS Bendul Mrisi,2024-03-13,Beras,Kota Surabaya,kg,15000,False,15000,2024,3,Rabu,0,0,,1,0
PS Bendul Mrisi,2024-03-14,Beras,Kota Surabaya,kg,15000,False,15000,2024,3,Kamis,0,0,,1,0
PS Bendul Mrisi,2024-03-15,Beras,Kota Surabaya,kg,14000,False,14000,2024,3,Jumat,0,0,,1,0
PS Bendul Mrisi,2024-03-16,Beras,Kota Surabaya,kg,14000,False,14000,2024,3,Sabtu,1,0,,1,0
PS Bendul Mrisi,2024-03-17,Beras,Kota Surabaya,kg,14000,False,14000,2024,3,Minggu,1,0,,1,0
PS Bendul Mrisi,2024-03-18,Beras,Kota Surabaya,kg,14000,False,14000,2024,3,Senin,0,0,,1,0
PS Bendul Mrisi,2024-03-19,Beras,Kota Surabaya,kg,14000,False,14000,2024,3,Selasa,0,0,,1,0
PS Bendul Mrisi,2024-03-20,Beras,Kota Surabaya,kg,14000,False,14000,2024,3,Rabu,0,0,,1,0
PS Bendul Mrisi,2024-03-21,Beras,Kota Surabaya,kg,14000,False,14000,2024,3,Kamis,0,0,,1,0
PS Bendul Mrisi,2024-03-22,Beras,Kota Surabaya,kg,14000,False,14000,2024,3,Jumat,0,0,,1,0
PS Bendul Mrisi,2024-03-23,Beras,Kota Surabaya,kg,14000,False,14000,2024,3,Sabtu,1,0,,1,0
PS Bendul Mrisi,2024-03-24,Beras,Kota Surabaya,kg,14000,False,14000,2024,3,Minggu,1,0,,1,0
PS Bendul Mrisi,2024-03-25,Beras,Kota Surabaya,kg,14000,False,14000,2024,3,Senin,0,0,,1,0
PS Bendul Mrisi,2024-03-26,Beras,Kota Surabaya,kg,14000,False,14000,2024,3,Selasa,0,0,,1,0
PS Bendul Mrisi,2024-03-27,Beras,Kota Surabaya,kg,14000,False,14000,2024,3,Rabu,0,0,,1,0
PS Bendul Mrisi,2024-03-28,Beras,Kota Surabaya,kg,14000,False,14000,2024,3,Kamis,0,0,,1,0
PS Bendul Mrisi,2024-03-29,Beras,Kota Surabaya,kg,14000,False,14000,2024,3,Jumat,0,1,Wafat Yesus Kristus,1,0
PS Bendul Mrisi,2024-03-30,Beras,Kota Surabaya,kg,14000,False,14000,2024,3,Sabtu,1,0,,1,0
PS Bendul Mrisi,2024-03-31,Beras,Kota Surabaya,kg,14000,False,14000,2024,3,Minggu,1,1,Kebangkitan Yesus Kristus,1,0
PS Bendul Mrisi,2024-04-01,Beras,Kota Surabaya,kg,14000,False,14000,2024,4,Senin,0,0,,1,0
PS Bendul Mrisi,2024-04-02,Beras,Kota Surabaya,kg,14000,False,14000,2024,4,Selasa,0,0,,1,0
PS Bendul Mrisi,2024-04-03,Beras,Kota Surabaya,kg,14000,False,14000,2024,4,Rabu,0,0,,1,0
PS Bendul Mrisi,2024-04-04,Beras,Kota Surabaya,kg,14000,False,14000,2024,4,Kamis,0,0,,1,0
PS Bendul Mrisi,2024-04-05,Beras,Kota Surabaya,kg,14000,False,14000,2024,4,Jumat,0,0,,1,0
PS Bendul Mrisi,2024-04-06,Beras,Kota Surabaya,kg,14000,False,14000,2024,4,Sabtu,1,0,,1,0
PS Bendul Mrisi,2024-04-07,Beras,Kota Surabaya,kg,14000,False,14000,2024,4,Minggu,1,0,,1,0
PS Bendul Mrisi,2024-04-08,Beras,Kota Surabaya,kg,14000,False,14000,2024,4,Senin,0,1,Cuti Bersama Hari Raya Idul Fitri,1,0
PS Bendul Mrisi,2024-04-09,Beras,Kota Surabaya,kg,12600,False,12600,2024,4,Selasa,0,1,Cuti Bersama Hari Raya Idul Fitri,1,0
PS Bendul Mrisi,2024-04-10,Beras,Kota Surabaya,kg,12600,False,12600,2024,4,Rabu,0,1,Hari Raya Idul Fitri,0,0
PS Bendul Mrisi,2024-04-11,Beras,Kota Surabaya,kg,10900,False,10900,2024,4,Kamis,0,1,Hari kedua dari Hari Raya Idul Fitri,0,0
PS Bendul Mrisi,2024-04-12,Beras,Kota Surabaya,kg,10900,False,10900,2024,4,Jumat,0,1,Cuti Bersama Hari Raya Idul Fitri,0,0
PS Bendul Mrisi,2024-04-13,Beras,Kota Surabaya,kg,10900,False,10900,2024,4,Sabtu,1,0,,0,0
PS Bendul Mrisi,2024-04-14,Beras,Kota Surabaya,kg,10900,False,10900,2024,4,Minggu,1,0,,0,0
PS Bendul Mrisi,2024-04-15,Beras,Kota Surabaya,kg,10900,False,10900,2024,4,Senin,0,1,Cuti Bersama Hari Raya Idul Fitri,0,0
PS Bendul Mrisi,2024-04-16,Beras,Kota Surabaya,kg,10900,False,10900,2024,4,Selasa,0,0,,0,0
PS Bendul Mrisi,2024-04-17,Beras,Kota Surabaya,kg,10900,False,10900,2024,4,Rabu,0,0,,0,0
PS Bendul Mrisi,2024-04-18,Beras,Kota Surabaya,kg,10900,False,10900,2024,4,Kamis,0,0,,0,0
PS Bendul Mrisi,2024-04-19,Beras,Kota Surabaya,kg,10900,False,10900,2024,4,Jumat,0,0,,0,0
PS Bendul Mrisi,2024-04-20,Beras,Kota Surabaya,kg,10900,False,10900,2024,4,Sabtu,1,0,,0,0
PS Bendul Mrisi,2024-04-21,Beras,Kota Surabaya,kg,10900,False,10900,2024,4,Minggu,1,0,,0,0
PS Bendul Mrisi,2024-04-22,Beras,Kota Surabaya,kg,10900,False,10900,2024,4,Senin,0,0,,0,0
PS Bendul Mrisi,2024-04-23,Beras,Kota Surabaya,kg,10900,False,10900,2024,4,Selasa,0,0,,0,0
PS Bendul Mrisi,2024-04-24,Beras,Kota Surabaya,kg,10900,False,10900,2024,4,Rabu,0,0,,0,0
PS Bendul Mrisi,2024-04-25,Beras,Kota Surabaya,kg,10900,False,10900,2024,4,Kamis,0,0,,0,0
PS Bendul Mrisi,2024-04-26,Beras,Kota Surabaya,kg,10900,False,10900,2024,4,Jumat,0,0,,0,0
PS Bendul Mrisi,2024-04-27,Beras,Kota Surabaya,kg,10900,False,10900,2024,4,Sabtu,1,0,,0,0
PS Bendul Mrisi,2024-04-28,Beras,Kota Surabaya,kg,10900,False,10900,2024,4,Minggu,1,0,,0,0
PS Bendul Mrisi,2024-04-29,Beras,Kota Surabaya,kg,10900,False,10900,2024,4,Senin,0,0,,0,0
PS Bendul Mrisi,2024-04-30,Beras,Kota Surabaya,kg,10900,False,10900,2024,4,Selasa,0,0,,0,0
PS Bendul Mrisi,2024-05-01,Beras,Kota Surabaya,kg,10900,False,10900,2024,5,Rabu,0,1,Hari Buruh Internasional,0,0
PS Bendul Mrisi,2024-05-02,Beras,Kota Surabaya,kg,10900,False,10900,2024,5,Kamis,0,0,,0,0
PS Bendul Mrisi,2024-05-03,Beras,Kota Surabaya,kg,10900,False,10900,2024,5,Jumat,0,0,,0,0
PS Bendul Mrisi,2024-05-04,Beras,Kota Surabaya,kg,10900,False,10900,2024,5,Sabtu,1,0,,0,0
PS Bendul Mrisi,2024-05-05,Beras,Kota Surabaya,kg,10900,False,10900,2024,5,Minggu,1,0,,0,0
PS Bendul Mrisi,2024-05-06,Beras,Kota Surabaya,kg,10900,False,10900,2024,5,Senin,0,0,,0,0
PS Bendul Mrisi,2024-05-07,Beras,Kota Surabaya,kg,10900,False,10900,2024,5,Selasa,0,0,,0,0
PS Bendul Mrisi,2024-05-08,Beras,Kota Surabaya,kg,10900,False,10900,2024,5,Rabu,0,0,,0,0
PS Bendul Mrisi,2024-05-09,Beras,Kota Surabaya,kg,10900,False,10900,2024,5,Kamis,0,1,Kenaikan Yesus Kristus,0,0
PS Bendul Mrisi,2024-05-10,Beras,Kota Surabaya,kg,10900,False,10900,2024,5,Jumat,0,1,Cuti Bersama Kenaikan Yesus Kristus,0,0
PS Bendul Mrisi,2024-05-11,Beras,Kota Surabaya,kg,10900,False,10900,2024,5,Sabtu,1,0,,0,0
PS Bendul Mrisi,2024-05-12,Beras,Kota Surabaya,kg,11900,False,11900,2024,5,Minggu,1,0,,0,0
PS Bendul Mrisi,2024-05-13,Beras,Kota Surabaya,kg,10900,False,10900,2024,5,Senin,0,0,,0,0
PS Bendul Mrisi,2024-05-14,Beras,Kota Surabaya,kg,10900,False,10900,2024,5,Selasa,0,0,,0,0
PS Bendul Mrisi,2024-05-15,Beras,Kota Surabaya,kg,10900,False,10900,2024,5,Rabu,0,0,,0,0
PS Bendul Mrisi,2024-05-16,Beras,Kota Surabaya,kg,10900,False,10900,2024,5,Kamis,0,0,,0,0
PS Bendul Mrisi,2024-05-17,Beras,Kota Surabaya,kg,12000,False,12000,2024,5,Jumat,0,0,,0,0
PS Bendul Mrisi,2024-05-18,Beras,Kota Surabaya,kg,12000,False,12000,2024,5,Sabtu,1,0,,0,0
PS Bendul Mrisi,2024-05-19,Beras,Kota Surabaya,kg,12000,False,12000,2024,5,Minggu,1,0,,0,0
PS Bendul Mrisi,2024-05-20,Beras,Kota Surabaya,kg,12000,False,12000,2024,5,Senin,0,0,,0,0
PS Bendul Mrisi,2024-05-21,Beras,Kota Surabaya,kg,12000,False,12000,2024,5,Selasa,0,0,,0,0
PS Bendul Mrisi,2024-05-22,Beras,Kota Surabaya,kg,12000,False,12000,2024,5,Rabu,0,0,,0,0
PS Bendul Mrisi,2024-05-23,Beras,Kota Surabaya,kg,12000,False,12000,2024,5,Kamis,0,1,Hari Raya Waisak,0,0
PS Bendul Mrisi,2024-05-24,Beras,Kota Surabaya,kg,12000,False,12000,2024,5,Jumat,0,1,Cuti Bersama Hari Raya Waisak,0,0
PS Bendul Mrisi,2024-05-25,Beras,Kota Surabaya,kg,12000,False,12000,2024,5,Sabtu,1,0,,0,0
PS Bendul Mrisi,2024-05-26,Beras,Kota Surabaya,kg,12000,False,12000,2024,5,Minggu,1,0,,0,0
PS Bendul Mrisi,2024-05-27,Beras,Kota Surabaya,kg,12000,False,12000,2024,5,Senin,0,0,,0,0
PS Bendul Mrisi,2024-05-28,Beras,Kota Surabaya,kg,12000,False,12000,2024,5,Selasa,0,0,,0,0
PS Bendul Mrisi,2024-05-29,Beras,Kota Surabaya,kg,12000,False,12000,2024,5,Rabu,0,0,,0,0
PS Bendul Mrisi,2024-05-30,Beras,Kota Surabaya,kg,12000,False,12000,2024,5,Kamis,0,0,,0,0
PS Bendul Mrisi,2024-05-31,Beras,Kota Surabaya,kg,12000,False,12000,2024,5,Jumat,0,0,,0,0
PS Bendul Mrisi,2024-06-01,Beras,Kota Surabaya,kg,12000,False,12000,2024,6,Sabtu,1,1,Hari Lahir Pancasila,0,0
PS Bendul Mrisi,2024-06-02,Beras,Kota Surabaya,kg,12000,False,12000,2024,6,Minggu,1,0,,0,0
PS Bendul Mrisi,2024-06-03,Beras,Kota Surabaya,kg,12000,False,12000,2024,6,Senin,0,0,,0,0
PS Bendul Mrisi,2024-06-04,Beras,Kota Surabaya,kg,12000,False,12000,2024,6,Selasa,0,0,,0,0
PS Bendul Mrisi,2024-06-05,Beras,Kota Surabaya,kg,12000,False,12000,2024,6,Rabu,0,0,,0,0
PS Bendul Mrisi,2024-06-06,Beras,Kota Surabaya,kg,12000,False,12000,2024,6,Kamis,0,0,,0,0
PS Bendul Mrisi,2024-06-07,Beras,Kota Surabaya,kg,12000,False,12000,2024,6,Jumat,0,0,,0,0
PS Bendul Mrisi,2024-06-08,Beras,Kota Surabaya,kg,12000,False,12000,2024,6,Sabtu,1,0,,0,0
PS Bendul Mrisi,2024-06-09,Beras,Kota Surabaya,kg,12000,False,12000,2024,6,Minggu,1,0,,0,0
PS Bendul Mrisi,2024-06-10,Beras,Kota Surabaya,kg,12000,False,12000,2024,6,Senin,0,0,,0,0
PS Bendul Mrisi,2024-06-11,Beras,Kota Surabaya,kg,12000,False,12000,2024,6,Selasa,0,0,,0,0
PS Bendul Mrisi,2024-06-12,Beras,Kota Surabaya,kg,12000,False,12000,2024,6,Rabu,0,0,,0,0
PS Bendul Mrisi,2024-06-13,Beras,Kota Surabaya,kg,12000,False,12000,2024,6,Kamis,0,0,,0,0
PS Bendul Mrisi,2024-06-14,Beras,Kota Surabaya,kg,12000,False,12000,2024,6,Jumat,0,0,,0,0
PS Bendul Mrisi,2024-06-15,Beras,Kota Surabaya,kg,12000,False,12000,2024,6,Sabtu,1,0,,0,0
PS Bendul Mrisi,2024-06-16,Beras,Kota Surabaya,kg,12000,False,12000,2024,6,Minggu,1,0,,0,0
PS Bendul Mrisi,2024-06-17,Beras,Kota Surabaya,kg,12000,False,12000,2024,6,Senin,0,1,Hari Raya Idul Adha,0,0
PS Bendul Mrisi,2024-06-18,Beras,Kota Surabaya,kg,12000,False,12000,2024,6,Selasa,0,1,Cuti Bersama Hari Raya Idul Adha,0,0
PS Bendul Mrisi,2024-06-19,Beras,Kota Surabaya,kg,12000,False,12000,2024,6,Rabu,0,0,,0,0
PS Bendul Mrisi,2024-06-20,Beras,Kota Surabaya,kg,12000,False,12000,2024,6,Kamis,0,0,,0,0
PS Bendul Mrisi,2024-06-21,Beras,Kota Surabaya,kg,12000,False,12000,2024,6,Jumat,0,0,,0,0
PS Bendul Mrisi,2024-06-22,Beras,Kota Surabaya,kg,12000,False,12000,2024,6,Sabtu,1,0,,0,0
PS Bendul Mrisi,2024-06-23,Beras,Kota Surabaya,kg,12000,False,12000,2024,6,Minggu,1,0,,0,0
PS Bendul Mrisi,2024-06-24,Beras,Kota Surabaya,kg,12000,False,12000,2024,6,Senin,0,0,,0,0
PS Bendul Mrisi,2024-06-25,Beras,Kota Surabaya,kg,12000,False,12000,2024,6,Selasa,0,0,,0,0
PS Bendul Mrisi,2024-06-26,Beras,Kota Surabaya,kg,12000,False,12000,2024,6,Rabu,0,0,,0,0
PS Bendul Mrisi,2024-06-27,Beras,Kota Surabaya,kg,12000,False,12000,2024,6,Kamis,0,0,,0,0
PS Bendul Mrisi,2024-06-28,Beras,Kota Surabaya,kg,12000,False,12000,2024,6,Jumat,0,0,,0,0
PS Bendul Mrisi,2024-06-29,Beras,Kota Surabaya,kg,12000,False,12000,2024,6,Sabtu,1,0,,0,0
PS Bendul Mrisi,2024-06-30,Beras,Kota Surabaya,kg,12000,False,12000,2024,6,Minggu,1,0,,0,0
PS Bendul Mrisi,2024-07-01,Beras,Kota Surabaya,kg,12000,False,12000,2024,7,Senin,0,0,,0,0
PS Bendul Mrisi,2024-07-02,Beras,Kota Surabaya,kg,12000,False,12000,2024,7,Selasa,0,0,,0,0
PS Bendul Mrisi,2024-07-03,Beras,Kota Surabaya,kg,12000,False,12000,2024,7,Rabu,0,0,,0,0
PS Bendul Mrisi,2024-07-04,Beras,Kota Surabaya,kg,12000,False,12000,2024,7,Kamis,0,0,,0,0
PS Bendul Mrisi,2024-07-05,Beras,Kota Surabaya,kg,12000,False,12000,2024,7,Jumat,0,0,,0,0
PS Bendul Mrisi,2024-07-06,Beras,Kota Surabaya,kg,12000,False,12000,2024,7,Sabtu,1,0,,0,0
PS Bendul Mrisi,2024-07-07,Beras,Kota Surabaya,kg,12000,False,12000,2024,7,Minggu,1,1,Tahun Baru Islam,0,0
PS Bendul Mrisi,2024-07-08,Beras,Kota Surabaya,kg,12000,False,12000,2024,7,Senin,0,0,,0,0
PS Bendul Mrisi,2024-07-09,Beras,Kota Surabaya,kg,12000,False,12000,2024,7,Selasa,0,0,,0,0
PS Bendul Mrisi,2024-07-10,Beras,Kota Surabaya,kg,12000,False,12000,2024,7,Rabu,0,0,,0,0
PS Bendul Mrisi,2024-07-11,Beras,Kota Surabaya,kg,12000,False,12000,2024,7,Kamis,0,0,,0,0
PS Bendul Mrisi,2024-07-12,Beras,Kota Surabaya,kg,12000,False,12000,2024,7,Jumat,0,0,,0,0
PS Bendul Mrisi,2024-07-13,Beras,Kota Surabaya,kg,12000,False,12000,2024,7,Sabtu,1,0,,0,0
PS Bendul Mrisi,2024-07-14,Beras,Kota Surabaya,kg,12000,False,12000,2024,7,Minggu,1,0,,0,0
PS Bendul Mrisi,2024-07-15,Beras,Kota Surabaya,kg,12000,False,12000,2024,7,Senin,0,0,,0,0
PS Bendul Mrisi,2024-07-16,Beras,Kota Surabaya,kg,12000,False,12000,2024,7,Selasa,0,0,,0,0
PS Bendul Mrisi,2024-07-17,Beras,Kota Surabaya,kg,12000,False,12000,2024,7,Rabu,0,0,,0,0
PS Bendul Mrisi,2024-07-18,Beras,Kota Surabaya,kg,12000,False,12000,2024,7,Kamis,0,0,,0,0
PS Bendul Mrisi,2024-07-19,Beras,Kota Surabaya,kg,12000,False,12000,2024,7,Jumat,0,0,,0,0
PS Bendul Mrisi,2024-07-20,Beras,Kota Surabaya,kg,12000,False,12000,2024,7,Sabtu,1,0,,0,0
PS Bendul Mrisi,2024-07-21,Beras,Kota Surabaya,kg,12000,False,12000,2024,7,Minggu,1,0,,0,0
PS Bendul Mrisi,2024-07-22,Beras,Kota Surabaya,kg,12000,False,12000,2024,7,Senin,0,0,,0,0
PS Bendul Mrisi,2024-07-23,Beras,Kota Surabaya,kg,12000,False,12000,2024,7,Selasa,0,0,,0,0
PS Bendul Mrisi,2024-07-24,Beras,Kota Surabaya,kg,12000,False,12000,2024,7,Rabu,0,0,,0,0
PS Bendul Mrisi,2024-07-25,Beras,Kota Surabaya,kg,12000,False,12000,2024,7,Kamis,0,0,,0,0
PS Bendul Mrisi,2024-07-26,Beras,Kota Surabaya,kg,12000,False,12000,2024,7,Jumat,0,0,,0,0
PS Bendul Mrisi,2024-07-27,Beras,Kota Surabaya,kg,12000,False,12000,2024,7,Sabtu,1,0,,0,0
PS Bendul Mrisi,2024-07-28,Beras,Kota Surabaya,kg,12000,False,12000,2024,7,Minggu,1,0,,0,0
PS Bendul Mrisi,2024-07-29,Beras,Kota Surabaya,kg,12000,False,12000,2024,7,Senin,0,0,,0,0
PS Bendul Mrisi,2024-07-30,Beras,Kota Surabaya,kg,12000,False,12000,2024,7,Selasa,0,0,,0,0
PS Bendul Mrisi,2024-07-31,Beras,Kota Surabaya,kg,12000,False,12000,2024,7,Rabu,0,0,,0,0
PS Bendul Mrisi,2024-08-01,Beras,Kota Surabaya,kg,12000,False,12000,2024,8,Kamis,0,0,,0,0
PS Bendul Mrisi,2024-08-02,Beras,Kota Surabaya,kg,12000,False,12000,2024,8,Jumat,0,0,,0,0
PS Bendul Mrisi,2024-08-03,Beras,Kota Surabaya,kg,12000,False,12000,2024,8,Sabtu,1,0,,0,0
PS Bendul Mrisi,2024-08-04,Beras,Kota Surabaya,kg,12500,False,12500,2024,8,Minggu,1,0,,0,0
PS Bendul Mrisi,2024-08-05,Beras,Kota Surabaya,kg,12500,False,12500,2024,8,Senin,0,0,,0,0
PS Bendul Mrisi,2024-08-06,Beras,Kota Surabaya,kg,12500,False,12500,2024,8,Selasa,0,0,,0,0
PS Bendul Mrisi,2024-08-07,Beras,Kota Surabaya,kg,12500,False,12500,2024,8,Rabu,0,0,,0,0
PS Bendul Mrisi,2024-08-08,Beras,Kota Surabaya,kg,12500,False,12500,2024,8,Kamis,0,0,,0,0
PS Bendul Mrisi,2024-08-09,Beras,Kota Surabaya,kg,12500,False,12500,2024,8,Jumat,0,0,,0,0
PS Bendul Mrisi,2024-08-10,Beras,Kota Surabaya,kg,12500,False,12500,2024,8,Sabtu,1,0,,0,0
PS Bendul Mrisi,2024-08-11,Beras,Kota Surabaya,kg,12000,False,12000,2024,8,Minggu,1,0,,0,0
PS Bendul Mrisi,2024-08-12,Beras,Kota Surabaya,kg,12500,False,12500,2024,8,Senin,0,0,,0,0
PS Bendul Mrisi,2024-08-13,Beras,Kota Surabaya,kg,12500,False,12500,2024,8,Selasa,0,0,,0,0
PS Bendul Mrisi,2024-08-14,Beras,Kota Surabaya,kg,12500,False,12500,2024,8,Rabu,0,0,,0,0
PS Bendul Mrisi,2024-08-15,Beras,Kota Surabaya,kg,12500,False,12500,2024,8,Kamis,0,0,,0,0
PS Bendul Mrisi,2024-08-16,Beras,Kota Surabaya,kg,12500,False,12500,2024,8,Jumat,0,0,,0,0
PS Bendul Mrisi,2024-08-17,Beras,Kota Surabaya,kg,12500,False,12500,2024,8,Sabtu,1,1,Hari Kemerdekaan Republik Indonesia,0,0
PS Bendul Mrisi,2024-08-18,Beras,Kota Surabaya,kg,12500,False,12500,2024,8,Minggu,1,0,,0,0
PS Bendul Mrisi,2024-08-19,Beras,Kota Surabaya,kg,12500,False,12500,2024,8,Senin,0,0,,0,0
PS Bendul Mrisi,2024-08-20,Beras,Kota Surabaya,kg,12500,False,12500,2024,8,Selasa,0,0,,0,0
PS Bendul Mrisi,2024-08-21,Beras,Kota Surabaya,kg,12500,False,12500,2024,8,Rabu,0,0,,0,0
PS Bendul Mrisi,2024-08-22,Beras,Kota Surabaya,kg,12500,False,12500,2024,8,Kamis,0,0,,0,0
PS Bendul Mrisi,2024-08-23,Beras,Kota Surabaya,kg,12500,False,12500,2024,8,Jumat,0,0,,0,0
PS Bendul Mrisi,2024-08-24,Beras,Kota Surabaya,kg,12500,False,12500,2024,8,Sabtu,1,0,,0,0
PS Bendul Mrisi,2024-08-25,Beras,Kota Surabaya,kg,12500,False,12500,2024,8,Minggu,1,0,,0,0
PS Bendul Mrisi,2024-08-26,Beras,Kota Surabaya,kg,12500,False,12500,2024,8,Senin,0,0,,0,0
PS Bendul Mrisi,2024-08-27,Beras,Kota Surabaya,kg,12500,False,12500,2024,8,Selasa,0,0,,0,0
PS Bendul Mrisi,2024-08-28,Beras,Kota Surabaya,kg,12500,False,12500,2024,8,Rabu,0,0,,0,0
PS Bendul Mrisi,2024-08-29,Beras,Kota Surabaya,kg,12500,False,12500,2024,8,Kamis,0,0,,0,0
PS Bendul Mrisi,2024-08-30,Beras,Kota Surabaya,kg,12500,False,12500,2024,8,Jumat,0,0,,0,0
PS Bendul Mrisi,2024-08-31,Beras,Kota Surabaya,kg,12500,False,12500,2024,8,Sabtu,1,0,,0,0
PS Bendul Mrisi,2024-09-01,Beras,Kota Surabaya,kg,12500,False,12500,2024,9,Minggu,1,0,,0,0
PS Bendul Mrisi,2024-09-02,Beras,Kota Surabaya,kg,12500,False,12500,2024,9,Senin,0,0,,0,0
PS Bendul Mrisi,2024-09-03,Beras,Kota Surabaya,kg,12500,False,12500,2024,9,Selasa,0,0,,0,0
PS Bendul Mrisi,2024-09-04,Beras,Kota Surabaya,kg,12500,False,12500,2024,9,Rabu,0,0,,0,0
PS Bendul Mrisi,2024-09-05,Beras,Kota Surabaya,kg,12500,False,12500,2024,9,Kamis,0,0,,0,0
PS Bendul Mrisi,2024-09-06,Beras,Kota Surabaya,kg,12500,False,12500,2024,9,Jumat,0,0,,0,0
PS Bendul Mrisi,2024-09-07,Beras,Kota Surabaya,kg,12500,False,12500,2024,9,Sabtu,1,0,,0,0
PS Bendul Mrisi,2024-09-08,Beras,Kota Surabaya,kg,15000,False,15000,2024,9,Minggu,1,0,,0,0
PS Bendul Mrisi,2024-09-09,Beras,Kota Surabaya,kg,12500,False,12500,2024,9,Senin,0,0,,0,0
PS Bendul Mrisi,2024-09-10,Beras,Kota Surabaya,kg,12500,False,12500,2024,9,Selasa,0,0,,0,0
PS Bendul Mrisi,2024-09-11,Beras,Kota Surabaya,kg,12500,False,12500,2024,9,Rabu,0,0,,0,0
PS Bendul Mrisi,2024-09-12,Beras,Kota Surabaya,kg,12500,False,12500,2024,9,Kamis,0,0,,0,0
PS Bendul Mrisi,2024-09-13,Beras,Kota Surabaya,kg,12500,False,12500,2024,9,Jumat,0,0,,0,0
PS Bendul Mrisi,2024-09-14,Beras,Kota Surabaya,kg,12500,False,12500,2024,9,Sabtu,1,0,,0,0
PS Bendul Mrisi,2024-09-15,Beras,Kota Surabaya,kg,12500,False,12500,2024,9,Minggu,1,0,,0,0
PS Bendul Mrisi,2024-09-16,Beras,Kota Surabaya,kg,12500,False,12500,2024,9,Senin,0,1,Maulid Nabi Muhammad,0,0
PS Bendul Mrisi,2024-09-17,Beras,Kota Surabaya,kg,12500,False,12500,2024,9,Selasa,0,0,,0,0
PS Bendul Mrisi,2024-09-18,Beras,Kota Surabaya,kg,12500,False,12500,2024,9,Rabu,0,0,,0,0
PS Bendul Mrisi,2024-09-19,Beras,Kota Surabaya,kg,12500,False,12500,2024,9,Kamis,0,0,,0,0
PS Bendul Mrisi,2024-09-20,Beras,Kota Surabaya,kg,12500,False,12500,2024,9,Jumat,0,0,,0,0
PS Bendul Mrisi,2024-09-21,Beras,Kota Surabaya,kg,12500,False,12500,2024,9,Sabtu,1,0,,0,0
PS Bendul Mrisi,2024-09-22,Beras,Kota Surabaya,kg,12500,False,12500,2024,9,Minggu,1,0,,0,0
PS Bendul Mrisi,2024-09-23,Beras,Kota Surabaya,kg,12500,False,12500,2024,9,Senin,0,0,,0,0
PS Bendul Mrisi,2024-09-24,Beras,Kota Surabaya,kg,12500,False,12500,2024,9,Selasa,0,0,,0,0
PS Bendul Mrisi,2024-09-25,Beras,Kota Surabaya,kg,12500,False,12500,2024,9,Rabu,0,0,,0,0
PS Bendul Mrisi,2024-09-26,Beras,Kota Surabaya,kg,12500,False,12500,2024,9,Kamis,0,0,,0,0
PS Bendul Mrisi,2024-09-27,Beras,Kota Surabaya,kg,12500,False,12500,2024,9,Jumat,0,0,,0,0
PS Bendul Mrisi,2024-09-28,Beras,Kota Surabaya,kg,12500,False,12500,2024,9,Sabtu,1,0,,0,0
PS Bendul Mrisi,2024-09-29,Beras,Kota Surabaya,kg,12500,False,12500,2024,9,Minggu,1,0,,0,0
PS Bendul Mrisi,2024-09-30,Beras,Kota Surabaya,kg,12500,False,12500,2024,9,Senin,0,0,,0,0
PS Bendul Mrisi,2024-10-01,Beras,Kota Surabaya,kg,12500,False,12500,2024,10,Selasa,0,0,,0,0
PS Bendul Mrisi,2024-10-02,Beras,Kota Surabaya,kg,12500,False,12500,2024,10,Rabu,0,0,,0,0
PS Bendul Mrisi,2024-10-03,Beras,Kota Surabaya,kg,12500,False,12500,2024,10,Kamis,0,0,,0,0
PS Bendul Mrisi,2024-10-04,Beras,Kota Surabaya,kg,12500,False,12500,2024,10,Jumat,0,0,,0,0
PS Bendul Mrisi,2024-10-05,Beras,Kota Surabaya,kg,12500,False,12500,2024,10,Sabtu,1,0,,0,0
PS Bendul Mrisi,2024-10-06,Beras,Kota Surabaya,kg,12500,False,12500,2024,10,Minggu,1,0,,0,0
PS Bendul Mrisi,2024-10-07,Beras,Kota Surabaya,kg,12500,False,12500,2024,10,Senin,0,0,,0,0
PS Bendul Mrisi,2024-10-08,Beras,Kota Surabaya,kg,12500,False,12500,2024,10,Selasa,0,0,,0,0
PS Bendul Mrisi,2024-10-09,Beras,Kota Surabaya,kg,12500,False,12500,2024,10,Rabu,0,0,,0,0
PS Bendul Mrisi,2024-10-10,Beras,Kota Surabaya,kg,12500,False,12500,2024,10,Kamis,0,0,,0,0
PS Bendul Mrisi,2024-10-11,Beras,Kota Surabaya,kg,12500,False,12500,2024,10,Jumat,0,0,,0,0
PS Bendul Mrisi,2024-10-12,Beras,Kota Surabaya,kg,12500,False,12500,2024,10,Sabtu,1,0,,0,0
PS Bendul Mrisi,2024-10-13,Beras,Kota Surabaya,kg,12500,False,12500,2024,10,Minggu,1,0,,0,0
PS Bendul Mrisi,2024-10-14,Beras,Kota Surabaya,kg,12500,False,12500,2024,10,Senin,0,0,,0,0
PS Bendul Mrisi,2024-10-15,Beras,Kota Surabaya,kg,12500,False,12500,2024,10,Selasa,0,0,,0,0
PS Bendul Mrisi,2024-10-16,Beras,Kota Surabaya,kg,12500,False,12500,2024,10,Rabu,0,0,,0,0
PS Bendul Mrisi,2024-10-17,Beras,Kota Surabaya,kg,12500,False,12500,2024,10,Kamis,0,0,,0,0
PS Bendul Mrisi,2024-10-18,Beras,Kota Surabaya,kg,12500,False,12500,2024,10,Jumat,0,0,,0,0
PS Bendul Mrisi,2024-10-19,Beras,Kota Surabaya,kg,12500,False,12500,2024,10,Sabtu,1,0,,0,0
PS Bendul Mrisi,2024-10-20,Beras,Kota Surabaya,kg,12500,False,12500,2024,10,Minggu,1,0,,0,0
PS Bendul Mrisi,2024-10-21,Beras,Kota Surabaya,kg,12500,False,12500,2024,10,Senin,0,0,,0,0
PS Bendul Mrisi,2024-10-22,Beras,Kota Surabaya,kg,12500,False,12500,2024,10,Selasa,0,0,,0,0
PS Bendul Mrisi,2024-10-23,Beras,Kota Surabaya,kg,12500,False,12500,2024,10,Rabu,0,0,,0,0
PS Bendul Mrisi,2024-10-24,Beras,Kota Surabaya,kg,12500,False,12500,2024,10,Kamis,0,0,,0,0
PS Bendul Mrisi,2024-10-25,Beras,Kota Surabaya,kg,12500,False,12500,2024,10,Jumat,0,0,,0,0
PS Bendul Mrisi,2024-10-26,Beras,Kota Surabaya,kg,12500,False,12500,2024,10,Sabtu,1,0,,0,0
PS Bendul Mrisi,2024-10-27,Beras,Kota Surabaya,kg,12500,False,12500,2024,10,Minggu,1,0,,0,0
PS Bendul Mrisi,2024-10-28,Beras,Kota Surabaya,kg,12500,False,12500,2024,10,Senin,0,0,,0,0
PS Bendul Mrisi,2024-10-29,Beras,Kota Surabaya,kg,12500,False,12500,2024,10,Selasa,0,0,,0,0
PS Bendul Mrisi,2024-10-30,Beras,Kota Surabaya,kg,12500,False,12500,2024,10,Rabu,0,0,,0,0
PS Bendul Mrisi,2024-10-31,Beras,Kota Surabaya,kg,12500,False,12500,2024,10,Kamis,0,0,,0,0
PS Bendul Mrisi,2024-11-01,Beras,Kota Surabaya,kg,12500,False,12500,2024,11,Jumat,0,0,,0,0
PS Bendul Mrisi,2024-11-02,Beras,Kota Surabaya,kg,12500,False,12500,2024,11,Sabtu,1,0,,0,0
PS Bendul Mrisi,2024-11-03,Beras,Kota Surabaya,kg,12500,False,12500,2024,11,Minggu,1,0,,0,0
PS Bendul Mrisi,2024-11-04,Beras,Kota Surabaya,kg,12500,False,12500,2024,11,Senin,0,0,,0,0
PS Bendul Mrisi,2024-11-05,Beras,Kota Surabaya,kg,12500,False,12500,2024,11,Selasa,0,0,,0,0
PS Bendul Mrisi,2024-11-06,Beras,Kota Surabaya,kg,12500,False,12500,2024,11,Rabu,0,0,,0,0
PS Bendul Mrisi,2024-11-07,Beras,Kota Surabaya,kg,12500,False,12500,2024,11,Kamis,0,0,,0,0
PS Bendul Mrisi,2024-11-08,Beras,Kota Surabaya,kg,12500,False,12500,2024,11,Jumat,0,0,,0,0
PS Bendul Mrisi,2024-11-09,Beras,Kota Surabaya,kg,12500,False,12500,2024,11,Sabtu,1,0,,0,0
PS Bendul Mrisi,2024-11-10,Beras,Kota Surabaya,kg,12500,False,12500,2024,11,Minggu,1,0,,0,0
PS Bendul Mrisi,2024-11-11,Beras,Kota Surabaya,kg,12500,False,12500,2024,11,Senin,0,0,,0,0
PS Bendul Mrisi,2024-11-12,Beras,Kota Surabaya,kg,12500,False,12500,2024,11,Selasa,0,0,,0,0
PS Bendul Mrisi,2024-11-13,Beras,Kota Surabaya,kg,12500,False,12500,2024,11,Rabu,0,0,,0,0
PS Bendul Mrisi,2024-11-14,Beras,Kota Surabaya,kg,12500,False,12500,2024,11,Kamis,0,0,,0,0
PS Bendul Mrisi,2024-11-15,Beras,Kota Surabaya,kg,12500,False,12500,2024,11,Jumat,0,0,,0,0
PS Bendul Mrisi,2024-11-16,Beras,Kota Surabaya,kg,12500,False,12500,2024,11,Sabtu,1,0,,0,0
PS Bendul Mrisi,2024-11-17,Beras,Kota Surabaya,kg,12500,False,12500,2024,11,Minggu,1,0,,0,0
PS Bendul Mrisi,2024-11-18,Beras,Kota Surabaya,kg,12500,False,12500,2024,11,Senin,0,0,,0,0
PS Bendul Mrisi,2024-11-19,Beras,Kota Surabaya,kg,12500,False,12500,2024,11,Selasa,0,0,,0,0
PS Bendul Mrisi,2024-11-20,Beras,Kota Surabaya,kg,12500,False,12500,2024,11,Rabu,0,0,,0,0
PS Bendul Mrisi,2024-11-21,Beras,Kota Surabaya,kg,12500,False,12500,2024,11,Kamis,0,0,,0,0
PS Bendul Mrisi,2024-11-22,Beras,Kota Surabaya,kg,12500,False,12500,2024,11,Jumat,0,0,,0,0
PS Bendul Mrisi,2024-11-23,Beras,Kota Surabaya,kg,12500,False,12500,2024,11,Sabtu,1,0,,0,0
PS Bendul Mrisi,2024-11-24,Beras,Kota Surabaya,kg,12500,False,12500,2024,11,Minggu,1,0,,0,0
PS Bendul Mrisi,2024-11-25,Beras,Kota Surabaya,kg,12500,False,12500,2024,11,Senin,0,0,,0,0
PS Bendul Mrisi,2024-11-26,Beras,Kota Surabaya,kg,12500,False,12500,2024,11,Selasa,0,0,,0,0
PS Bendul Mrisi,2024-11-27,Beras,Kota Surabaya,kg,12500,False,12500,2024,11,Rabu,0,1,Hari Pemilihan Kepala Daerah,0,0
PS Bendul Mrisi,2024-11-28,Beras,Kota Surabaya,kg,12500,False,12500,2024,11,Kamis,0,0,,0,0
PS Bendul Mrisi,2024-11-29,Beras,Kota Surabaya,kg,12500,False,12500,2024,11,Jumat,0,0,,0,0
PS Bendul Mrisi,2024-11-30,Beras,Kota Surabaya,kg,12500,False,12500,2024,11,Sabtu,1,0,,0,0
PS Bendul Mrisi,2024-12-01,Beras,Kota Surabaya,kg,12500,False,12500,2024,12,Minggu,1,0,,0,0
PS Bendul Mrisi,2024-12-02,Beras,Kota Surabaya,kg,12500,False,12500,2024,12,Senin,0,0,,0,0
PS Bendul Mrisi,2024-12-03,Beras,Kota Surabaya,kg,12500,False,12500,2024,12,Selasa,0,0,,0,0
PS Bendul Mrisi,2024-12-04,Beras,Kota Surabaya,kg,12500,False,12500,2024,12,Rabu,0,0,,0,0
PS Bendul Mrisi,2024-12-05,Beras,Kota Surabaya,kg,12500,False,12500,2024,12,Kamis,0,0,,0,0
PS Bendul Mrisi,2024-12-06,Beras,Kota Surabaya,kg,12500,False,12500,2024,12,Jumat,0,0,,0,0
PS Bendul Mrisi,2024-12-07,Beras,Kota Surabaya,kg,12500,False,12500,2024,12,Sabtu,1,0,,0,0
PS Bendul Mrisi,2024-12-08,Beras,Kota Surabaya,kg,12500,False,12500,2024,12,Minggu,1,0,,0,0
PS Bendul Mrisi,2024-12-09,Beras,Kota Surabaya,kg,12500,False,12500,2024,12,Senin,0,0,,0,0
PS Bendul Mrisi,2024-12-10,Beras,Kota Surabaya,kg,12500,False,12500,2024,12,Selasa,0,0,,0,0
PS Bendul Mrisi,2024-12-11,Beras,Kota Surabaya,kg,12500,False,12500,2024,12,Rabu,0,0,,0,0
PS Bendul Mrisi,2024-12-12,Beras,Kota Surabaya,kg,12500,False,12500,2024,12,Kamis,0,0,,0,0
PS Bendul Mrisi,2024-12-13,Beras,Kota Surabaya,kg,12500,False,12500,2024,12,Jumat,0,0,,0,0
PS Bendul Mrisi,2024-12-14,Beras,Kota Surabaya,kg,12500,False,12500,2024,12,Sabtu,1,0,,0,0
PS Bendul Mrisi,2024-12-15,Beras,Kota Surabaya,kg,12500,False,12500,2024,12,Minggu,1,0,,0,0
PS Bendul Mrisi,2024-12-16,Beras,Kota Surabaya,kg,12500,False,12500,2024,12,Senin,0,0,,0,0
PS Bendul Mrisi,2024-12-17,Beras,Kota Surabaya,kg,12500,False,12500,2024,12,Selasa,0,0,,0,0
PS Bendul Mrisi,2024-12-18,Beras,Kota Surabaya,kg,12500,False,12500,2024,12,Rabu,0,0,,0,0
PS Bendul Mrisi,2024-12-19,Beras,Kota Surabaya,kg,12500,False,12500,2024,12,Kamis,0,0,,0,0
PS Bendul Mrisi,2024-12-20,Beras,Kota Surabaya,kg,12500,False,12500,2024,12,Jumat,0,0,,0,0
PS Bendul Mrisi,2024-12-21,Beras,Kota Surabaya,kg,12500,False,12500,2024,12,Sabtu,1,0,,0,0
PS Bendul Mrisi,2024-12-22,Beras,Kota Surabaya,kg,12500,False,12500,2024,12,Minggu,1,0,,0,0
PS Bendul Mrisi,2024-12-23,Beras,Kota Surabaya,kg,12500,False,12500,2024,12,Senin,0,0,,0,0
PS Bendul Mrisi,2024-12-24,Beras,Kota Surabaya,kg,12500,False,12500,2024,12,Selasa,0,0,,0,0
PS Bendul Mrisi,2024-12-25,Beras,Kota Surabaya,kg,12500,False,12500,2024,12,Rabu,0,1,Hari Raya Natal,0,0
PS Bendul Mrisi,2024-12-26,Beras,Kota Surabaya,kg,12500,False,12500,2024,12,Kamis,0,1,Cuti Bersama Hari Raya Natal,0,0
PS Bendul Mrisi,2024-12-27,Beras,Kota Surabaya,kg,12500,False,12500,2024,12,Jumat,0,0,,0,0
PS Bendul Mrisi,2024-12-28,Beras,Kota Surabaya,kg,12500,False,12500,2024,12,Sabtu,1,0,,0,0
PS Bendul Mrisi,2024-12-29,Beras,Kota Surabaya,kg,12500,False,12500,2024,12,Minggu,1,0,,0,0
PS Bendul Mrisi,2024-12-30,Beras,Kota Surabaya,kg,12500,False,12500,2024,12,Senin,0,0,,0,0
PS Bendul Mrisi,2024-12-31,Beras,Kota Surabaya,kg,12500,False,12500,2024,12,Selasa,0,0,,0,0
PS Bendul Mrisi,2025-01-01,Beras,Kota Surabaya,kg,12500,False,12500,2025,1,Rabu,0,1,Tahun Baru Masehi,0,0
PS Bendul Mrisi,2025-01-02,Beras,Kota Surabaya,kg,12500,False,12500,2025,1,Kamis,0,0,,0,0
PS Bendul Mrisi,2025-01-03,Beras,Kota Surabaya,kg,12500,False,12500,2025,1,Jumat,0,0,,0,0
PS Bendul Mrisi,2025-01-04,Beras,Kota Surabaya,kg,12500,False,12500,2025,1,Sabtu,1,0,,0,0
PS Bendul Mrisi,2025-01-05,Beras,Kota Surabaya,kg,12500,False,12500,2025,1,Minggu,1,0,,0,0
PS Bendul Mrisi,2025-01-06,Beras,Kota Surabaya,kg,12500,False,12500,2025,1,Senin,0,0,,0,0
PS Bendul Mrisi,2025-01-07,Beras,Kota Surabaya,kg,12500,False,12500,2025,1,Selasa,0,0,,0,0
PS Bendul Mrisi,2025-01-08,Beras,Kota Surabaya,kg,12500,False,12500,2025,1,Rabu,0,0,,0,0
PS Bendul Mrisi,2025-01-09,Beras,Kota Surabaya,kg,12500,False,12500,2025,1,Kamis,0,0,,0,0
PS Bendul Mrisi,2025-01-10,Beras,Kota Surabaya,kg,12500,False,12500,2025,1,Jumat,0,0,,0,0
PS Bendul Mrisi,2025-01-11,Beras,Kota Surabaya,kg,12500,False,12500,2025,1,Sabtu,1,0,,0,0
PS Bendul Mrisi,2025-01-12,Beras,Kota Surabaya,kg,12500,False,12500,2025,1,Minggu,1,0,,0,0
PS Bendul Mrisi,2025-01-13,Beras,Kota Surabaya,kg,12500,False,12500,2025,1,Senin,0,0,,0,0
PS Bendul Mrisi,2025-01-14,Beras,Kota Surabaya,kg,12500,False,12500,2025,1,Selasa,0,0,,0,0
PS Bendul Mrisi,2025-01-15,Beras,Kota Surabaya,kg,12500,False,12500,2025,1,Rabu,0,0,,0,0
PS Bendul Mrisi,2025-01-16,Beras,Kota Surabaya,kg,12500,False,12500,2025,1,Kamis,0,0,,0,0
PS Bendul Mrisi,2025-01-17,Beras,Kota Surabaya,kg,12500,False,12500,2025,1,Jumat,0,0,,0,0
PS Bendul Mrisi,2025-01-18,Beras,Kota Surabaya,kg,12500,False,12500,2025,1,Sabtu,1,0,,0,0
PS Bendul Mrisi,2025-01-19,Beras,Kota Surabaya,kg,12500,False,12500,2025,1,Minggu,1,0,,0,0
PS Bendul Mrisi,2025-01-20,Beras,Kota Surabaya,kg,12500,False,12500,2025,1,Senin,0,0,,0,0
PS Bendul Mrisi,2025-01-21,Beras,Kota Surabaya,kg,12500,False,12500,2025,1,Selasa,0,0,,0,0
PS Bendul Mrisi,2025-01-22,Beras,Kota Surabaya,kg,12500,False,12500,2025,1,Rabu,0,0,,0,0
PS Bendul Mrisi,2025-01-23,Beras,Kota Surabaya,kg,12500,False,12500,2025,1,Kamis,0,0,,0,0
PS Bendul Mrisi,2025-01-24,Beras,Kota Surabaya,kg,12500,False,12500,2025,1,Jumat,0,0,,0,0
PS Bendul Mrisi,2025-01-25,Beras,Kota Surabaya,kg,12500,False,12500,2025,1,Sabtu,1,0,,0,0
PS Bendul Mrisi,2025-01-26,Beras,Kota Surabaya,kg,12500,False,12500,2025,1,Minggu,1,0,,0,0
PS Bendul Mrisi,2025-01-27,Beras,Kota Surabaya,kg,12500,False,12500,2025,1,Senin,0,1,Isra Mikraj Nabi Muhammad,0,0
PS Bendul Mrisi,2025-01-28,Beras,Kota Surabaya,kg,12500,False,12500,2025,1,Selasa,0,1,Cuti Bersama Tahun Baru Imlek,0,0
PS Bendul Mrisi,2025-01-29,Beras,Kota Surabaya,kg,12500,False,12500,2025,1,Rabu,0,1,Tahun Baru Imlek,0,0
PS Bendul Mrisi,2025-01-30,Beras,Kota Surabaya,kg,12500,False,12500,2025,1,Kamis,0,0,,0,0
PS Bendul Mrisi,2025-01-31,Beras,Kota Surabaya,kg,12500,False,12500,2025,1,Jumat,0,0,,0,0
PS Bendul Mrisi,2025-02-01,Beras,Kota Surabaya,kg,12500,False,12500,2025,2,Sabtu,1,0,,0,0
PS Bendul Mrisi,2025-02-02,Beras,Kota Surabaya,kg,12500,False,12500,2025,2,Minggu,1,0,,0,0
PS Bendul Mrisi,2025-02-03,Beras,Kota Surabaya,kg,12500,False,12500,2025,2,Senin,0,0,,0,0
PS Bendul Mrisi,2025-02-04,Beras,Kota Surabaya,kg,12500,False,12500,2025,2,Selasa,0,0,,0,0
PS Bendul Mrisi,2025-02-05,Beras,Kota Surabaya,kg,12500,False,12500,2025,2,Rabu,0,0,,0,0
PS Bendul Mrisi,2025-02-06,Beras,Kota Surabaya,kg,12500,False,12500,2025,2,Kamis,0,0,,0,0
PS Bendul Mrisi,2025-02-07,Beras,Kota Surabaya,kg,12500,False,12500,2025,2,Jumat,0,0,,0,0
PS Bendul Mrisi,2025-02-08,Beras,Kota Surabaya,kg,12500,False,12500,2025,2,Sabtu,1,0,,0,0
PS Bendul Mrisi,2025-02-09,Beras,Kota Surabaya,kg,12500,False,12500,2025,2,Minggu,1,0,,0,0
PS Bendul Mrisi,2025-02-10,Beras,Kota Surabaya,kg,12500,False,12500,2025,2,Senin,0,0,,0,0
PS Bendul Mrisi,2025-02-11,Beras,Kota Surabaya,kg,12500,False,12500,2025,2,Selasa,0,0,,0,0
PS Bendul Mrisi,2025-02-12,Beras,Kota Surabaya,kg,12500,False,12500,2025,2,Rabu,0,0,,0,0
PS Bendul Mrisi,2025-02-13,Beras,Kota Surabaya,kg,12500,False,12500,2025,2,Kamis,0,0,,0,0
PS Bendul Mrisi,2025-02-14,Beras,Kota Surabaya,kg,12500,False,12500,2025,2,Jumat,0,0,,0,0
PS Bendul Mrisi,2025-02-15,Beras,Kota Surabaya,kg,12500,False,12500,2025,2,Sabtu,1,0,,0,1
PS Bendul Mrisi,2025-02-16,Beras,Kota Surabaya,kg,12500,False,12500,2025,2,Minggu,1,0,,0,1
PS Bendul Mrisi,2025-02-17,Beras,Kota Surabaya,kg,12500,False,12500,2025,2,Senin,0,0,,0,1
PS Bendul Mrisi,2025-02-18,Beras,Kota Surabaya,kg,12500,False,12500,2025,2,Selasa,0,0,,0,1
PS Bendul Mrisi,2025-02-19,Beras,Kota Surabaya,kg,12500,False,12500,2025,2,Rabu,0,0,,0,1
PS Bendul Mrisi,2025-02-20,Beras,Kota Surabaya,kg,12500,False,12500,2025,2,Kamis,0,0,,0,1
PS Bendul Mrisi,2025-02-21,Beras,Kota Surabaya,kg,12500,False,12500,2025,2,Jumat,0,0,,0,1
PS Bendul Mrisi,2025-02-22,Beras,Kota Surabaya,kg,13000,False,13000,2025,2,Sabtu,1,0,,0,1
PS Bendul Mrisi,2025-02-23,Beras,Kota Surabaya,kg,13000,False,13000,2025,2,Minggu,1,0,,0,1
PS Bendul Mrisi,2025-02-24,Beras,Kota Surabaya,kg,13000,False,13000,2025,2,Senin,0,0,,0,1
PS Bendul Mrisi,2025-02-25,Beras,Kota Surabaya,kg,13000,False,13000,2025,2,Selasa,0,0,,0,1
PS Bendul Mrisi,2025-02-26,Beras,Kota Surabaya,kg,13000,False,13000,2025,2,Rabu,0,0,,0,1
PS Bendul Mrisi,2025-02-27,Beras,Kota Surabaya,kg,13000,False,13000,2025,2,Kamis,0,0,,0,1
PS Bendul Mrisi,2025-02-28,Beras,Kota Surabaya,kg,13000,False,13000,2025,2,Jumat,0,0,,0,1
PS Bendul Mrisi,2025-03-01,Beras,Kota Surabaya,kg,13000,False,13000,2025,3,Sabtu,1,0,,1,0
PS Bendul Mrisi,2025-03-02,Beras,Kota Surabaya,kg,13000,False,13000,2025,3,Minggu,1,0,,1,0
PS Bendul Mrisi,2025-03-03,Beras,Kota Surabaya,kg,13000,False,13000,2025,3,Senin,0,0,,1,0
PS Bendul Mrisi,2025-03-04,Beras,Kota Surabaya,kg,13000,False,13000,2025,3,Selasa,0,0,,1,0
PS Bendul Mrisi,2025-03-05,Beras,Kota Surabaya,kg,13000,False,13000,2025,3,Rabu,0,0,,1,0
PS Bendul Mrisi,2025-03-06,Beras,Kota Surabaya,kg,13000,False,13000,2025,3,Kamis,0,0,,1,0
PS Bendul Mrisi,2025-03-07,Beras,Kota Surabaya,kg,13000,False,13000,2025,3,Jumat,0,0,,1,0
PS Bendul Mrisi,2025-03-08,Beras,Kota Surabaya,kg,13000,False,13000,2025,3,Sabtu,1,0,,1,0
PS Bendul Mrisi,2025-03-09,Beras,Kota Surabaya,kg,13000,False,13000,2025,3,Minggu,1,0,,1,0
PS Bendul Mrisi,2025-03-10,Beras,Kota Surabaya,kg,13000,False,13000,2025,3,Senin,0,0,,1,0
PS Bendul Mrisi,2025-03-11,Beras,Kota Surabaya,kg,13000,False,13000,2025,3,Selasa,0,0,,1,0
PS Bendul Mrisi,2025-03-12,Beras,Kota Surabaya,kg,13000,False,13000,2025,3,Rabu,0,0,,1,0
PS Bendul Mrisi,2025-03-13,Beras,Kota Surabaya,kg,13000,False,13000,2025,3,Kamis,0,0,,1,0
PS Bendul Mrisi,2025-03-14,Beras,Kota Surabaya,kg,13000,False,13000,2025,3,Jumat,0,0,,1,0
PS Bendul Mrisi,2025-03-15,Beras,Kota Surabaya,kg,13000,False,13000,2025,3,Sabtu,1,0,,1,0
PS Bendul Mrisi,2025-03-16,Beras,Kota Surabaya,kg,13000,False,13000,2025,3,Minggu,1,0,,1,0
PS Bendul Mrisi,2025-03-17,Beras,Kota Surabaya,kg,13000,False,13000,2025,3,Senin,0,0,,1,0
PS Bendul Mrisi,2025-03-18,Beras,Kota Surabaya,kg,13000,False,13000,2025,3,Selasa,0,0,,1,0
PS Bendul Mrisi,2025-03-19,Beras,Kota Surabaya,kg,13000,False,13000,2025,3,Rabu,0,0,,1,0
PS Bendul Mrisi,2025-03-20,Beras,Kota Surabaya,kg,13000,False,13000,2025,3,Kamis,0,0,,1,0
PS Bendul Mrisi,2025-03-21,Beras,Kota Surabaya,kg,13000,False,13000,2025,3,Jumat,0,0,,1,0
PS Bendul Mrisi,2025-03-22,Beras,Kota Surabaya,kg,13000,False,13000,2025,3,Sabtu,1,0,,1,0
PS Bendul Mrisi,2025-03-23,Beras,Kota Surabaya,kg,13000,False,13000,2025,3,Minggu,1,0,,1,0
PS Bendul Mrisi,2025-03-24,Beras,Kota Surabaya,kg,13000,False,13000,2025,3,Senin,0,0,,1,0
PS Bendul Mrisi,2025-03-25,Beras,Kota Surabaya,kg,13000,False,13000,2025,3,Selasa,0,0,,1,0
PS Bendul Mrisi,2025-03-26,Beras,Kota Surabaya,kg,13000,False,13000,2025,3,Rabu,0,0,,1,0
PS Bendul Mrisi,2025-03-27,Beras,Kota Surabaya,kg,13000,False,13000,2025,3,Kamis,0,0,,1,0
PS Bendul Mrisi,2025-03-28,Beras,Kota Surabaya,kg,14000,False,14000,2025,3,Jumat,0,1,Cuti Bersama Hari Suci Nyepi,1,0
PS Bendul Mrisi,2025-03-29,Beras,Kota Surabaya,kg,14000,False,14000,2025,3,Sabtu,1,1,Hari Suci Nyepi,1,0
PS Bendul Mrisi,2025-03-30,Beras,Kota Surabaya,kg,14000,False,14000,2025,3,Minggu,1,0,,1,0
PS Bendul Mrisi,2025-03-31,Beras,Kota Surabaya,kg,14000,False,14000,2025,3,Senin,0,1,Hari Raya Idul Fitri,0,0
PS Bendul Mrisi,2025-04-01,Beras,Kota Surabaya,kg,14000,False,14000,2025,4,Selasa,0,1,Hari kedua dari Hari Raya Idul Fitri,0,0
PS Bendul Mrisi,2025-04-02,Beras,Kota Surabaya,kg,14000,False,14000,2025,4,Rabu,0,1,Cuti Bersama Hari Raya Idul Fitri,0,0
PS Bendul Mrisi,2025-04-03,Beras,Kota Surabaya,kg,14000,False,14000,2025,4,Kamis,0,1,Cuti Bersama Hari Raya Idul Fitri,0,0
PS Bendul Mrisi,2025-04-04,Beras,Kota Surabaya,kg,14000,False,14000,2025,4,Jumat,0,1,Cuti Bersama Hari Raya Idul Fitri,0,0
PS Bendul Mrisi,2025-04-05,Beras,Kota Surabaya,kg,14000,False,14000,2025,4,Sabtu,1,0,,0,0
PS Bendul Mrisi,2025-04-06,Beras,Kota Surabaya,kg,14000,False,14000,2025,4,Minggu,1,0,,0,0
PS Bendul Mrisi,2025-04-07,Beras,Kota Surabaya,kg,14000,False,14000,2025,4,Senin,0,1,Cuti Bersama Hari Raya Idul Fitri,0,0
PS Bendul Mrisi,2025-04-08,Beras,Kota Surabaya,kg,14000,False,14000,2025,4,Selasa,0,0,,0,0
PS Bendul Mrisi,2025-04-09,Beras,Kota Surabaya,kg,14000,False,14000,2025,4,Rabu,0,0,,0,0
PS Bendul Mrisi,2025-04-10,Beras,Kota Surabaya,kg,14000,False,14000,2025,4,Kamis,0,0,,0,0
PS Bendul Mrisi,2025-04-11,Beras,Kota Surabaya,kg,14000,False,14000,2025,4,Jumat,0,0,,0,0
PS Bendul Mrisi,2025-04-12,Beras,Kota Surabaya,kg,14000,False,14000,2025,4,Sabtu,1,0,,0,0
PS Bendul Mrisi,2025-04-13,Beras,Kota Surabaya,kg,14000,False,14000,2025,4,Minggu,1,0,,0,0
PS Bendul Mrisi,2025-04-14,Beras,Kota Surabaya,kg,14000,False,14000,2025,4,Senin,0,0,,0,0
PS Bendul Mrisi,2025-04-15,Beras,Kota Surabaya,kg,14000,False,14000,2025,4,Selasa,0,0,,0,0
PS Bendul Mrisi,2025-04-16,Beras,Kota Surabaya,kg,14000,False,14000,2025,4,Rabu,0,0,,0,0
PS Bendul Mrisi,2025-04-17,Beras,Kota Surabaya,kg,14000,False,14000,2025,4,Kamis,0,0,,0,0
PS Bendul Mrisi,2025-04-18,Beras,Kota Surabaya,kg,14000,False,14000,2025,4,Jumat,0,1,Wafat Yesus Kristus,0,0
PS Bendul Mrisi,2025-04-19,Beras,Kota Surabaya,kg,14000,False,14000,2025,4,Sabtu,1,0,,0,0
PS Bendul Mrisi,2025-04-20,Beras,Kota Surabaya,kg,14000,False,14000,2025,4,Minggu,1,1,Kebangkitan Yesus Kristus,0,0
PS Bendul Mrisi,2025-04-21,Beras,Kota Surabaya,kg,14000,False,14000,2025,4,Senin,0,0,,0,0
PS Bendul Mrisi,2025-04-22,Beras,Kota Surabaya,kg,14000,False,14000,2025,4,Selasa,0,0,,0,0
PS Bendul Mrisi,2025-04-23,Beras,Kota Surabaya,kg,14000,False,14000,2025,4,Rabu,0,0,,0,0
PS Bendul Mrisi,2025-04-24,Beras,Kota Surabaya,kg,14000,False,14000,2025,4,Kamis,0,0,,0,0
PS Bendul Mrisi,2025-04-25,Beras,Kota Surabaya,kg,14000,False,14000,2025,4,Jumat,0,0,,0,0
PS Bendul Mrisi,2025-04-26,Beras,Kota Surabaya,kg,14000,False,14000,2025,4,Sabtu,1,0,,0,0
PS Bendul Mrisi,2025-04-27,Beras,Kota Surabaya,kg,14000,False,14000,2025,4,Minggu,1,0,,0,0
PS Bendul Mrisi,2025-04-28,Beras,Kota Surabaya,kg,14000,False,14000,2025,4,Senin,0,0,,0,0
PS Bendul Mrisi,2025-04-29,Beras,Kota Surabaya,kg,14000,False,14000,2025,4,Selasa,0,0,,0,0
PS Bendul Mrisi,2025-04-30,Beras,Kota Surabaya,kg,14000,False,14000,2025,4,Rabu,0,0,,0,0
PS Bendul Mrisi,2025-05-01,Beras,Kota Surabaya,kg,14000,False,14000,2025,5,Kamis,0,1,Hari Buruh Internasional,0,0
PS Bendul Mrisi,2025-05-02,Beras,Kota Surabaya,kg,14000,False,14000,2025,5,Jumat,0,0,,0,0
PS Bendul Mrisi,2025-05-03,Beras,Kota Surabaya,kg,14000,False,14000,2025,5,Sabtu,1,0,,0,0
PS Bendul Mrisi,2025-05-04,Beras,Kota Surabaya,kg,14000,False,14000,2025,5,Minggu,1,0,,0,0
PS Bendul Mrisi,2025-05-05,Beras,Kota Surabaya,kg,14000,False,14000,2025,5,Senin,0,0,,0,0
PS Bendul Mrisi,2025-05-06,Beras,Kota Surabaya,kg,14000,False,14000,2025,5,Selasa,0,0,,0,0
PS Bendul Mrisi,2025-05-07,Beras,Kota Surabaya,kg,14000,False,14000,2025,5,Rabu,0,0,,0,0
PS Bendul Mrisi,2025-05-08,Beras,Kota Surabaya,kg,14000,False,14000,2025,5,Kamis,0,0,,0,0
PS Bendul Mrisi,2025-05-09,Beras,Kota Surabaya,kg,14000,False,14000,2025,5,Jumat,0,0,,0,0
PS Bendul Mrisi,2025-05-10,Beras,Kota Surabaya,kg,14000,False,14000,2025,5,Sabtu,1,0,,0,0
PS Bendul Mrisi,2025-05-11,Beras,Kota Surabaya,kg,14000,False,14000,2025,5,Minggu,1,0,,0,0
PS Bendul Mrisi,2025-05-12,Beras,Kota Surabaya,kg,14000,False,14000,2025,5,Senin,0,1,Hari Raya Waisak,0,0
PS Bendul Mrisi,2025-05-13,Beras,Kota Surabaya,kg,14000,False,14000,2025,5,Selasa,0,1,Cuti Bersama Hari Raya Waisak,0,0
PS Bendul Mrisi,2025-05-14,Beras,Kota Surabaya,kg,14000,False,14000,2025,5,Rabu,0,0,,0,0
PS Bendul Mrisi,2025-05-15,Beras,Kota Surabaya,kg,14000,False,14000,2025,5,Kamis,0,0,,0,0
PS Bendul Mrisi,2025-05-16,Beras,Kota Surabaya,kg,14000,False,14000,2025,5,Jumat,0,0,,0,0
PS Bendul Mrisi,2025-05-17,Beras,Kota Surabaya,kg,14000,False,14000,2025,5,Sabtu,1,0,,0,0
PS Bendul Mrisi,2025-05-18,Beras,Kota Surabaya,kg,14000,False,14000,2025,5,Minggu,1,0,,0,0
PS Bendul Mrisi,2025-05-19,Beras,Kota Surabaya,kg,14000,False,14000,2025,5,Senin,0,0,,0,0
PS Bendul Mrisi,2025-05-20,Beras,Kota Surabaya,kg,14000,False,14000,2025,5,Selasa,0,0,,0,0
PS Bendul Mrisi,2025-05-21,Beras,Kota Surabaya,kg,14000,False,14000,2025,5,Rabu,0,0,,0,0
PS Bendul Mrisi,2025-05-22,Beras,Kota Surabaya,kg,14000,False,14000,2025,5,Kamis,0,0,,0,0
PS Bendul Mrisi,2025-05-23,Beras,Kota Surabaya,kg,14000,False,14000,2025,5,Jumat,0,0,,0,0
PS Bendul Mrisi,2025-05-24,Beras,Kota Surabaya,kg,14000,False,14000,2025,5,Sabtu,1,0,,0,0
PS Bendul Mrisi,2025-05-25,Beras,Kota Surabaya,kg,14000,False,14000,2025,5,Minggu,1,0,,0,0
PS Bendul Mrisi,2025-05-26,Beras,Kota Surabaya,kg,14000,False,14000,2025,5,Senin,0,0,,0,0
PS Bendul Mrisi,2025-05-27,Beras,Kota Surabaya,kg,14000,False,14000,2025,5,Selasa,0,0,,0,0
PS Bendul Mrisi,2025-05-28,Beras,Kota Surabaya,kg,14000,False,14000,2025,5,Rabu,0,0,,0,0
PS Bendul Mrisi,2025-05-29,Beras,Kota Surabaya,kg,14000,False,14000,2025,5,Kamis,0,1,Kenaikan Yesus Kristus,0,0
PS Bendul Mrisi,2025-05-30,Beras,Kota Surabaya,kg,14000,False,14000,2025,5,Jumat,0,1,Cuti Bersama Kenaikan Yesus Kristus,0,0
PS Bendul Mrisi,2025-05-31,Beras,Kota Surabaya,kg,14000,False,14000,2025,5,Sabtu,1,0,,0,0
PS Bendul Mrisi,2025-06-01,Beras,Kota Surabaya,kg,14000,False,14000,2025,6,Minggu,1,1,Hari Lahir Pancasila,0,0
PS Bendul Mrisi,2025-06-02,Beras,Kota Surabaya,kg,14000,False,14000,2025,6,Senin,0,0,,0,0
PS Bendul Mrisi,2025-06-03,Beras,Kota Surabaya,kg,14000,False,14000,2025,6,Selasa,0,0,,0,0
PS Bendul Mrisi,2025-06-04,Beras,Kota Surabaya,kg,14000,False,14000,2025,6,Rabu,0,0,,0,0
PS Bendul Mrisi,2025-06-05,Beras,Kota Surabaya,kg,14000,False,14000,2025,6,Kamis,0,0,,0,0
PS Bendul Mrisi,2025-06-06,Beras,Kota Surabaya,kg,14000,False,14000,2025,6,Jumat,0,1,Hari Raya Idul Adha,0,0
PS Bendul Mrisi,2025-06-07,Beras,Kota Surabaya,kg,14000,False,14000,2025,6,Sabtu,1,0,,0,0
PS Bendul Mrisi,2025-06-08,Beras,Kota Surabaya,kg,14000,False,14000,2025,6,Minggu,1,0,,0,0
PS Bendul Mrisi,2025-06-09,Beras,Kota Surabaya,kg,14000,False,14000,2025,6,Senin,0,1,Cuti Bersama Hari Raya Idul Adha,0,0
PS Bendul Mrisi,2025-06-10,Beras,Kota Surabaya,kg,14000,False,14000,2025,6,Selasa,0,0,,0,0
PS Bendul Mrisi,2025-06-11,Beras,Kota Surabaya,kg,14000,False,14000,2025,6,Rabu,0,0,,0,0
PS Bendul Mrisi,2025-06-12,Beras,Kota Surabaya,kg,14000,False,14000,2025,6,Kamis,0,0,,0,0
PS Bendul Mrisi,2025-06-13,Beras,Kota Surabaya,kg,14000,False,14000,2025,6,Jumat,0,0,,0,0
PS Bendul Mrisi,2025-06-14,Beras,Kota Surabaya,kg,14000,False,14000,2025,6,Sabtu,1,0,,0,0
PS Bendul Mrisi,2025-06-15,Beras,Kota Surabaya,kg,14000,False,14000,2025,6,Minggu,1,0,,0,0
PS Bendul Mrisi,2025-06-16,Beras,Kota Surabaya,kg,14000,False,14000,2025,6,Senin,0,0,,0,0
PS Bendul Mrisi,2025-06-17,Beras,Kota Surabaya,kg,14000,False,14000,2025,6,Selasa,0,0,,0,0
PS Bendul Mrisi,2025-06-18,Beras,Kota Surabaya,kg,14000,False,14000,2025,6,Rabu,0,0,,0,0
PS Bendul Mrisi,2025-06-19,Beras,Kota Surabaya,kg,14000,False,14000,2025,6,Kamis,0,0,,0,0
PS Bendul Mrisi,2025-06-20,Beras,Kota Surabaya,kg,14000,False,14000,2025,6,Jumat,0,0,,0,0
PS Bendul Mrisi,2025-06-21,Beras,Kota Surabaya,kg,14000,False,14000,2025,6,Sabtu,1,0,,0,0
PS Bendul Mrisi,2025-06-22,Beras,Kota Surabaya,kg,14000,False,14000,2025,6,Minggu,1,0,,0,0
PS Bendul Mrisi,2025-06-23,Beras,Kota Surabaya,kg,14000,False,14000,2025,6,Senin,0,0,,0,0
PS Bendul Mrisi,2025-06-24,Beras,Kota Surabaya,kg,14000,False,14000,2025,6,Selasa,0,0,,0,0
PS Bendul Mrisi,2025-06-25,Beras,Kota Surabaya,kg,14000,False,14000,2025,6,Rabu,0,0,,0,0
PS Bendul Mrisi,2025-06-26,Beras,Kota Surabaya,kg,14000,False,14000,2025,6,Kamis,0,0,,0,0
PS Bendul Mrisi,2025-06-27,Beras,Kota Surabaya,kg,14000,False,14000,2025,6,Jumat,0,1,Tahun Baru Islam,0,0
PS Bendul Mrisi,2025-06-28,Beras,Kota Surabaya,kg,14000,False,14000,2025,6,Sabtu,1,0,,0,0
PS Bendul Mrisi,2025-06-29,Beras,Kota Surabaya,kg,14000,False,14000,2025,6,Minggu,1,0,,0,0
PS Bendul Mrisi,2025-06-30,Beras,Kota Surabaya,kg,14000,False,14000,2025,6,Senin,0,0,,0,0
PS Bendul Mrisi,2025-07-01,Beras,Kota Surabaya,kg,14000,False,14000,2025,7,Selasa,0,0,,0,0
PS Bendul Mrisi,2025-07-02,Beras,Kota Surabaya,kg,14500,False,14500,2025,7,Rabu,0,0,,0,0
PS Bendul Mrisi,2025-07-03,Beras,Kota Surabaya,kg,14500,False,14500,2025,7,Kamis,0,0,,0,0
PS Bendul Mrisi,2025-07-04,Beras,Kota Surabaya,kg,14500,False,14500,2025,7,Jumat,0,0,,0,0
PS Bendul Mrisi,2025-07-05,Beras,Kota Surabaya,kg,14500,False,14500,2025,7,Sabtu,1,0,,0,0
PS Bendul Mrisi,2025-07-06,Beras,Kota Surabaya,kg,14500,False,14500,2025,7,Minggu,1,0,,0,0
PS Bendul Mrisi,2025-07-07,Beras,Kota Surabaya,kg,14500,False,14500,2025,7,Senin,0,0,,0,0
PS Bendul Mrisi,2025-07-08,Beras,Kota Surabaya,kg,14500,False,14500,2025,7,Selasa,0,0,,0,0
PS Bendul Mrisi,2025-07-09,Beras,Kota Surabaya,kg,14500,False,14500,2025,7,Rabu,0,0,,0,0
PS Bendul Mrisi,2025-07-10,Beras,Kota Surabaya,kg,14500,False,14500,2025,7,Kamis,0,0,,0,0
PS Bendul Mrisi,2025-07-11,Beras,Kota Surabaya,kg,14500,False,14500,2025,7,Jumat,0,0,,0,0
PS Bendul Mrisi,2025-07-12,Beras,Kota Surabaya,kg,14500,False,14500,2025,7,Sabtu,1,0,,0,0
PS Bendul Mrisi,2025-07-13,Beras,Kota Surabaya,kg,14500,False,14500,2025,7,Minggu,1,0,,0,0
PS Bendul Mrisi,2025-07-14,Beras,Kota Surabaya,kg,14500,False,14500,2025,7,Senin,0,0,,0,0
PS Bendul Mrisi,2025-07-15,Beras,Kota Surabaya,kg,14500,False,14500,2025,7,Selasa,0,0,,0,0
PS Bendul Mrisi,2025-07-16,Beras,Kota Surabaya,kg,14500,False,14500,2025,7,Rabu,0,0,,0,0
PS Bendul Mrisi,2025-07-17,Beras,Kota Surabaya,kg,14500,False,14500,2025,7,Kamis,0,0,,0,0
PS Bendul Mrisi,2025-07-18,Beras,Kota Surabaya,kg,14500,False,14500,2025,7,Jumat,0,0,,0,0
PS Bendul Mrisi,2025-07-19,Beras,Kota Surabaya,kg,14500,False,14500,2025,7,Sabtu,1,0,,0,0
PS Bendul Mrisi,2025-07-20,Beras,Kota Surabaya,kg,14500,False,14500,2025,7,Minggu,1,0,,0,0
PS Bendul Mrisi,2025-07-21,Beras,Kota Surabaya,kg,14500,False,14500,2025,7,Senin,0,0,,0,0
PS Bendul Mrisi,2025-07-22,Beras,Kota Surabaya,kg,14500,False,14500,2025,7,Selasa,0,0,,0,0
PS Bendul Mrisi,2025-07-23,Beras,Kota Surabaya,kg,14500,False,14500,2025,7,Rabu,0,0,,0,0
PS Bendul Mrisi,2025-07-24,Beras,Kota Surabaya,kg,14500,False,14500,2025,7,Kamis,0,0,,0,0
PS Bendul Mrisi,2025-07-25,Beras,Kota Surabaya,kg,14500,False,14500,2025,7,Jumat,0,0,,0,0
PS Bendul Mrisi,2025-07-26,Beras,Kota Surabaya,kg,14500,False,14500,2025,7,Sabtu,1,0,,0,0
PS Bendul Mrisi,2025-07-27,Beras,Kota Surabaya,kg,14500,False,14500,2025,7,Minggu,1,0,,0,0
PS Bendul Mrisi,2025-07-28,Beras,Kota Surabaya,kg,14500,False,14500,2025,7,Senin,0,0,,0,0
PS Bendul Mrisi,2025-07-29,Beras,Kota Surabaya,kg,14500,False,14500,2025,7,Selasa,0,0,,0,0
PS Bendul Mrisi,2025-07-30,Beras,Kota Surabaya,kg,14500,False,14500,2025,7,Rabu,0,0,,0,0
PS Bendul Mrisi,2025-07-31,Beras,Kota Surabaya,kg,14500,False,14500,2025,7,Kamis,0,0,,0,0
PS Bendul Mrisi,2025-08-01,Beras,Kota Surabaya,kg,14500,False,14500,2025,8,Jumat,0,0,,0,0
PS Bendul Mrisi,2025-08-02,Beras,Kota Surabaya,kg,14500,False,14500,2025,8,Sabtu,1,0,,0,0
PS Bendul Mrisi,2025-08-03,Beras,Kota Surabaya,kg,14500,False,14500,2025,8,Minggu,1,0,,0,0
PS Bendul Mrisi,2025-08-04,Beras,Kota Surabaya,kg,14500,False,14500,2025,8,Senin,0,0,,0,0
PS Bendul Mrisi,2025-08-05,Beras,Kota Surabaya,kg,14500,False,14500,2025,8,Selasa,0,0,,0,0
PS Bendul Mrisi,2025-08-06,Beras,Kota Surabaya,kg,14500,False,14500,2025,8,Rabu,0,0,,0,0
PS Bendul Mrisi,2025-08-07,Beras,Kota Surabaya,kg,14500,False,14500,2025,8,Kamis,0,0,,0,0
PS Bendul Mrisi,2025-08-08,Beras,Kota Surabaya,kg,14500,False,14500,2025,8,Jumat,0,0,,0,0
PS Bendul Mrisi,2025-08-09,Beras,Kota Surabaya,kg,14500,False,14500,2025,8,Sabtu,1,0,,0,0
PS Bendul Mrisi,2025-08-10,Beras,Kota Surabaya,kg,14500,False,14500,2025,8,Minggu,1,0,,0,0
PS Bendul Mrisi,2025-08-11,Beras,Kota Surabaya,kg,14500,False,14500,2025,8,Senin,0,0,,0,0
PS Bendul Mrisi,2025-08-12,Beras,Kota Surabaya,kg,14500,False,14500,2025,8,Selasa,0,0,,0,0
PS Bendul Mrisi,2025-08-13,Beras,Kota Surabaya,kg,14500,False,14500,2025,8,Rabu,0,0,,0,0
PS Bendul Mrisi,2025-08-14,Beras,Kota Surabaya,kg,14500,False,14500,2025,8,Kamis,0,0,,0,0
PS Bendul Mrisi,2025-08-15,Beras,Kota Surabaya,kg,14500,False,14500,2025,8,Jumat,0,0,,0,0
PS Bendul Mrisi,2025-08-16,Beras,Kota Surabaya,kg,14500,False,14500,2025,8,Sabtu,1,0,,0,0
PS Bendul Mrisi,2025-08-17,Beras,Kota Surabaya,kg,14500,False,14500,2025,8,Minggu,1,1,Hari Kemerdekaan Republik Indonesia,0,0
PS Bendul Mrisi,2025-08-18,Beras,Kota Surabaya,kg,14500,False,14500,2025,8,Senin,0,1,Cuti Bersama Hari Kemerdekaan Republik Indonesia,0,0
PS Bendul Mrisi,2025-08-19,Beras,Kota Surabaya,kg,14500,False,14500,2025,8,Selasa,0,0,,0,0
PS Bendul Mrisi,2025-08-20,Beras,Kota Surabaya,kg,14500,False,14500,2025,8,Rabu,0,0,,0,0
PS Bendul Mrisi,2025-08-21,Beras,Kota Surabaya,kg,14500,False,14500,2025,8,Kamis,0,0,,0,0
PS Bendul Mrisi,2025-08-22,Beras,Kota Surabaya,kg,14500,False,14500,2025,8,Jumat,0,0,,0,0
PS Bendul Mrisi,2025-08-23,Beras,Kota Surabaya,kg,14500,False,14500,2025,8,Sabtu,1,0,,0,0
PS Bendul Mrisi,2025-08-24,Beras,Kota Surabaya,kg,14000,False,14000,2025,8,Minggu,1,0,,0,0
PS Bendul Mrisi,2025-08-25,Beras,Kota Surabaya,kg,14500,False,14500,2025,8,Senin,0,0,,0,0
PS Bendul Mrisi,2025-08-26,Beras,Kota Surabaya,kg,14500,False,14500,2025,8,Selasa,0,0,,0,0
PS Bendul Mrisi,2025-08-27,Beras,Kota Surabaya,kg,14500,False,14500,2025,8,Rabu,0,0,,0,0
PS Bendul Mrisi,2025-08-28,Beras,Kota Surabaya,kg,14500,False,14500,2025,8,Kamis,0,0,,0,0
PS Bendul Mrisi,2025-08-29,Beras,Kota Surabaya,kg,14500,False,14500,2025,8,Jumat,0,0,,0,0
PS Bendul Mrisi,2025-08-30,Beras,Kota Surabaya,kg,14500,False,14500,2025,8,Sabtu,1,0,,0,0
PS Bendul Mrisi,2025-08-31,Beras,Kota Surabaya,kg,14500,False,14500,2025,8,Minggu,1,0,,0,0
PS Bendul Mrisi,2025-09-01,Beras,Kota Surabaya,kg,14500,False,14500,2025,9,Senin,0,0,,0,0
PS Bendul Mrisi,2025-09-02,Beras,Kota Surabaya,kg,14500,False,14500,2025,9,Selasa,0,0,,0,0
PS Bendul Mrisi,2025-09-03,Beras,Kota Surabaya,kg,14500,False,14500,2025,9,Rabu,0,0,,0,0
PS Bendul Mrisi,2025-09-04,Beras,Kota Surabaya,kg,14500,False,14500,2025,9,Kamis,0,0,,0,0
PS Bendul Mrisi,2025-09-05,Beras,Kota Surabaya,kg,14500,False,14500,2025,9,Jumat,0,1,Maulid Nabi Muhammad,0,0
PS Bendul Mrisi,2025-09-06,Beras,Kota Surabaya,kg,14500,False,14500,2025,9,Sabtu,1,0,,0,0
PS Bendul Mrisi,2025-09-07,Beras,Kota Surabaya,kg,14500,False,14500,2025,9,Minggu,1,0,,0,0
PS Bendul Mrisi,2025-09-08,Beras,Kota Surabaya,kg,14500,False,14500,2025,9,Senin,0,0,,0,0
PS Bendul Mrisi,2025-09-09,Beras,Kota Surabaya,kg,14500,False,14500,2025,9,Selasa,0,0,,0,0
PS Bendul Mrisi,2025-09-10,Beras,Kota Surabaya,kg,14500,False,14500,2025,9,Rabu,0,0,,0,0
PS Bendul Mrisi,2025-09-11,Beras,Kota Surabaya,kg,14500,False,14500,2025,9,Kamis,0,0,,0,0
PS Bendul Mrisi,2025-09-12,Beras,Kota Surabaya,kg,14500,False,14500,2025,9,Jumat,0,0,,0,0
PS Bendul Mrisi,2025-09-13,Beras,Kota Surabaya,kg,14500,False,14500,2025,9,Sabtu,1,0,,0,0
PS Bendul Mrisi,2025-09-14,Beras,Kota Surabaya,kg,14500,False,14500,2025,9,Minggu,1,0,,0,0
PS Bendul Mrisi,2025-09-15,Beras,Kota Surabaya,kg,14500,False,14500,2025,9,Senin,0,0,,0,0
PS Bendul Mrisi,2025-09-16,Beras,Kota Surabaya,kg,14500,False,14500,2025,9,Selasa,0,0,,0,0
PS Bendul Mrisi,2025-09-17,Beras,Kota Surabaya,kg,14500,False,14500,2025,9,Rabu,0,0,,0,0
PS Bendul Mrisi,2025-09-18,Beras,Kota Surabaya,kg,14500,False,14500,2025,9,Kamis,0,0,,0,0
PS Bendul Mrisi,2025-09-19,Beras,Kota Surabaya,kg,14500,False,14500,2025,9,Jumat,0,0,,0,0
PS Bendul Mrisi,2025-09-20,Beras,Kota Surabaya,kg,14500,False,14500,2025,9,Sabtu,1,0,,0,0
PS Bendul Mrisi,2025-09-21,Beras,Kota Surabaya,kg,14500,False,14500,2025,9,Minggu,1,0,,0,0
PS Bendul Mrisi,2025-09-22,Beras,Kota Surabaya,kg,14500,False,14500,2025,9,Senin,0,0,,0,0
PS Bendul Mrisi,2025-09-23,Beras,Kota Surabaya,kg,14500,False,14500,2025,9,Selasa,0,0,,0,0
PS Bendul Mrisi,2025-09-24,Beras,Kota Surabaya,kg,14500,False,14500,2025,9,Rabu,0,0,,0,0
PS Bendul Mrisi,2025-09-25,Beras,Kota Surabaya,kg,14500,False,14500,2025,9,Kamis,0,0,,0,0
PS Bendul Mrisi,2025-09-26,Beras,Kota Surabaya,kg,14500,False,14500,2025,9,Jumat,0,0,,0,0
PS Bendul Mrisi,2025-09-27,Beras,Kota Surabaya,kg,14500,False,14500,2025,9,Sabtu,1,0,,0,0
PS Bendul Mrisi,2025-09-28,Beras,Kota Surabaya,kg,14500,False,14500,2025,9,Minggu,1,0,,0,0
PS Bendul Mrisi,2025-09-29,Beras,Kota Surabaya,kg,14500,False,14500,2025,9,Senin,0,0,,0,0
PS Bendul Mrisi,2025-09-30,Beras,Kota Surabaya,kg,14500,False,14500,2025,9,Selasa,0,0,,0,0
PS Bendul Mrisi,2025-10-01,Beras,Kota Surabaya,kg,14500,False,14500,2025,10,Rabu,0,0,,0,0
PS Bendul Mrisi,2025-10-02,Beras,Kota Surabaya,kg,14500,False,14500,2025,10,Kamis,0,0,,0,0
PS Bendul Mrisi,2025-10-03,Beras,Kota Surabaya,kg,14500,False,14500,2025,10,Jumat,0,0,,0,0
PS Bendul Mrisi,2025-10-04,Beras,Kota Surabaya,kg,14500,False,14500,2025,10,Sabtu,1,0,,0,0
PS Bendul Mrisi,2025-10-05,Beras,Kota Surabaya,kg,14500,False,14500,2025,10,Minggu,1,0,,0,0
PS Bendul Mrisi,2025-10-06,Beras,Kota Surabaya,kg,14500,False,14500,2025,10,Senin,0,0,,0,0
PS Bendul Mrisi,2025-10-07,Beras,Kota Surabaya,kg,14500,False,14500,2025,10,Selasa,0,0,,0,0
PS Bendul Mrisi,2025-10-08,Beras,Kota Surabaya,kg,14500,False,14500,2025,10,Rabu,0,0,,0,0
PS Bendul Mrisi,2025-10-09,Beras,Kota Surabaya,kg,14500,False,14500,2025,10,Kamis,0,0,,0,0
PS Bendul Mrisi,2025-10-10,Beras,Kota Surabaya,kg,14500,False,14500,2025,10,Jumat,0,0,,0,0
PS Bendul Mrisi,2025-10-11,Beras,Kota Surabaya,kg,14500,False,14500,2025,10,Sabtu,1,0,,0,0
PS Bendul Mrisi,2025-10-12,Beras,Kota Surabaya,kg,14500,False,14500,2025,10,Minggu,1,0,,0,0
PS Bendul Mrisi,2025-10-13,Beras,Kota Surabaya,kg,14500,False,14500,2025,10,Senin,0,0,,0,0
PS Bendul Mrisi,2025-10-14,Beras,Kota Surabaya,kg,14500,False,14500,2025,10,Selasa,0,0,,0,0
PS Bendul Mrisi,2025-10-15,Beras,Kota Surabaya,kg,14500,False,14500,2025,10,Rabu,0,0,,0,0
PS Bendul Mrisi,2025-10-16,Beras,Kota Surabaya,kg,14500,False,14500,2025,10,Kamis,0,0,,0,0
PS Bendul Mrisi,2025-10-17,Beras,Kota Surabaya,kg,14500,False,14500,2025,10,Jumat,0,0,,0,0
PS Bendul Mrisi,2025-10-18,Beras,Kota Surabaya,kg,14500,False,14500,2025,10,Sabtu,1,0,,0,0
PS Bendul Mrisi,2025-10-19,Beras,Kota Surabaya,kg,14500,False,14500,2025,10,Minggu,1,0,,0,0
PS Bendul Mrisi,2025-10-20,Beras,Kota Surabaya,kg,14500,False,14500,2025,10,Senin,0,0,,0,0
PS Bendul Mrisi,2025-10-21,Beras,Kota Surabaya,kg,14500,False,14500,2025,10,Selasa,0,0,,0,0
PS Bendul Mrisi,2025-10-22,Beras,Kota Surabaya,kg,14500,False,14500,2025,10,Rabu,0,0,,0,0
PS Bendul Mrisi,2025-10-23,Beras,Kota Surabaya,kg,14500,False,14500,2025,10,Kamis,0,0,,0,0
PS Bendul Mrisi,2025-10-24,Beras,Kota Surabaya,kg,14500,False,14500,2025,10,Jumat,0,0,,0,0
PS Bendul Mrisi,2025-10-25,Beras,Kota Surabaya,kg,14500,False,14500,2025,10,Sabtu,1,0,,0,0
PS Bendul Mrisi,2025-10-26,Beras,Kota Surabaya,kg,14500,False,14500,2025,10,Minggu,1,0,,0,0
PS Bendul Mrisi,2025-10-27,Beras,Kota Surabaya,kg,14500,False,14500,2025,10,Senin,0,0,,0,0
PS Bendul Mrisi,2025-10-28,Beras,Kota Surabaya,kg,14500,False,14500,2025,10,Selasa,0,0,,0,0
PS Bendul Mrisi,2025-10-29,Beras,Kota Surabaya,kg,14500,False,14500,2025,10,Rabu,0,0,,0,0
PS Bendul Mrisi,2025-10-30,Beras,Kota Surabaya,kg,14500,False,14500,2025,10,Kamis,0,0,,0,0
PS Bendul Mrisi,2025-10-31,Beras,Kota Surabaya,kg,14500,False,14500,2025,10,Jumat,0,0,,0,0
PS Bendul Mrisi,2025-11-01,Beras,Kota Surabaya,kg,14500,False,14500,2025,11,Sabtu,1,0,,0,0
PS Bendul Mrisi,2025-11-02,Beras,Kota Surabaya,kg,13500,False,13500,2025,11,Minggu,1,0,,0,0
PS Bendul Mrisi,2025-11-03,Beras,Kota Surabaya,kg,14500,False,14500,2025,11,Senin,0,0,,0,0
PS Bendul Mrisi,2025-11-04,Beras,Kota Surabaya,kg,14500,False,14500,2025,11,Selasa,0,0,,0,0
PS Bendul Mrisi,2025-11-05,Beras,Kota Surabaya,kg,14500,False,14500,2025,11,Rabu,0,0,,0,0
PS Bendul Mrisi,2025-11-06,Beras,Kota Surabaya,kg,14500,False,14500,2025,11,Kamis,0,0,,0,0
PS Bendul Mrisi,2025-11-07,Beras,Kota Surabaya,kg,14500,False,14500,2025,11,Jumat,0,0,,0,0
PS Bendul Mrisi,2025-11-08,Beras,Kota Surabaya,kg,14500,False,14500,2025,11,Sabtu,1,0,,0,0
PS Bendul Mrisi,2025-11-09,Beras,Kota Surabaya,kg,14500,False,14500,2025,11,Minggu,1,0,,0,0
PS Bendul Mrisi,2025-11-10,Beras,Kota Surabaya,kg,14500,False,14500,2025,11,Senin,0,0,,0,0
PS Bendul Mrisi,2025-11-11,Beras,Kota Surabaya,kg,14500,False,14500,2025,11,Selasa,0,0,,0,0
PS Bendul Mrisi,2025-11-12,Beras,Kota Surabaya,kg,14500,False,14500,2025,11,Rabu,0,0,,0,0
PS Bendul Mrisi,2025-11-13,Beras,Kota Surabaya,kg,14500,False,14500,2025,11,Kamis,0,0,,0,0
PS Bendul Mrisi,2025-11-14,Beras,Kota Surabaya,kg,14500,False,14500,2025,11,Jumat,0,0,,0,0
PS Bendul Mrisi,2025-11-15,Beras,Kota Surabaya,kg,14500,False,14500,2025,11,Sabtu,1,0,,0,0
PS Bendul Mrisi,2025-11-16,Beras,Kota Surabaya,kg,14500,False,14500,2025,11,Minggu,1,0,,0,0
PS Bendul Mrisi,2025-11-17,Beras,Kota Surabaya,kg,14500,False,14500,2025,11,Senin,0,0,,0,0
PS Bendul Mrisi,2025-11-18,Beras,Kota Surabaya,kg,14500,False,14500,2025,11,Selasa,0,0,,0,0
PS Bendul Mrisi,2025-11-19,Beras,Kota Surabaya,kg,14500,False,14500,2025,11,Rabu,0,0,,0,0
PS Bendul Mrisi,2025-11-20,Beras,Kota Surabaya,kg,14500,False,14500,2025,11,Kamis,0,0,,0,0
PS Bendul Mrisi,2025-11-21,Beras,Kota Surabaya,kg,14500,False,14500,2025,11,Jumat,0,0,,0,0
PS Bendul Mrisi,2025-11-22,Beras,Kota Surabaya,kg,14500,False,14500,2025,11,Sabtu,1,0,,0,0
PS Bendul Mrisi,2025-11-23,Beras,Kota Surabaya,kg,14500,False,14500,2025,11,Minggu,1,0,,0,0
PS Bendul Mrisi,2025-11-24,Beras,Kota Surabaya,kg,14500,False,14500,2025,11,Senin,0,0,,0,0
PS Bendul Mrisi,2025-11-25,Beras,Kota Surabaya,kg,14500,False,14500,2025,11,Selasa,0,0,,0,0
PS Bendul Mrisi,2025-11-26,Beras,Kota Surabaya,kg,14500,False,14500,2025,11,Rabu,0,0,,0,0
PS Bendul Mrisi,2025-11-27,Beras,Kota Surabaya,kg,14500,False,14500,2025,11,Kamis,0,0,,0,0
PS Bendul Mrisi,2025-11-28,Beras,Kota Surabaya,kg,14500,False,14500,2025,11,Jumat,0,0,,0,0
PS Bendul Mrisi,2025-11-29,Beras,Kota Surabaya,kg,14500,False,14500,2025,11,Sabtu,1,0,,0,0
PS Bendul Mrisi,2025-11-30,Beras,Kota Surabaya,kg,14500,False,14500,2025,11,Minggu,1,0,,0,0
PS Bendul Mrisi,2025-12-01,Beras,Kota Surabaya,kg,14500,False,14500,2025,12,Senin,0,0,,0,0
PS Bendul Mrisi,2025-12-02,Beras,Kota Surabaya,kg,14500,False,14500,2025,12,Selasa,0,0,,0,0
PS Bendul Mrisi,2025-12-03,Beras,Kota Surabaya,kg,14500,False,14500,2025,12,Rabu,0,0,,0,0
PS Bendul Mrisi,2025-12-04,Beras,Kota Surabaya,kg,14500,False,14500,2025,12,Kamis,0,0,,0,0
PS Bendul Mrisi,2025-12-05,Beras,Kota Surabaya,kg,14500,False,14500,2025,12,Jumat,0,0,,0,0
PS Bendul Mrisi,2025-12-06,Beras,Kota Surabaya,kg,14500,False,14500,2025,12,Sabtu,1,0,,0,0
PS Bendul Mrisi,2025-12-07,Beras,Kota Surabaya,kg,14500,False,14500,2025,12,Minggu,1,0,,0,0
PS Bendul Mrisi,2025-12-08,Beras,Kota Surabaya,kg,14500,False,14500,2025,12,Senin,0,0,,0,0
PS Bendul Mrisi,2025-12-09,Beras,Kota Surabaya,kg,14500,False,14500,2025,12,Selasa,0,0,,0,0
PS Bendul Mrisi,2025-12-10,Beras,Kota Surabaya,kg,14500,False,14500,2025,12,Rabu,0,0,,0,0
PS Bendul Mrisi,2025-12-11,Beras,Kota Surabaya,kg,14500,False,14500,2025,12,Kamis,0,0,,0,0
PS Bendul Mrisi,2025-12-12,Beras,Kota Surabaya,kg,14500,False,14500,2025,12,Jumat,0,0,,0,0
PS Bendul Mrisi,2025-12-13,Beras,Kota Surabaya,kg,14500,False,14500,2025,12,Sabtu,1,0,,0,0
PS Bendul Mrisi,2025-12-14,Beras,Kota Surabaya,kg,14500,False,14500,2025,12,Minggu,1,0,,0,0
PS Bendul Mrisi,2025-12-15,Beras,Kota Surabaya,kg,14500,False,14500,2025,12,Senin,0,0,,0,0
PS Bendul Mrisi,2025-12-16,Beras,Kota Surabaya,kg,14500,False,14500,2025,12,Selasa,0,0,,0,0
PS Bendul Mrisi,2025-12-17,Beras,Kota Surabaya,kg,14500,False,14500,2025,12,Rabu,0,0,,0,0
PS Bendul Mrisi,2025-12-18,Beras,Kota Surabaya,kg,14500,False,14500,2025,12,Kamis,0,0,,0,0
PS Bendul Mrisi,2025-12-19,Beras,Kota Surabaya,kg,14500,False,14500,2025,12,Jumat,0,0,,0,0
PS Bendul Mrisi,2025-12-20,Beras,Kota Surabaya,kg,14500,False,14500,2025,12,Sabtu,1,0,,0,0
PS Bendul Mrisi,2025-12-21,Beras,Kota Surabaya,kg,14500,False,14500,2025,12,Minggu,1,0,,0,0
PS Bendul Mrisi,2025-12-22,Beras,Kota Surabaya,kg,14500,False,14500,2025,12,Senin,0,0,,0,0
PS Bendul Mrisi,2025-12-23,Beras,Kota Surabaya,kg,14500,False,14500,2025,12,Selasa,0,0,,0,0
PS Bendul Mrisi,2025-12-24,Beras,Kota Surabaya,kg,14500,False,14500,2025,12,Rabu,0,0,,0,0
PS Bendul Mrisi,2025-12-25,Beras,Kota Surabaya,kg,14500,False,14500,2025,12,Kamis,0,1,Hari Raya Natal,0,0
PS Bendul Mrisi,2025-12-26,Beras,Kota Surabaya,kg,14500,False,14500,2025,12,Jumat,0,1,Cuti Bersama Hari Raya Natal,0,0
PS Bendul Mrisi,2025-12-27,Beras,Kota Surabaya,kg,14500,False,14500,2025,12,Sabtu,1,0,,0,0
PS Bendul Mrisi,2025-12-28,Beras,Kota Surabaya,kg,14500,False,14500,2025,12,Minggu,1,0,,0,0
PS Bendul Mrisi,2025-12-29,Beras,Kota Surabaya,kg,14500,False,14500,2025,12,Senin,0,0,,0,0
PS Bendul Mrisi,2025-12-30,Beras,Kota Surabaya,kg,14500,False,14500,2025,12,Selasa,0,0,,0,0
PS Bendul Mrisi,2025-12-31,Beras,Kota Surabaya,kg,14500,False,14500,2025,12,Rabu,0,0,,0,0
PS Bendul Mrisi,2026-01-01,Beras,Kota Surabaya,kg,,True,14500,2026,1,Kamis,0,1,Tahun Baru Masehi,0,0
PS Bendul Mrisi,2026-01-02,Beras,Kota Surabaya,kg,,True,14500,2026,1,Jumat,0,0,,0,0
PS Bendul Mrisi,2026-01-03,Beras,Kota Surabaya,kg,,True,14500,2026,1,Sabtu,1,0,,0,0
PS Bendul Mrisi,2026-01-04,Beras,Kota Surabaya,kg,,True,14500,2026,1,Minggu,1,0,,0,0
PS Bendul Mrisi,2026-01-05,Beras,Kota Surabaya,kg,,True,14500,2026,1,Senin,0,0,,0,0
PS Bendul Mrisi,2026-01-06,Beras,Kota Surabaya,kg,,True,14500,2026,1,Selasa,0,0,,0,0
PS Bendul Mrisi,2026-01-07,Beras,Kota Surabaya,kg,,True,14500,2026,1,Rabu,0,0,,0,0
PS Bendul Mrisi,2026-01-08,Beras,Kota Surabaya,kg,,True,14500,2026,1,Kamis,0,0,,0,0
PS Bendul Mrisi,2026-01-09,Beras,Kota Surabaya,kg,,True,14500,2026,1,Jumat,0,0,,0,0
PS Bendul Mrisi,2026-01-10,Beras,Kota Surabaya,kg,,True,14500,2026,1,Sabtu,1,0,,0,0
PS Bendul Mrisi,2026-01-11,Beras,Kota Surabaya,kg,,True,14500,2026,1,Minggu,1,0,,0,0
PS Bendul Mrisi,2026-01-12,Beras,Kota Surabaya,kg,,True,14500,2026,1,Senin,0,0,,0,0
PS Bendul Mrisi,2026-01-13,Beras,Kota Surabaya,kg,,True,14500,2026,1,Selasa,0,0,,0,0
PS Bendul Mrisi,2026-01-14,Beras,Kota Surabaya,kg,,True,14500,2026,1,Rabu,0,0,,0,0
PS Bendul Mrisi,2026-01-15,Beras,Kota Surabaya,kg,,True,14500,2026,1,Kamis,0,0,,0,0
PS Bendul Mrisi,2026-01-16,Beras,Kota Surabaya,kg,,True,14500,2026,1,Jumat,0,1,Isra Mikraj Nabi Muhammad,0,0
PS Bendul Mrisi,2026-01-17,Beras,Kota Surabaya,kg,,True,14500,2026,1,Sabtu,1,0,,0,0
PS Bendul Mrisi,2026-01-18,Beras,Kota Surabaya,kg,,True,14500,2026,1,Minggu,1,0,,0,0
PS Bendul Mrisi,2026-01-19,Beras,Kota Surabaya,kg,,True,14500,2026,1,Senin,0,0,,0,0
PS Bendul Mrisi,2026-01-20,Beras,Kota Surabaya,kg,,True,14500,2026,1,Selasa,0,0,,0,0
PS Bendul Mrisi,2026-01-21,Beras,Kota Surabaya,kg,,True,14500,2026,1,Rabu,0,0,,0,0
PS Bendul Mrisi,2026-01-22,Beras,Kota Surabaya,kg,,True,14500,2026,1,Kamis,0,0,,0,0
PS Bendul Mrisi,2026-01-23,Beras,Kota Surabaya,kg,,True,14500,2026,1,Jumat,0,0,,0,0
PS Bendul Mrisi,2026-01-24,Beras,Kota Surabaya,kg,,True,14500,2026,1,Sabtu,1,0,,0,0
PS Bendul Mrisi,2026-01-25,Beras,Kota Surabaya,kg,,True,14500,2026,1,Minggu,1,0,,0,0
PS Bendul Mrisi,2026-01-26,Beras,Kota Surabaya,kg,,True,14500,2026,1,Senin,0,0,,0,0
PS Bendul Mrisi,2026-01-27,Beras,Kota Surabaya,kg,,True,14500,2026,1,Selasa,0,0,,0,0
PS Bendul Mrisi,2026-01-28,Beras,Kota Surabaya,kg,,True,14500,2026,1,Rabu,0,0,,0,0
PS Bendul Mrisi,2026-01-29,Beras,Kota Surabaya,kg,,True,14500,2026,1,Kamis,0,0,,0,0
PS Bendul Mrisi,2026-01-30,Beras,Kota Surabaya,kg,,True,14500,2026,1,Jumat,0,0,,0,0
PS Bendul Mrisi,2026-01-31,Beras,Kota Surabaya,kg,,True,14500,2026,1,Sabtu,1,0,,0,0
PS Bendul Mrisi,2026-02-01,Beras,Kota Surabaya,kg,,True,14500,2026,2,Minggu,1,0,,0,0
PS Bendul Mrisi,2026-02-02,Beras,Kota Surabaya,kg,,True,14500,2026,2,Senin,0,0,,0,0
PS Bendul Mrisi,2026-02-03,Beras,Kota Surabaya,kg,,True,14500,2026,2,Selasa,0,0,,0,0
PS Bendul Mrisi,2026-02-04,Beras,Kota Surabaya,kg,,True,14500,2026,2,Rabu,0,0,,0,0
PS Bendul Mrisi,2026-02-05,Beras,Kota Surabaya,kg,,True,14500,2026,2,Kamis,0,0,,0,1
PS Bendul Mrisi,2026-02-06,Beras,Kota Surabaya,kg,,True,14500,2026,2,Jumat,0,0,,0,1
PS Bendul Mrisi,2026-02-07,Beras,Kota Surabaya,kg,,True,14500,2026,2,Sabtu,1,0,,0,1
PS Bendul Mrisi,2026-02-08,Beras,Kota Surabaya,kg,,True,14500,2026,2,Minggu,1,0,,0,1
PS Bendul Mrisi,2026-02-09,Beras,Kota Surabaya,kg,,True,14500,2026,2,Senin,0,0,,0,1
PS Bendul Mrisi,2026-02-10,Beras,Kota Surabaya,kg,,True,14500,2026,2,Selasa,0,0,,0,1
PS Bendul Mrisi,2026-02-11,Beras,Kota Surabaya,kg,,True,14500,2026,2,Rabu,0,0,,0,1
PS Bendul Mrisi,2026-02-12,Beras,Kota Surabaya,kg,,True,14500,2026,2,Kamis,0,0,,0,1
PS Bendul Mrisi,2026-02-13,Beras,Kota Surabaya,kg,,True,14500,2026,2,Jumat,0,0,,0,1
PS Bendul Mrisi,2026-02-14,Beras,Kota Surabaya,kg,,True,14500,2026,2,Sabtu,1,0,,0,1
PS Bendul Mrisi,2026-02-15,Beras,Kota Surabaya,kg,,True,14500,2026,2,Minggu,1,0,,0,1
PS Bendul Mrisi,2026-02-16,Beras,Kota Surabaya,kg,13400,False,13400,2026,2,Senin,0,1,Cuti Bersama Tahun Baru Imlek,0,1
PS Bendul Mrisi,2026-02-17,Beras,Kota Surabaya,kg,,True,13400,2026,2,Selasa,0,1,Tahun Baru Imlek,0,1
PS Bendul Mrisi,2026-02-18,Beras,Kota Surabaya,kg,,True,13400,2026,2,Rabu,0,0,,0,1
PS Bendul Mrisi,2026-02-19,Beras,Kota Surabaya,kg,,True,13400,2026,2,Kamis,0,0,,1,0
PS Bendul Mrisi,2026-02-20,Beras,Kota Surabaya,kg,,True,13400,2026,2,Jumat,0,0,,1,0
PS Bendul Mrisi,2026-02-21,Beras,Kota Surabaya,kg,,True,13400,2026,2,Sabtu,1,0,,1,0
PS Bendul Mrisi,2026-02-22,Beras,Kota Surabaya,kg,,True,13400,2026,2,Minggu,1,0,,1,0
PS Bendul Mrisi,2026-02-23,Beras,Kota Surabaya,kg,,True,13400,2026,2,Senin,0,0,,1,0
PS Bendul Mrisi,2026-02-24,Beras,Kota Surabaya,kg,,True,13400,2026,2,Selasa,0,0,,1,0
PS Bendul Mrisi,2026-02-25,Beras,Kota Surabaya,kg,,True,13400,2026,2,Rabu,0,0,,1,0
PS Bendul Mrisi,2026-02-26,Beras,Kota Surabaya,kg,,True,13400,2026,2,Kamis,0,0,,1,0
PS Bendul Mrisi,2026-02-27,Beras,Kota Surabaya,kg,,True,13400,2026,2,Jumat,0,0,,1,0
PS Bendul Mrisi,2026-02-28,Beras,Kota Surabaya,kg,,True,13400,2026,2,Sabtu,1,0,,1,0
PS Bendul Mrisi,2026-03-01,Beras,Kota Surabaya,kg,,True,13400,2026,3,Minggu,1,0,,1,0
PS Bendul Mrisi,2026-03-02,Beras,Kota Surabaya,kg,,True,13400,2026,3,Senin,0,0,,1,0
PS Bendul Mrisi,2026-03-03,Beras,Kota Surabaya,kg,,True,13400,2026,3,Selasa,0,0,,1,0
PS Bendul Mrisi,2026-03-04,Beras,Kota Surabaya,kg,,True,13400,2026,3,Rabu,0,0,,1,0
PS Bendul Mrisi,2026-03-05,Beras,Kota Surabaya,kg,,True,13400,2026,3,Kamis,0,0,,1,0
PS Bendul Mrisi,2026-03-06,Beras,Kota Surabaya,kg,,True,13400,2026,3,Jumat,0,0,,1,0
PS Bendul Mrisi,2026-03-07,Beras,Kota Surabaya,kg,,True,13400,2026,3,Sabtu,1,0,,1,0
PS Bendul Mrisi,2026-03-08,Beras,Kota Surabaya,kg,,True,13400,2026,3,Minggu,1,0,,1,0
PS Bendul Mrisi,2026-03-09,Beras,Kota Surabaya,kg,,True,13400,2026,3,Senin,0,0,,1,0
PS Bendul Mrisi,2026-03-10,Beras,Kota Surabaya,kg,,True,13400,2026,3,Selasa,0,0,,1,0
PS Bendul Mrisi,2026-03-11,Beras,Kota Surabaya,kg,,True,13400,2026,3,Rabu,0,0,,1,0
PS Bendul Mrisi,2026-03-12,Beras,Kota Surabaya,kg,,True,13400,2026,3,Kamis,0,0,,1,0
PS Bendul Mrisi,2026-03-13,Beras,Kota Surabaya,kg,,True,13400,2026,3,Jumat,0,0,,1,0
PS Bendul Mrisi,2026-03-14,Beras,Kota Surabaya,kg,,True,13400,2026,3,Sabtu,1,0,,1,0
PS Bendul Mrisi,2026-03-15,Beras,Kota Surabaya,kg,,True,13400,2026,3,Minggu,1,0,,1,0
PS Bendul Mrisi,2026-03-16,Beras,Kota Surabaya,kg,,True,13400,2026,3,Senin,0,0,,1,0
PS Bendul Mrisi,2026-03-17,Beras,Kota Surabaya,kg,,True,13400,2026,3,Selasa,0,0,,1,0
PS Bendul Mrisi,2026-03-18,Beras,Kota Surabaya,kg,,True,13400,2026,3,Rabu,0,1,Cuti Bersama Hari Suci Nyepi,1,0
PS Bendul Mrisi,2026-03-19,Beras,Kota Surabaya,kg,,True,13400,2026,3,Kamis,0,1,Hari Suci Nyepi,1,0
PS Bendul Mrisi,2026-03-20,Beras,Kota Surabaya,kg,,True,13400,2026,3,Jumat,0,1,Cuti Bersama Hari Raya Idul Fitri,0,0
PS Bendul Mrisi,2026-03-21,Beras,Kota Surabaya,kg,,True,13400,2026,3,Sabtu,1,1,Hari Raya Idul Fitri,0,0
PS Bendul Mrisi,2026-03-22,Beras,Kota Surabaya,kg,,True,13400,2026,3,Minggu,1,1,Hari kedua dari Hari Raya Idul Fitri,0,0
PS Bendul Mrisi,2026-03-23,Beras,Kota Surabaya,kg,,True,13400,2026,3,Senin,0,1,Cuti Bersama Hari Raya Idul Fitri,0,0
PS Bendul Mrisi,2026-03-24,Beras,Kota Surabaya,kg,,True,13400,2026,3,Selasa,0,1,Cuti Bersama Hari Raya Idul Fitri,0,0
PS Bendul Mrisi,2026-03-25,Beras,Kota Surabaya,kg,,True,13400,2026,3,Rabu,0,0,,0,0
PS Bendul Mrisi,2026-03-26,Beras,Kota Surabaya,kg,,True,13400,2026,3,Kamis,0,0,,0,0
PS Bendul Mrisi,2026-03-27,Beras,Kota Surabaya,kg,,True,13400,2026,3,Jumat,0,0,,0,0
PS Bendul Mrisi,2026-03-28,Beras,Kota Surabaya,kg,,True,13400,2026,3,Sabtu,1,0,,0,0
PS Bendul Mrisi,2026-03-29,Beras,Kota Surabaya,kg,,True,13400,2026,3,Minggu,1,0,,0,0
PS Bendul Mrisi,2026-03-30,Beras,Kota Surabaya,kg,,True,13400,2026,3,Senin,0,0,,0,0
PS Bendul Mrisi,2026-03-31,Beras,Kota Surabaya,kg,,True,13400,2026,3,Selasa,0,0,,0,0
PS Bendul Mrisi,2026-04-01,Beras,Kota Surabaya,kg,,True,13400,2026,4,Rabu,0,0,,0,0
PS Bendul Mrisi,2026-04-02,Beras,Kota Surabaya,kg,,True,13400,2026,4,Kamis,0,0,,0,0
PS Bendul Mrisi,2026-04-03,Beras,Kota Surabaya,kg,,True,13400,2026,4,Jumat,0,1,Wafat Yesus Kristus,0,0
PS Bendul Mrisi,2026-04-04,Beras,Kota Surabaya,kg,,True,13400,2026,4,Sabtu,1,0,,0,0
PS Bendul Mrisi,2026-04-05,Beras,Kota Surabaya,kg,,True,13400,2026,4,Minggu,1,1,Kebangkitan Yesus Kristus,0,0
PS Bendul Mrisi,2026-04-06,Beras,Kota Surabaya,kg,,True,13400,2026,4,Senin,0,0,,0,0
PS Bendul Mrisi,2026-04-07,Beras,Kota Surabaya,kg,,True,13400,2026,4,Selasa,0,0,,0,0
PS Bendul Mrisi,2026-04-08,Beras,Kota Surabaya,kg,,True,13400,2026,4,Rabu,0,0,,0,0
PS Bendul Mrisi,2026-04-09,Beras,Kota Surabaya,kg,,True,13400,2026,4,Kamis,0,0,,0,0
PS Bendul Mrisi,2026-04-10,Beras,Kota Surabaya,kg,,True,13400,2026,4,Jumat,0,0,,0,0
PS Bendul Mrisi,2026-04-11,Beras,Kota Surabaya,kg,,True,13400,2026,4,Sabtu,1,0,,0,0
PS Bendul Mrisi,2026-04-12,Beras,Kota Surabaya,kg,,True,13400,2026,4,Minggu,1,0,,0,0
PS Bendul Mrisi,2026-04-13,Beras,Kota Surabaya,kg,,True,13400,2026,4,Senin,0,0,,0,0
PS Bendul Mrisi,2026-04-14,Beras,Kota Surabaya,kg,,True,13400,2026,4,Selasa,0,0,,0,0
PS Bendul Mrisi,2026-04-15,Beras,Kota Surabaya,kg,,True,13400,2026,4,Rabu,0,0,,0,0
PS Bendul Mrisi,2026-04-16,Beras,Kota Surabaya,kg,,True,13400,2026,4,Kamis,0,0,,0,0
PS Bendul Mrisi,2026-04-17,Beras,Kota Surabaya,kg,,True,13400,2026,4,Jumat,0,0,,0,0
PS Bendul Mrisi,2026-04-18,Beras,Kota Surabaya,kg,,True,13400,2026,4,Sabtu,1,0,,0,0
PS Bendul Mrisi,2026-04-19,Beras,Kota Surabaya,kg,,True,13400,2026,4,Minggu,1,0,,0,0
PS Bendul Mrisi,2026-04-20,Beras,Kota Surabaya,kg,,True,13400,2026,4,Senin,0,0,,0,0
PS Bendul Mrisi,2026-04-21,Beras,Kota Surabaya,kg,,True,13400,2026,4,Selasa,0,0,,0,0
PS Bendul Mrisi,2026-04-22,Beras,Kota Surabaya,kg,,True,13400,2026,4,Rabu,0,0,,0,0
PS Bendul Mrisi,2026-04-23,Beras,Kota Surabaya,kg,,True,13400,2026,4,Kamis,0,0,,0,0
PS Bendul Mrisi,2026-04-24,Beras,Kota Surabaya,kg,,True,13400,2026,4,Jumat,0,0,,0,0
PS Bendul Mrisi,2026-04-25,Beras,Kota Surabaya,kg,,True,13400,2026,4,Sabtu,1,0,,0,0
PS Bendul Mrisi,2026-04-26,Beras,Kota Surabaya,kg,,True,13400,2026,4,Minggu,1,0,,0,0
PS Bendul Mrisi,2026-04-27,Beras,Kota Surabaya,kg,,True,13400,2026,4,Senin,0,0,,0,0
PS Bendul Mrisi,2026-04-28,Beras,Kota Surabaya,kg,,True,13400,2026,4,Selasa,0,0,,0,0
PS Bendul Mrisi,2026-04-29,Beras,Kota Surabaya,kg,,True,13400,2026,4,Rabu,0,0,,0,0
PS Bendul Mrisi,2026-04-30,Beras,Kota Surabaya,kg,,True,13400,2026,4,Kamis,0,0,,0,0
PS Bendul Mrisi,2026-05-01,Beras,Kota Surabaya,kg,,True,13400,2026,5,Jumat,0,1,Hari Buruh Internasional,0,0
PS Bendul Mrisi,2026-05-02,Beras,Kota Surabaya,kg,,True,13400,2026,5,Sabtu,1,0,,0,0
PS Bendul Mrisi,2026-05-03,Beras,Kota Surabaya,kg,,True,13400,2026,5,Minggu,1,0,,0,0
PS Bendul Mrisi,2026-05-04,Beras,Kota Surabaya,kg,,True,13400,2026,5,Senin,0,0,,0,0
PS Bendul Mrisi,2026-05-05,Beras,Kota Surabaya,kg,,True,13400,2026,5,Selasa,0,0,,0,0
PS Bendul Mrisi,2026-05-06,Beras,Kota Surabaya,kg,,True,13400,2026,5,Rabu,0,0,,0,0
PS Bendul Mrisi,2026-05-07,Beras,Kota Surabaya,kg,,True,13400,2026,5,Kamis,0,0,,0,0
PS Bendul Mrisi,2026-05-08,Beras,Kota Surabaya,kg,,True,13400,2026,5,Jumat,0,0,,0,0
PS Bendul Mrisi,2026-05-09,Beras,Kota Surabaya,kg,,True,13400,2026,5,Sabtu,1,0,,0,0
PS Bendul Mrisi,2026-05-10,Beras,Kota Surabaya,kg,,True,13400,2026,5,Minggu,1,0,,0,0
PS Bendul Mrisi,2026-05-11,Beras,Kota Surabaya,kg,,True,13400,2026,5,Senin,0,0,,0,0
PS Bendul Mrisi,2026-05-12,Beras,Kota Surabaya,kg,,True,13400,2026,5,Selasa,0,0,,0,0
PS Bendul Mrisi,2026-05-13,Beras,Kota Surabaya,kg,,True,13400,2026,5,Rabu,0,0,,0,0
PS Bendul Mrisi,2026-05-14,Beras,Kota Surabaya,kg,,True,13400,2026,5,Kamis,0,1,Kenaikan Yesus Kristus,0,0
PS Bendul Mrisi,2026-05-15,Beras,Kota Surabaya,kg,,True,13400,2026,5,Jumat,0,1,Cuti Bersama Kenaikan Yesus Kristus,0,0
PS Bendul Mrisi,2026-05-16,Beras,Kota Surabaya,kg,,True,13400,2026,5,Sabtu,1,0,,0,0
PS Bendul Mrisi,2026-05-17,Beras,Kota Surabaya,kg,,True,13400,2026,5,Minggu,1,0,,0,0
PS Bendul Mrisi,2026-05-18,Beras,Kota Surabaya,kg,,True,13400,2026,5,Senin,0,0,,0,0
PS Bendul Mrisi,2026-05-19,Beras,Kota Surabaya,kg,,True,13400,2026,5,Selasa,0,0,,0,0
PS Bendul Mrisi,2026-05-20,Beras,Kota Surabaya,kg,,True,13400,2026,5,Rabu,0,0,,0,0
PS Bendul Mrisi,2026-05-21,Beras,Kota Surabaya,kg,,True,13400,2026,5,Kamis,0,0,,0,0
PS Bendul Mrisi,2026-05-22,Beras,Kota Surabaya,kg,,True,13400,2026,5,Jumat,0,0,,0,0
PS Bendul Mrisi,2026-05-23,Beras,Kota Surabaya,kg,,True,13400,2026,5,Sabtu,1,0,,0,0
PS Bendul Mrisi,2026-05-24,Beras,Kota Surabaya,kg,,True,13400,2026,5,Minggu,1,0,,0,0
PS Bendul Mrisi,2026-05-25,Beras,Kota Surabaya,kg,,True,13400,2026,5,Senin,0,0,,0,0
PS Bendul Mrisi,2026-05-26,Beras,Kota Surabaya,kg,,True,13400,2026,5,Selasa,0,0,,0,0
PS Bendul Mrisi,2026-05-27,Beras,Kota Surabaya,kg,,True,13400,2026,5,Rabu,0,1,Hari Raya Idul Adha,0,0
PS Bendul Mrisi,2026-05-28,Beras,Kota Surabaya,kg,,True,13400,2026,5,Kamis,0,1,Cuti Bersama Hari Raya Idul Adha,0,0
PS Bendul Mrisi,2026-05-29,Beras,Kota Surabaya,kg,,True,13400,2026,5,Jumat,0,0,,0,0
PS Bendul Mrisi,2026-05-30,Beras,Kota Surabaya,kg,,True,13400,2026,5,Sabtu,1,0,,0,0
PS Bendul Mrisi,2026-05-31,Beras,Kota Surabaya,kg,,True,13400,2026,5,Minggu,1,1,Hari Raya Waisak,0,0
PS Bendul Mrisi,2026-06-01,Beras,Kota Surabaya,kg,,True,13400,2026,6,Senin,0,1,Hari Lahir Pancasila,0,0
PS Bendul Mrisi,2026-06-02,Beras,Kota Surabaya,kg,,True,13400,2026,6,Selasa,0,0,,0,0
PS Bendul Mrisi,2026-06-03,Beras,Kota Surabaya,kg,,True,13400,2026,6,Rabu,0,0,,0,0
PS Bendul Mrisi,2026-06-04,Beras,Kota Surabaya,kg,,True,13400,2026,6,Kamis,0,0,,0,0
PS Bendul Mrisi,2026-06-05,Beras,Kota Surabaya,kg,,True,13400,2026,6,Jumat,0,0,,0,0
PS Bendul Mrisi,2026-06-06,Beras,Kota Surabaya,kg,,True,13400,2026,6,Sabtu,1,0,,0,0
PS Bendul Mrisi,2026-06-07,Beras,Kota Surabaya,kg,,True,13400,2026,6,Minggu,1,0,,0,0
PS Bendul Mrisi,2026-06-08,Beras,Kota Surabaya,kg,,True,13400,2026,6,Senin,0,0,,0,0
PS Bendul Mrisi,2026-06-09,Beras,Kota Surabaya,kg,,True,13400,2026,6,Selasa,0,0,,0,0
PS Bendul Mrisi,2026-06-10,Beras,Kota Surabaya,kg,,True,13400,2026,6,Rabu,0,0,,0,0
PS Bendul Mrisi,2026-06-11,Beras,Kota Surabaya,kg,,True,13400,2026,6,Kamis,0,0,,0,0
PS Bendul Mrisi,2026-06-12,Beras,Kota Surabaya,kg,,True,13400,2026,6,Jumat,0,0,,0,0
PS Bendul Mrisi,2026-06-13,Beras,Kota Surabaya,kg,,True,13400,2026,6,Sabtu,1,0,,0,0
PS Bendul Mrisi,2026-06-14,Beras,Kota Surabaya,kg,,True,13400,2026,6,Minggu,1,0,,0,0
PS Bendul Mrisi,2026-06-15,Beras,Kota Surabaya,kg,,True,13400,2026,6,Senin,0,0,,0,0
PS Bendul Mrisi,2026-06-16,Beras,Kota Surabaya,kg,,True,13400,2026,6,Selasa,0,1,Tahun Baru Islam,0,0
PS Bendul Mrisi,2026-06-17,Beras,Kota Surabaya,kg,,True,13400,2026,6,Rabu,0,0,,0,0
PS Bendul Mrisi,2026-06-18,Beras,Kota Surabaya,kg,,True,13400,2026,6,Kamis,0,0,,0,0
PS Bendul Mrisi,2026-06-19,Beras,Kota Surabaya,kg,,True,13400,2026,6,Jumat,0,0,,0,0
PS Bendul Mrisi,2026-06-20,Beras,Kota Surabaya,kg,,True,13400,2026,6,Sabtu,1,0,,0,0
PS Bendul Mrisi,2026-06-21,Beras,Kota Surabaya,kg,,True,13400,2026,6,Minggu,1,0,,0,0
PS Bendul Mrisi,2026-06-22,Beras,Kota Surabaya,kg,,True,13400,2026,6,Senin,0,0,,0,0
PS Bendul Mrisi,2026-06-23,Beras,Kota Surabaya,kg,,True,13400,2026,6,Selasa,0,0,,0,0
PS Bendul Mrisi,2026-06-24,Beras,Kota Surabaya,kg,,True,13400,2026,6,Rabu,0,0,,0,0
PS Bendul Mrisi,2026-06-25,Beras,Kota Surabaya,kg,,True,13400,2026,6,Kamis,0,0,,0,0
PS Bendul Mrisi,2026-06-26,Beras,Kota Surabaya,kg,,True,13400,2026,6,Jumat,0,0,,0,0
PS Bendul Mrisi,2026-06-27,Beras,Kota Surabaya,kg,,True,13400,2026,6,Sabtu,1,0,,0,0
PS Bendul Mrisi,2026-06-28,Beras,Kota Surabaya,kg,,True,13400,2026,6,Minggu,1,0,,0,0
PS Bendul Mrisi,2026-06-29,Beras,Kota Surabaya,kg,,True,13400,2026,6,Senin,0,0,,0,0
PS Bendul Mrisi,2026-06-30,Beras,Kota Surabaya,kg,,True,13400,2026,6,Selasa,0,0,,0,0
PS Bendul Mrisi,2026-07-01,Beras,Kota Surabaya,kg,,True,13400,2026,7,Rabu,0,0,,0,0
PS Bendul Mrisi,2026-07-02,Beras,Kota Surabaya,kg,,True,13400,2026,7,Kamis,0,0,,0,0
PS Bendul Mrisi,2026-07-03,Beras,Kota Surabaya,kg,,True,13400,2026,7,Jumat,0,0,,0,0
PS Bendul Mrisi,2026-07-04,Beras,Kota Surabaya,kg,,True,13400,2026,7,Sabtu,1,0,,0,0
PS Bendul Mrisi,2026-07-05,Beras,Kota Surabaya,kg,,True,13400,2026,7,Minggu,1,0,,0,0
PS Bendul Mrisi,2026-07-06,Beras,Kota Surabaya,kg,,True,13400,2026,7,Senin,0,0,,0,0
PS Bendul Mrisi,2026-07-07,Beras,Kota Surabaya,kg,,True,13400,2026,7,Selasa,0,0,,0,0
PS Bendul Mrisi,2026-07-08,Beras,Kota Surabaya,kg,,True,13400,2026,7,Rabu,0,0,,0,0
PS Bendul Mrisi,2026-07-09,Beras,Kota Surabaya,kg,,True,13400,2026,7,Kamis,0,0,,0,0
PS Bendul Mrisi,2026-07-10,Beras,Kota Surabaya,kg,,True,13400,2026,7,Jumat,0,0,,0,0
PS Bendul Mrisi,2026-07-11,Beras,Kota Surabaya,kg,,True,13400,2026,7,Sabtu,1,0,,0,0
PS Bendul Mrisi,2026-07-12,Beras,Kota Surabaya,kg,,True,13400,2026,7,Minggu,1,0,,0,0
PS Bendul Mrisi,2026-07-13,Beras,Kota Surabaya,kg,,True,13400,2026,7,Senin,0,0,,0,0
PS Bendul Mrisi,2026-07-14,Beras,Kota Surabaya,kg,,True,13400,2026,7,Selasa,0,0,,0,0
PS Bendul Mrisi,2026-07-15,Beras,Kota Surabaya,kg,,True,13400,2026,7,Rabu,0,0,,0,0
PS Bendul Mrisi,2026-07-16,Beras,Kota Surabaya,kg,,True,13400,2026,7,Kamis,0,0,,0,0
PS Bendul Mrisi,2026-07-17,Beras,Kota Surabaya,kg,,True,13400,2026,7,Jumat,0,0,,0,0
PS Bendul Mrisi,2026-07-18,Beras,Kota Surabaya,kg,,True,13400,2026,7,Sabtu,1,0,,0,0
PS Bendul Mrisi,2026-07-19,Beras,Kota Surabaya,kg,,True,13400,2026,7,Minggu,1,0,,0,0
PS Bendul Mrisi,2026-07-20,Beras,Kota Surabaya,kg,,True,13400,2026,7,Senin,0,0,,0,0
PS Bendul Mrisi,2026-07-21,Beras,Kota Surabaya,kg,,True,13400,2026,7,Selasa,0,0,,0,0
PS Bendul Mrisi,2026-07-22,Beras,Kota Surabaya,kg,,True,13400,2026,7,Rabu,0,0,,0,0
PS Bendul Mrisi,2026-07-23,Beras,Kota Surabaya,kg,,True,13400,2026,7,Kamis,0,0,,0,0
PS Bendul Mrisi,2026-07-24,Beras,Kota Surabaya,kg,,True,13400,2026,7,Jumat,0,0,,0,0
PS Bendul Mrisi,2026-07-25,Beras,Kota Surabaya,kg,,True,13400,2026,7,Sabtu,1,0,,0,0
PS Bendul Mrisi,2026-07-26,Beras,Kota Surabaya,kg,,True,13400,2026,7,Minggu,1,0,,0,0
PS Bendul Mrisi,2026-07-27,Beras,Kota Surabaya,kg,,True,13400,2026,7,Senin,0,0,,0,0
PS Bendul Mrisi,2026-07-28,Beras,Kota Surabaya,kg,,True,13400,2026,7,Selasa,0,0,,0,0
PS Bendul Mrisi,2026-07-29,Beras,Kota Surabaya,kg,,True,13400,2026,7,Rabu,0,0,,0,0
PS Bendul Mrisi,2026-07-30,Beras,Kota Surabaya,kg,,True,13400,2026,7,Kamis,0,0,,0,0
PS Bendul Mrisi,2026-07-31,Beras,Kota Surabaya,kg,,True,13400,2026,7,Jumat,0,0,,0,0
PS Bendul Mrisi,2026-08-01,Beras,Kota Surabaya,kg,,True,13400,2026,8,Sabtu,1,0,,0,0
PS Bendul Mrisi,2026-08-02,Beras,Kota Surabaya,kg,,True,13400,2026,8,Minggu,1,0,,0,0
PS Bendul Mrisi,2026-08-03,Beras,Kota Surabaya,kg,,True,13400,2026,8,Senin,0,0,,0,0
PS Bendul Mrisi,2026-08-04,Beras,Kota Surabaya,kg,,True,13400,2026,8,Selasa,0,0,,0,0
PS Bendul Mrisi,2026-08-05,Beras,Kota Surabaya,kg,,True,13400,2026,8,Rabu,0,0,,0,0
PS Bendul Mrisi,2026-08-06,Beras,Kota Surabaya,kg,,True,13400,2026,8,Kamis,0,0,,0,0
PS Bendul Mrisi,2026-08-07,Beras,Kota Surabaya,kg,,True,13400,2026,8,Jumat,0,0,,0,0
PS Bendul Mrisi,2026-08-08,Beras,Kota Surabaya,kg,,True,13400,2026,8,Sabtu,1,0,,0,0
PS Bendul Mrisi,2026-08-09,Beras,Kota Surabaya,kg,,True,13400,2026,8,Minggu,1,0,,0,0
PS Bendul Mrisi,2026-08-10,Beras,Kota Surabaya,kg,,True,13400,2026,8,Senin,0,0,,0,0
PS Bendul Mrisi,2026-08-11,Beras,Kota Surabaya,kg,,True,13400,2026,8,Selasa,0,0,,0,0
PS Bendul Mrisi,2026-08-12,Beras,Kota Surabaya,kg,,True,13400,2026,8,Rabu,0,0,,0,0
PS Bendul Mrisi,2026-08-13,Beras,Kota Surabaya,kg,,True,13400,2026,8,Kamis,0,0,,0,0
PS Bendul Mrisi,2026-08-14,Beras,Kota Surabaya,kg,,True,13400,2026,8,Jumat,0,0,,0,0
PS Bendul Mrisi,2026-08-15,Beras,Kota Surabaya,kg,,True,13400,2026,8,Sabtu,1,0,,0,0
PS Bendul Mrisi,2026-08-16,Beras,Kota Surabaya,kg,,True,13400,2026,8,Minggu,1,0,,0,0
PS Bendul Mrisi,2026-08-17,Beras,Kota Surabaya,kg,,True,13400,2026,8,Senin,0,1,Hari Kemerdekaan Republik Indonesia,0,0
PS Bendul Mrisi,2026-08-18,Beras,Kota Surabaya,kg,,True,13400,2026,8,Selasa,0,0,,0,0
PS Bendul Mrisi,2026-08-19,Beras,Kota Surabaya,kg,,True,13400,2026,8,Rabu,0,0,,0,0
PS Bendul Mrisi,2026-08-20,Beras,Kota Surabaya,kg,,True,13400,2026,8,Kamis,0,0,,0,0
PS Bendul Mrisi,2026-08-21,Beras,Kota Surabaya,kg,,True,13400,2026,8,Jumat,0,0,,0,0
PS Bendul Mrisi,2026-08-22,Beras,Kota Surabaya,kg,,True,13400,2026,8,Sabtu,1,0,,0,0
PS Bendul Mrisi,2026-08-23,Beras,Kota Surabaya,kg,,True,13400,2026,8,Minggu,1,0,,0,0
PS Bendul Mrisi,2026-08-24,Beras,Kota Surabaya,kg,,True,13400,2026,8,Senin,0,0,,0,0
PS Bendul Mrisi,2026-08-25,Beras,Kota Surabaya,kg,,True,13400,2026,8,Selasa,0,1,Maulid Nabi Muhammad,0,0
PS Bendul Mrisi,2026-08-26,Beras,Kota Surabaya,kg,,True,13400,2026,8,Rabu,0,0,,0,0
PS Bendul Mrisi,2026-08-27,Beras,Kota Surabaya,kg,,True,13400,2026,8,Kamis,0,0,,0,0
PS Bendul Mrisi,2026-08-28,Beras,Kota Surabaya,kg,,True,13400,2026,8,Jumat,0,0,,0,0
PS Bendul Mrisi,2026-08-29,Beras,Kota Surabaya,kg,,True,13400,2026,8,Sabtu,1,0,,0,0
PS Bendul Mrisi,2026-08-30,Beras,Kota Surabaya,kg,,True,13400,2026,8,Minggu,1,0,,0,0
PS Bendul Mrisi,2026-08-31,Beras,Kota Surabaya,kg,,True,13400,2026,8,Senin,0,0,,0,0
PS Bendul Mrisi,2026-09-01,Beras,Kota Surabaya,kg,,True,13400,2026,9,Selasa,0,0,,0,0
RPH Pegirikan,2020-01-01,Daging Sapi,Kota Surabaya,kg,90000,False,90000,2020,1,Rabu,0,1,Tahun Baru Masehi,0,0
RPH Pegirikan,2020-01-02,Daging Sapi,Kota Surabaya,kg,89000,False,89000,2020,1,Kamis,0,0,,0,0
RPH Pegirikan,2020-01-03,Daging Sapi,Kota Surabaya,kg,90000,False,90000,2020,1,Jumat,0,0,,0,0
RPH Pegirikan,2020-01-04,Daging Sapi,Kota Surabaya,kg,90000,False,90000,2020,1,Sabtu,1,0,,0,0
RPH Pegirikan,2020-01-05,Daging Sapi,Kota Surabaya,kg,90000,False,90000,2020,1,Minggu,1,0,,0,0
RPH Pegirikan,2020-01-06,Daging Sapi,Kota Surabaya,kg,90000,False,90000,2020,1,Senin,0,0,,0,0
RPH Pegirikan,2020-01-07,Daging Sapi,Kota Surabaya,kg,90000,False,90000,2020,1,Selasa,0,0,,0,0
RPH Pegirikan,2020-01-08,Daging Sapi,Kota Surabaya,kg,90000,False,90000,2020,1,Rabu,0,0,,0,0
RPH Pegirikan,2020-01-09,Daging Sapi,Kota Surabaya,kg,89000,False,89000,2020,1,Kamis,0,0,,0,0
RPH Pegirikan,2020-01-10,Daging Sapi,Kota Surabaya,kg,89000,False,89000,2020,1,Jumat,0,0,,0,0
RPH Pegirikan,2020-01-11,Daging Sapi,Kota Surabaya,kg,88000,False,88000,2020,1,Sabtu,1,0,,0,0
RPH Pegirikan,2020-01-12,Daging Sapi,Kota Surabaya,kg,89000,False,89000,2020,1,Minggu,1,0,,0,0
RPH Pegirikan,2020-01-13,Daging Sapi,Kota Surabaya,kg,89000,False,89000,2020,1,Senin,0,0,,0,0
RPH Pegirikan,2020-01-14,Daging Sapi,Kota Surabaya,kg,89000,False,89000,2020,1,Selasa,0,0,,0,0
RPH Pegirikan,2020-01-15,Daging Sapi,Kota Surabaya,kg,89000,False,89000,2020,1,Rabu,0,0,,0,0
RPH Pegirikan,2020-01-16,Daging Sapi,Kota Surabaya,kg,89000,False,89000,2020,1,Kamis,0,0,,0,0
RPH Pegirikan,2020-01-17,Daging Sapi,Kota Surabaya,kg,89000,False,89000,2020,1,Jumat,0,0,,0,0
RPH Pegirikan,2020-01-18,Daging Sapi,Kota Surabaya,kg,88000,False,88000,2020,1,Sabtu,1,0,,0,0
RPH Pegirikan,2020-01-19,Daging Sapi,Kota Surabaya,kg,89000,False,89000,2020,1,Minggu,1,0,,0,0
RPH Pegirikan,2020-01-20,Daging Sapi,Kota Surabaya,kg,90000,False,90000,2020,1,Senin,0,0,,0,0
RPH Pegirikan,2020-01-21,Daging Sapi,Kota Surabaya,kg,89000,False,89000,2020,1,Selasa,0,0,,0,0
RPH Pegirikan,2020-01-22,Daging Sapi,Kota Surabaya,kg,89000,False,89000,2020,1,Rabu,0,0,,0,0
RPH Pegirikan,2020-01-23,Daging Sapi,Kota Surabaya,kg,89000,False,89000,2020,1,Kamis,0,0,,0,0
RPH Pegirikan,2020-01-24,Daging Sapi,Kota Surabaya,kg,90000,False,90000,2020,1,Jumat,0,0,,0,0
RPH Pegirikan,2020-01-25,Daging Sapi,Kota Surabaya,kg,90000,False,90000,2020,1,Sabtu,1,1,Tahun Baru Imlek,0,0
RPH Pegirikan,2020-01-26,Daging Sapi,Kota Surabaya,kg,89000,False,89000,2020,1,Minggu,1,0,,0,0
RPH Pegirikan,2020-01-27,Daging Sapi,Kota Surabaya,kg,90000,False,90000,2020,1,Senin,0,0,,0,0
RPH Pegirikan,2020-01-28,Daging Sapi,Kota Surabaya,kg,90000,False,90000,2020,1,Selasa,0,0,,0,0
RPH Pegirikan,2020-01-29,Daging Sapi,Kota Surabaya,kg,90000,False,90000,2020,1,Rabu,0,0,,0,0
RPH Pegirikan,2020-01-30,Daging Sapi,Kota Surabaya,kg,89000,False,89000,2020,1,Kamis,0,0,,0,0
RPH Pegirikan,2020-01-31,Daging Sapi,Kota Surabaya,kg,89000,False,89000,2020,1,Jumat,0,0,,0,0
RPH Pegirikan,2020-02-01,Daging Sapi,Kota Surabaya,kg,87000,False,87000,2020,2,Sabtu,1,0,,0,0
RPH Pegirikan,2020-02-02,Daging Sapi,Kota Surabaya,kg,88000,False,88000,2020,2,Minggu,1,0,,0,0
RPH Pegirikan,2020-02-03,Daging Sapi,Kota Surabaya,kg,85000,False,85000,2020,2,Senin,0,0,,0,0
RPH Pegirikan,2020-02-04,Daging Sapi,Kota Surabaya,kg,86000,False,86000,2020,2,Selasa,0,0,,0,0
RPH Pegirikan,2020-02-05,Daging Sapi,Kota Surabaya,kg,88000,False,88000,2020,2,Rabu,0,0,,0,0
RPH Pegirikan,2020-02-06,Daging Sapi,Kota Surabaya,kg,86000,False,86000,2020,2,Kamis,0,0,,0,0
RPH Pegirikan,2020-02-07,Daging Sapi,Kota Surabaya,kg,88000,False,88000,2020,2,Jumat,0,0,,0,0
RPH Pegirikan,2020-02-08,Daging Sapi,Kota Surabaya,kg,87000,False,87000,2020,2,Sabtu,1,0,,0,0
RPH Pegirikan,2020-02-09,Daging Sapi,Kota Surabaya,kg,88000,False,88000,2020,2,Minggu,1,0,,0,0
RPH Pegirikan,2020-02-10,Daging Sapi,Kota Surabaya,kg,88000,False,88000,2020,2,Senin,0,0,,0,0
RPH Pegirikan,2020-02-11,Daging Sapi,Kota Surabaya,kg,87000,False,87000,2020,2,Selasa,0,0,,0,0
RPH Pegirikan,2020-02-12,Daging Sapi,Kota Surabaya,kg,87000,False,87000,2020,2,Rabu,0,0,,0,0
RPH Pegirikan,2020-02-13,Daging Sapi,Kota Surabaya,kg,87000,False,87000,2020,2,Kamis,0,0,,0,0
RPH Pegirikan,2020-02-14,Daging Sapi,Kota Surabaya,kg,86000,False,86000,2020,2,Jumat,0,0,,0,0
RPH Pegirikan,2020-02-15,Daging Sapi,Kota Surabaya,kg,86000,False,86000,2020,2,Sabtu,1,0,,0,0
RPH Pegirikan,2020-02-16,Daging Sapi,Kota Surabaya,kg,88000,False,88000,2020,2,Minggu,1,0,,0,0
RPH Pegirikan,2020-02-17,Daging Sapi,Kota Surabaya,kg,88000,False,88000,2020,2,Senin,0,0,,0,0
RPH Pegirikan,2020-02-18,Daging Sapi,Kota Surabaya,kg,88000,False,88000,2020,2,Selasa,0,0,,0,0
RPH Pegirikan,2020-02-19,Daging Sapi,Kota Surabaya,kg,86000,False,86000,2020,2,Rabu,0,0,,0,0
RPH Pegirikan,2020-02-20,Daging Sapi,Kota Surabaya,kg,86000,False,86000,2020,2,Kamis,0,0,,0,0
RPH Pegirikan,2020-02-21,Daging Sapi,Kota Surabaya,kg,88000,False,88000,2020,2,Jumat,0,0,,0,0
RPH Pegirikan,2020-02-22,Daging Sapi,Kota Surabaya,kg,87000,False,87000,2020,2,Sabtu,1,0,,0,0
RPH Pegirikan,2020-02-23,Daging Sapi,Kota Surabaya,kg,88000,False,88000,2020,2,Minggu,1,0,,0,0
RPH Pegirikan,2020-02-24,Daging Sapi,Kota Surabaya,kg,87000,False,87000,2020,2,Senin,0,0,,0,0
RPH Pegirikan,2020-02-25,Daging Sapi,Kota Surabaya,kg,88000,False,88000,2020,2,Selasa,0,0,,0,0
RPH Pegirikan,2020-02-26,Daging Sapi,Kota Surabaya,kg,88000,False,88000,2020,2,Rabu,0,0,,0,0
RPH Pegirikan,2020-02-27,Daging Sapi,Kota Surabaya,kg,86000,False,86000,2020,2,Kamis,0,0,,0,0
RPH Pegirikan,2020-02-28,Daging Sapi,Kota Surabaya,kg,86000,False,86000,2020,2,Jumat,0,0,,0,0
RPH Pegirikan,2020-02-29,Daging Sapi,Kota Surabaya,kg,88000,False,88000,2020,2,Sabtu,1,0,,0,0
RPH Pegirikan,2020-03-01,Daging Sapi,Kota Surabaya,kg,87000,False,87000,2020,3,Minggu,1,0,,0,0
RPH Pegirikan,2020-03-02,Daging Sapi,Kota Surabaya,kg,87000,False,87000,2020,3,Senin,0,0,,0,0
RPH Pegirikan,2020-03-03,Daging Sapi,Kota Surabaya,kg,86000,False,86000,2020,3,Selasa,0,0,,0,0
RPH Pegirikan,2020-03-04,Daging Sapi,Kota Surabaya,kg,88000,False,88000,2020,3,Rabu,0,0,,0,0
RPH Pegirikan,2020-03-05,Daging Sapi,Kota Surabaya,kg,89000,False,89000,2020,3,Kamis,0,0,,0,0
RPH Pegirikan,2020-03-06,Daging Sapi,Kota Surabaya,kg,88000,False,88000,2020,3,Jumat,0,0,,0,0
RPH Pegirikan,2020-03-07,Daging Sapi,Kota Surabaya,kg,87000,False,87000,2020,3,Sabtu,1,0,,0,0
RPH Pegirikan,2020-03-08,Daging Sapi,Kota Surabaya,kg,88000,False,88000,2020,3,Minggu,1,0,,0,0
RPH Pegirikan,2020-03-09,Daging Sapi,Kota Surabaya,kg,89000,False,89000,2020,3,Senin,0,0,,0,0
RPH Pegirikan,2020-03-10,Daging Sapi,Kota Surabaya,kg,88000,False,88000,2020,3,Selasa,0,0,,0,0
RPH Pegirikan,2020-03-11,Daging Sapi,Kota Surabaya,kg,86000,False,86000,2020,3,Rabu,0,0,,0,0
RPH Pegirikan,2020-03-12,Daging Sapi,Kota Surabaya,kg,86000,False,86000,2020,3,Kamis,0,0,,0,0
RPH Pegirikan,2020-03-13,Daging Sapi,Kota Surabaya,kg,86000,False,86000,2020,3,Jumat,0,0,,0,0
RPH Pegirikan,2020-03-14,Daging Sapi,Kota Surabaya,kg,86000,False,86000,2020,3,Sabtu,1,0,,0,0
RPH Pegirikan,2020-03-15,Daging Sapi,Kota Surabaya,kg,87000,False,87000,2020,3,Minggu,1,0,,0,0
RPH Pegirikan,2020-03-16,Daging Sapi,Kota Surabaya,kg,86000,False,86000,2020,3,Senin,0,0,,0,0
RPH Pegirikan,2020-03-17,Daging Sapi,Kota Surabaya,kg,88000,False,88000,2020,3,Selasa,0,0,,0,0
RPH Pegirikan,2020-03-18,Daging Sapi,Kota Surabaya,kg,86000,False,86000,2020,3,Rabu,0,0,,0,0
RPH Pegirikan,2020-03-19,Daging Sapi,Kota Surabaya,kg,86000,False,86000,2020,3,Kamis,0,0,,0,0
RPH Pegirikan,2020-03-20,Daging Sapi,Kota Surabaya,kg,88000,False,88000,2020,3,Jumat,0,0,,0,0
RPH Pegirikan,2020-03-21,Daging Sapi,Kota Surabaya,kg,87000,False,87000,2020,3,Sabtu,1,0,,0,0
RPH Pegirikan,2020-03-22,Daging Sapi,Kota Surabaya,kg,86000,False,86000,2020,3,Minggu,1,1,Isra Mikraj Nabi Muhammad,0,0
RPH Pegirikan,2020-03-23,Daging Sapi,Kota Surabaya,kg,87000,False,87000,2020,3,Senin,0,0,,0,0
RPH Pegirikan,2020-03-24,Daging Sapi,Kota Surabaya,kg,86000,False,86000,2020,3,Selasa,0,0,,0,0
RPH Pegirikan,2020-03-25,Daging Sapi,Kota Surabaya,kg,88000,False,88000,2020,3,Rabu,0,1,Hari Suci Nyepi,0,0
RPH Pegirikan,2020-03-26,Daging Sapi,Kota Surabaya,kg,88000,False,88000,2020,3,Kamis,0,0,,0,0
RPH Pegirikan,2020-03-27,Daging Sapi,Kota Surabaya,kg,88000,False,88000,2020,3,Jumat,0,0,,0,0
RPH Pegirikan,2020-03-28,Daging Sapi,Kota Surabaya,kg,88000,False,88000,2020,3,Sabtu,1,0,,0,0
RPH Pegirikan,2020-03-29,Daging Sapi,Kota Surabaya,kg,88000,False,88000,2020,3,Minggu,1,0,,0,0
RPH Pegirikan,2020-03-30,Daging Sapi,Kota Surabaya,kg,88000,False,88000,2020,3,Senin,0,0,,0,0
RPH Pegirikan,2020-03-31,Daging Sapi,Kota Surabaya,kg,87000,False,87000,2020,3,Selasa,0,0,,0,0
RPH Pegirikan,2020-04-01,Daging Sapi,Kota Surabaya,kg,88000,False,88000,2020,4,Rabu,0,0,,0,0
RPH Pegirikan,2020-04-02,Daging Sapi,Kota Surabaya,kg,86000,False,86000,2020,4,Kamis,0,0,,0,0
RPH Pegirikan,2020-04-03,Daging Sapi,Kota Surabaya,kg,,True,86000,2020,4,Jumat,0,0,,0,0
RPH Pegirikan,2020-04-04,Daging Sapi,Kota Surabaya,kg,,True,86000,2020,4,Sabtu,1,0,,0,0
RPH Pegirikan,2020-04-05,Daging Sapi,Kota Surabaya,kg,,True,86000,2020,4,Minggu,1,0,,0,0
RPH Pegirikan,2020-04-06,Daging Sapi,Kota Surabaya,kg,,True,86000,2020,4,Senin,0,0,,0,0
RPH Pegirikan,2020-04-07,Daging Sapi,Kota Surabaya,kg,,True,86000,2020,4,Selasa,0,0,,0,0
RPH Pegirikan,2020-04-08,Daging Sapi,Kota Surabaya,kg,88000,False,88000,2020,4,Rabu,0,0,,0,0
RPH Pegirikan,2020-04-09,Daging Sapi,Kota Surabaya,kg,88000,False,88000,2020,4,Kamis,0,0,,0,0
RPH Pegirikan,2020-04-10,Daging Sapi,Kota Surabaya,kg,88000,False,88000,2020,4,Jumat,0,1,Wafat Yesus Kristus,0,1
RPH Pegirikan,2020-04-11,Daging Sapi,Kota Surabaya,kg,88000,False,88000,2020,4,Sabtu,1,0,,0,1
RPH Pegirikan,2020-04-12,Daging Sapi,Kota Surabaya,kg,88000,False,88000,2020,4,Minggu,1,0,,0,1
RPH Pegirikan,2020-04-13,Daging Sapi,Kota Surabaya,kg,88000,False,88000,2020,4,Senin,0,0,,0,1
RPH Pegirikan,2020-04-14,Daging Sapi,Kota Surabaya,kg,86000,False,86000,2020,4,Selasa,0,0,,0,1
RPH Pegirikan,2020-04-15,Daging Sapi,Kota Surabaya,kg,88000,False,88000,2020,4,Rabu,0,0,,0,1
RPH Pegirikan,2020-04-16,Daging Sapi,Kota Surabaya,kg,88000,False,88000,2020,4,Kamis,0,0,,0,1
RPH Pegirikan,2020-04-17,Daging Sapi,Kota Surabaya,kg,86000,False,86000,2020,4,Jumat,0,0,,0,1
RPH Pegirikan,2020-04-18,Daging Sapi,Kota Surabaya,kg,87000,False,87000,2020,4,Sabtu,1,0,,0,1
RPH Pegirikan,2020-04-19,Daging Sapi,Kota Surabaya,kg,86000,False,86000,2020,4,Minggu,1,0,,0,1
RPH Pegirikan,2020-04-20,Daging Sapi,Kota Surabaya,kg,86000,False,86000,2020,4,Senin,0,0,,0,1
RPH Pegirikan,2020-04-21,Daging Sapi,Kota Surabaya,kg,86000,False,86000,2020,4,Selasa,0,0,,0,1
RPH Pegirikan,2020-04-22,Daging Sapi,Kota Surabaya,kg,86000,False,86000,2020,4,Rabu,0,0,,0,1
RPH Pegirikan,2020-04-23,Daging Sapi,Kota Surabaya,kg,86000,False,86000,2020,4,Kamis,0,0,,0,1
RPH Pegirikan,2020-04-24,Daging Sapi,Kota Surabaya,kg,86000,False,86000,2020,4,Jumat,0,0,,1,0
RPH Pegirikan,2020-04-25,Daging Sapi,Kota Surabaya,kg,87000,False,87000,2020,4,Sabtu,1,0,,1,0
RPH Pegirikan,2020-04-26,Daging Sapi,Kota Surabaya,kg,88000,False,88000,2020,4,Minggu,1,0,,1,0
RPH Pegirikan,2020-04-27,Daging Sapi,Kota Surabaya,kg,88000,False,88000,2020,4,Senin,0,0,,1,0
RPH Pegirikan,2020-04-28,Daging Sapi,Kota Surabaya,kg,86000,False,86000,2020,4,Selasa,0,0,,1,0
RPH Pegirikan,2020-04-29,Daging Sapi,Kota Surabaya,kg,86000,False,86000,2020,4,Rabu,0,0,,1,0
RPH Pegirikan,2020-04-30,Daging Sapi,Kota Surabaya,kg,88000,False,88000,2020,4,Kamis,0,0,,1,0
RPH Pegirikan,2020-05-01,Daging Sapi,Kota Surabaya,kg,87000,False,87000,2020,5,Jumat,0,1,Hari Buruh Internasional,1,0
RPH Pegirikan,2020-05-02,Daging Sapi,Kota Surabaya,kg,88000,False,88000,2020,5,Sabtu,1,0,,1,0
RPH Pegirikan,2020-05-03,Daging Sapi,Kota Surabaya,kg,88000,False,88000,2020,5,Minggu,1,0,,1,0
RPH Pegirikan,2020-05-04,Daging Sapi,Kota Surabaya,kg,86000,False,86000,2020,5,Senin,0,0,,1,0
RPH Pegirikan,2020-05-05,Daging Sapi,Kota Surabaya,kg,86000,False,86000,2020,5,Selasa,0,0,,1,0
RPH Pegirikan,2020-05-06,Daging Sapi,Kota Surabaya,kg,88000,False,88000,2020,5,Rabu,0,0,,1,0
RPH Pegirikan,2020-05-07,Daging Sapi,Kota Surabaya,kg,86000,False,86000,2020,5,Kamis,0,1,Hari Raya Waisak,1,0
RPH Pegirikan,2020-05-08,Daging Sapi,Kota Surabaya,kg,86000,False,86000,2020,5,Jumat,0,0,,1,0
RPH Pegirikan,2020-05-09,Daging Sapi,Kota Surabaya,kg,86000,False,86000,2020,5,Sabtu,1,0,,1,0
RPH Pegirikan,2020-05-10,Daging Sapi,Kota Surabaya,kg,86000,False,86000,2020,5,Minggu,1,0,,1,0
RPH Pegirikan,2020-05-11,Daging Sapi,Kota Surabaya,kg,86000,False,86000,2020,5,Senin,0,0,,1,0
RPH Pegirikan,2020-05-12,Daging Sapi,Kota Surabaya,kg,,True,86000,2020,5,Selasa,0,0,,1,0
RPH Pegirikan,2020-05-13,Daging Sapi,Kota Surabaya,kg,,True,86000,2020,5,Rabu,0,0,,1,0
RPH Pegirikan,2020-05-14,Daging Sapi,Kota Surabaya,kg,,True,86000,2020,5,Kamis,0,0,,1,0
RPH Pegirikan,2020-05-15,Daging Sapi,Kota Surabaya,kg,,True,86000,2020,5,Jumat,0,0,,1,0
RPH Pegirikan,2020-05-16,Daging Sapi,Kota Surabaya,kg,,True,86000,2020,5,Sabtu,1,0,,1,0
RPH Pegirikan,2020-05-17,Daging Sapi,Kota Surabaya,kg,,True,86000,2020,5,Minggu,1,0,,1,0
RPH Pegirikan,2020-05-18,Daging Sapi,Kota Surabaya,kg,,True,86000,2020,5,Senin,0,0,,1,0
RPH Pegirikan,2020-05-19,Daging Sapi,Kota Surabaya,kg,,True,86000,2020,5,Selasa,0,0,,1,0
RPH Pegirikan,2020-05-20,Daging Sapi,Kota Surabaya,kg,,True,86000,2020,5,Rabu,0,0,,1,0
RPH Pegirikan,2020-05-21,Daging Sapi,Kota Surabaya,kg,,True,86000,2020,5,Kamis,0,1,Kenaikan Yesus Kristus,1,0
RPH Pegirikan,2020-05-22,Daging Sapi,Kota Surabaya,kg,,True,86000,2020,5,Jumat,0,0,,1,0
RPH Pegirikan,2020-05-23,Daging Sapi,Kota Surabaya,kg,,True,86000,2020,5,Sabtu,1,0,,1,0
RPH Pegirikan,2020-05-24,Daging Sapi,Kota Surabaya,kg,,True,86000,2020,5,Minggu,1,1,Hari Raya Idul Fitri,0,0
RPH Pegirikan,2020-05-25,Daging Sapi,Kota Surabaya,kg,,True,86000,2020,5,Senin,0,1,Hari kedua dari Hari Raya Idul Fitri,0,0
RPH Pegirikan,2020-05-26,Daging Sapi,Kota Surabaya,kg,,True,86000,2020,5,Selasa,0,0,,0,0
RPH Pegirikan,2020-05-27,Daging Sapi,Kota Surabaya,kg,,True,86000,2020,5,Rabu,0,0,,0,0
RPH Pegirikan,2020-05-28,Daging Sapi,Kota Surabaya,kg,,True,86000,2020,5,Kamis,0,0,,0,0
RPH Pegirikan,2020-05-29,Daging Sapi,Kota Surabaya,kg,,True,86000,2020,5,Jumat,0,0,,0,0
RPH Pegirikan,2020-05-30,Daging Sapi,Kota Surabaya,kg,,True,86000,2020,5,Sabtu,1,0,,0,0
RPH Pegirikan,2020-05-31,Daging Sapi,Kota Surabaya,kg,,True,86000,2020,5,Minggu,1,0,,0,0
RPH Pegirikan,2020-06-01,Daging Sapi,Kota Surabaya,kg,,True,86000,2020,6,Senin,0,1,Hari Lahir Pancasila,0,0
RPH Pegirikan,2020-06-02,Daging Sapi,Kota Surabaya,kg,88000,False,88000,2020,6,Selasa,0,0,,0,0
RPH Pegirikan,2020-06-03,Daging Sapi,Kota Surabaya,kg,88000,False,88000,2020,6,Rabu,0,0,,0,0
RPH Pegirikan,2020-06-04,Daging Sapi,Kota Surabaya,kg,88000,False,88000,2020,6,Kamis,0,0,,0,0
RPH Pegirikan,2020-06-05,Daging Sapi,Kota Surabaya,kg,,True,88000,2020,6,Jumat,0,0,,0,0
RPH Pegirikan,2020-06-06,Daging Sapi,Kota Surabaya,kg,88000,False,88000,2020,6,Sabtu,1,0,,0,0
RPH Pegirikan,2020-06-07,Daging Sapi,Kota Surabaya,kg,86000,False,86000,2020,6,Minggu,1,0,,0,0
RPH Pegirikan,2020-06-08,Daging Sapi,Kota Surabaya,kg,88000,False,88000,2020,6,Senin,0,0,,0,0
RPH Pegirikan,2020-06-09,Daging Sapi,Kota Surabaya,kg,86000,False,86000,2020,6,Selasa,0,0,,0,0
RPH Pegirikan,2020-06-10,Daging Sapi,Kota Surabaya,kg,86000,False,86000,2020,6,Rabu,0,0,,0,0
RPH Pegirikan,2020-06-11,Daging Sapi,Kota Surabaya,kg,88000,False,88000,2020,6,Kamis,0,0,,0,0
RPH Pegirikan,2020-06-12,Daging Sapi,Kota Surabaya,kg,86000,False,86000,2020,6,Jumat,0,0,,0,0
RPH Pegirikan,2020-06-13,Daging Sapi,Kota Surabaya,kg,88000,False,88000,2020,6,Sabtu,1,0,,0,0
RPH Pegirikan,2020-06-14,Daging Sapi,Kota Surabaya,kg,86000,False,86000,2020,6,Minggu,1,0,,0,0
RPH Pegirikan,2020-06-15,Daging Sapi,Kota Surabaya,kg,88000,False,88000,2020,6,Senin,0,0,,0,0
RPH Pegirikan,2020-06-16,Daging Sapi,Kota Surabaya,kg,88000,False,88000,2020,6,Selasa,0,0,,0,0
RPH Pegirikan,2020-06-17,Daging Sapi,Kota Surabaya,kg,88000,False,88000,2020,6,Rabu,0,0,,0,0
RPH Pegirikan,2020-06-18,Daging Sapi,Kota Surabaya,kg,86000,False,86000,2020,6,Kamis,0,0,,0,0
RPH Pegirikan,2020-06-19,Daging Sapi,Kota Surabaya,kg,,True,86000,2020,6,Jumat,0,0,,0,0
RPH Pegirikan,2020-06-20,Daging Sapi,Kota Surabaya,kg,87000,False,87000,2020,6,Sabtu,1,0,,0,0
RPH Pegirikan,2020-06-21,Daging Sapi,Kota Surabaya,kg,87000,False,87000,2020,6,Minggu,1,0,,0,0
RPH Pegirikan,2020-06-22,Daging Sapi,Kota Surabaya,kg,88000,False,88000,2020,6,Senin,0,0,,0,0
RPH Pegirikan,2020-06-23,Daging Sapi,Kota Surabaya,kg,86000,False,86000,2020,6,Selasa,0,0,,0,0
RPH Pegirikan,2020-06-24,Daging Sapi,Kota Surabaya,kg,86000,False,86000,2020,6,Rabu,0,0,,0,0
RPH Pegirikan,2020-06-25,Daging Sapi,Kota Surabaya,kg,86000,False,86000,2020,6,Kamis,0,0,,0,0
RPH Pegirikan,2020-06-26,Daging Sapi,Kota Surabaya,kg,87000,False,87000,2020,6,Jumat,0,0,,0,0
RPH Pegirikan,2020-06-27,Daging Sapi,Kota Surabaya,kg,88000,False,88000,2020,6,Sabtu,1,0,,0,0
RPH Pegirikan,2020-06-28,Daging Sapi,Kota Surabaya,kg,88000,False,88000,2020,6,Minggu,1,0,,0,0
RPH Pegirikan,2020-06-29,Daging Sapi,Kota Surabaya,kg,86000,False,86000,2020,6,Senin,0,0,,0,0
RPH Pegirikan,2020-06-30,Daging Sapi,Kota Surabaya,kg,88000,False,88000,2020,6,Selasa,0,0,,0,0
RPH Pegirikan,2020-07-01,Daging Sapi,Kota Surabaya,kg,88000,False,88000,2020,7,Rabu,0,0,,0,0
RPH Pegirikan,2020-07-02,Daging Sapi,Kota Surabaya,kg,,True,88000,2020,7,Kamis,0,0,,0,0
RPH Pegirikan,2020-07-03,Daging Sapi,Kota Surabaya,kg,86000,False,86000,2020,7,Jumat,0,0,,0,0
RPH Pegirikan,2020-07-04,Daging Sapi,Kota Surabaya,kg,89000,False,89000,2020,7,Sabtu,1,0,,0,0
RPH Pegirikan,2020-07-05,Daging Sapi,Kota Surabaya,kg,88000,False,88000,2020,7,Minggu,1,0,,0,0
RPH Pegirikan,2020-07-06,Daging Sapi,Kota Surabaya,kg,,True,88000,2020,7,Senin,0,0,,0,0
RPH Pegirikan,2020-07-07,Daging Sapi,Kota Surabaya,kg,87000,False,87000,2020,7,Selasa,0,0,,0,0
RPH Pegirikan,2020-07-08,Daging Sapi,Kota Surabaya,kg,88000,False,88000,2020,7,Rabu,0,0,,0,0
RPH Pegirikan,2020-07-09,Daging Sapi,Kota Surabaya,kg,86000,False,86000,2020,7,Kamis,0,0,,0,0
RPH Pegirikan,2020-07-10,Daging Sapi,Kota Surabaya,kg,88000,False,88000,2020,7,Jumat,0,0,,0,0
RPH Pegirikan,2020-07-11,Daging Sapi,Kota Surabaya,kg,88000,False,88000,2020,7,Sabtu,1,0,,0,0
RPH Pegirikan,2020-07-12,Daging Sapi,Kota Surabaya,kg,87000,False,87000,2020,7,Minggu,1,0,,0,0
RPH Pegirikan,2020-07-13,Daging Sapi,Kota Surabaya,kg,88000,False,88000,2020,7,Senin,0,0,,0,0
RPH Pegirikan,2020-07-14,Daging Sapi,Kota Surabaya,kg,86000,False,86000,2020,7,Selasa,0,0,,0,0
RPH Pegirikan,2020-07-15,Daging Sapi,Kota Surabaya,kg,86000,False,86000,2020,7,Rabu,0,0,,0,0
RPH Pegirikan,2020-07-16,Daging Sapi,Kota Surabaya,kg,86000,False,86000,2020,7,Kamis,0,0,,0,0
RPH Pegirikan,2020-07-17,Daging Sapi,Kota Surabaya,kg,86000,False,86000,2020,7,Jumat,0,0,,0,0
RPH Pegirikan,2020-07-18,Daging Sapi,Kota Surabaya,kg,87000,False,87000,2020,7,Sabtu,1,0,,0,0
RPH Pegirikan,2020-07-19,Daging Sapi,Kota Surabaya,kg,86000,False,86000,2020,7,Minggu,1,0,,0,0
RPH Pegirikan,2020-07-20,Daging Sapi,Kota Surabaya,kg,,True,86000,2020,7,Senin,0,0,,0,0
RPH Pegirikan,2020-07-21,Daging Sapi,Kota Surabaya,kg,,True,86000,2020,7,Selasa,0,0,,0,0
RPH Pegirikan,2020-07-22,Daging Sapi,Kota Surabaya,kg,,True,86000,2020,7,Rabu,0,0,,0,0
RPH Pegirikan,2020-07-23,Daging Sapi,Kota Surabaya,kg,,True,86000,2020,7,Kamis,0,0,,0,0
RPH Pegirikan,2020-07-24,Daging Sapi,Kota Surabaya,kg,,True,86000,2020,7,Jumat,0,0,,0,0
RPH Pegirikan,2020-07-25,Daging Sapi,Kota Surabaya,kg,,True,86000,2020,7,Sabtu,1,0,,0,0
RPH Pegirikan,2020-07-26,Daging Sapi,Kota Surabaya,kg,,True,86000,2020,7,Minggu,1,0,,0,0
RPH Pegirikan,2020-07-27,Daging Sapi,Kota Surabaya,kg,,True,86000,2020,7,Senin,0,0,,0,0
RPH Pegirikan,2020-07-28,Daging Sapi,Kota Surabaya,kg,,True,86000,2020,7,Selasa,0,0,,0,0
RPH Pegirikan,2020-07-29,Daging Sapi,Kota Surabaya,kg,,True,86000,2020,7,Rabu,0,0,,0,0
RPH Pegirikan,2020-07-30,Daging Sapi,Kota Surabaya,kg,,True,86000,2020,7,Kamis,0,0,,0,0
RPH Pegirikan,2020-07-31,Daging Sapi,Kota Surabaya,kg,,True,86000,2020,7,Jumat,0,1,Hari Raya Idul Adha,0,0
RPH Pegirikan,2020-08-01,Daging Sapi,Kota Surabaya,kg,,True,86000,2020,8,Sabtu,1,0,,0,0
RPH Pegirikan,2020-08-02,Daging Sapi,Kota Surabaya,kg,,True,86000,2020,8,Minggu,1,0,,0,0
RPH Pegirikan,2020-08-03,Daging Sapi,Kota Surabaya,kg,,True,86000,2020,8,Senin,0,0,,0,0
RPH Pegirikan,2020-08-04,Daging Sapi,Kota Surabaya,kg,,True,86000,2020,8,Selasa,0,0,,0,0
RPH Pegirikan,2020-08-05,Daging Sapi,Kota Surabaya,kg,,True,86000,2020,8,Rabu,0,0,,0,0
RPH Pegirikan,2020-08-06,Daging Sapi,Kota Surabaya,kg,,True,86000,2020,8,Kamis,0,0,,0,0
RPH Pegirikan,2020-08-07,Daging Sapi,Kota Surabaya,kg,,True,86000,2020,8,Jumat,0,0,,0,0
RPH Pegirikan,2020-08-08,Daging Sapi,Kota Surabaya,kg,,True,86000,2020,8,Sabtu,1,0,,0,0
RPH Pegirikan,2020-08-09,Daging Sapi,Kota Surabaya,kg,86000,False,86000,2020,8,Minggu,1,0,,0,0
RPH Pegirikan,2020-08-10,Daging Sapi,Kota Surabaya,kg,86000,False,86000,2020,8,Senin,0,0,,0,0
RPH Pegirikan,2020-08-11,Daging Sapi,Kota Surabaya,kg,87000,False,87000,2020,8,Selasa,0,0,,0,0
RPH Pegirikan,2020-08-12,Daging Sapi,Kota Surabaya,kg,88000,False,88000,2020,8,Rabu,0,0,,0,0
RPH Pegirikan,2020-08-13,Daging Sapi,Kota Surabaya,kg,88000,False,88000,2020,8,Kamis,0,0,,0,0
RPH Pegirikan,2020-08-14,Daging Sapi,Kota Surabaya,kg,87000,False,87000,2020,8,Jumat,0,0,,0,0
RPH Pegirikan,2020-08-15,Daging Sapi,Kota Surabaya,kg,86000,False,86000,2020,8,Sabtu,1,0,,0,0
RPH Pegirikan,2020-08-16,Daging Sapi,Kota Surabaya,kg,86000,False,86000,2020,8,Minggu,1,0,,0,0
RPH Pegirikan,2020-08-17,Daging Sapi,Kota Surabaya,kg,86000,False,86000,2020,8,Senin,0,1,Hari Kemerdekaan Republik Indonesia,0,0
RPH Pegirikan,2020-08-18,Daging Sapi,Kota Surabaya,kg,86000,False,86000,2020,8,Selasa,0,0,,0,0
RPH Pegirikan,2020-08-19,Daging Sapi,Kota Surabaya,kg,88000,False,88000,2020,8,Rabu,0,0,,0,0
RPH Pegirikan,2020-08-20,Daging Sapi,Kota Surabaya,kg,88000,False,88000,2020,8,Kamis,0,1,Tahun Baru Islam,0,0
RPH Pegirikan,2020-08-21,Daging Sapi,Kota Surabaya,kg,87000,False,87000,2020,8,Jumat,0,1,Cuti Bersama Tahun Baru Islam,0,0
RPH Pegirikan,2020-08-22,Daging Sapi,Kota Surabaya,kg,86000,False,86000,2020,8,Sabtu,1,0,,0,0
RPH Pegirikan,2020-08-23,Daging Sapi,Kota Surabaya,kg,88000,False,88000,2020,8,Minggu,1,0,,0,0
RPH Pegirikan,2020-08-24,Daging Sapi,Kota Surabaya,kg,86000,False,86000,2020,8,Senin,0,0,,0,0
RPH Pegirikan,2020-08-25,Daging Sapi,Kota Surabaya,kg,86000,False,86000,2020,8,Selasa,0,0,,0,0
RPH Pegirikan,2020-08-26,Daging Sapi,Kota Surabaya,kg,86000,False,86000,2020,8,Rabu,0,0,,0,0
RPH Pegirikan,2020-08-27,Daging Sapi,Kota Surabaya,kg,86000,False,86000,2020,8,Kamis,0,0,,0,0
RPH Pegirikan,2020-08-28,Daging Sapi,Kota Surabaya,kg,86000,False,86000,2020,8,Jumat,0,0,,0,0
RPH Pegirikan,2020-08-29,Daging Sapi,Kota Surabaya,kg,85000,False,85000,2020,8,Sabtu,1,0,,0,0
RPH Pegirikan,2020-08-30,Daging Sapi,Kota Surabaya,kg,86000,False,86000,2020,8,Minggu,1,0,,0,0
RPH Pegirikan,2020-08-31,Daging Sapi,Kota Surabaya,kg,86000,False,86000,2020,8,Senin,0,0,,0,0
RPH Pegirikan,2020-09-01,Daging Sapi,Kota Surabaya,kg,86000,False,86000,2020,9,Selasa,0,0,,0,0
RPH Pegirikan,2020-09-02,Daging Sapi,Kota Surabaya,kg,86000,False,86000,2020,9,Rabu,0,0,,0,0
RPH Pegirikan,2020-09-03,Daging Sapi,Kota Surabaya,kg,87000,False,87000,2020,9,Kamis,0,0,,0,0
RPH Pegirikan,2020-09-04,Daging Sapi,Kota Surabaya,kg,86000,False,86000,2020,9,Jumat,0,0,,0,0
RPH Pegirikan,2020-09-05,Daging Sapi,Kota Surabaya,kg,86000,False,86000,2020,9,Sabtu,1,0,,0,0
RPH Pegirikan,2020-09-06,Daging Sapi,Kota Surabaya,kg,87000,False,87000,2020,9,Minggu,1,0,,0,0
RPH Pegirikan,2020-09-07,Daging Sapi,Kota Surabaya,kg,88000,False,88000,2020,9,Senin,0,0,,0,0
RPH Pegirikan,2020-09-08,Daging Sapi,Kota Surabaya,kg,88000,False,88000,2020,9,Selasa,0,0,,0,0
RPH Pegirikan,2020-09-09,Daging Sapi,Kota Surabaya,kg,88000,False,88000,2020,9,Rabu,0,0,,0,0
RPH Pegirikan,2020-09-10,Daging Sapi,Kota Surabaya,kg,88000,False,88000,2020,9,Kamis,0,0,,0,0
RPH Pegirikan,2020-09-11,Daging Sapi,Kota Surabaya,kg,86000,False,86000,2020,9,Jumat,0,0,,0,0
RPH Pegirikan,2020-09-12,Daging Sapi,Kota Surabaya,kg,88000,False,88000,2020,9,Sabtu,1,0,,0,0
RPH Pegirikan,2020-09-13,Daging Sapi,Kota Surabaya,kg,86000,False,86000,2020,9,Minggu,1,0,,0,0
RPH Pegirikan,2020-09-14,Daging Sapi,Kota Surabaya,kg,88000,False,88000,2020,9,Senin,0,0,,0,0
RPH Pegirikan,2020-09-15,Daging Sapi,Kota Surabaya,kg,86000,False,86000,2020,9,Selasa,0,0,,0,0
RPH Pegirikan,2020-09-16,Daging Sapi,Kota Surabaya,kg,86000,False,86000,2020,9,Rabu,0,0,,0,0
RPH Pegirikan,2020-09-17,Daging Sapi,Kota Surabaya,kg,86000,False,86000,2020,9,Kamis,0,0,,0,0
RPH Pegirikan,2020-09-18,Daging Sapi,Kota Surabaya,kg,86000,False,86000,2020,9,Jumat,0,0,,0,0
RPH Pegirikan,2020-09-19,Daging Sapi,Kota Surabaya,kg,86000,False,86000,2020,9,Sabtu,1,0,,0,0
RPH Pegirikan,2020-09-20,Daging Sapi,Kota Surabaya,kg,86000,False,86000,2020,9,Minggu,1,0,,0,0
RPH Pegirikan,2020-09-21,Daging Sapi,Kota Surabaya,kg,86000,False,86000,2020,9,Senin,0,0,,0,0
RPH Pegirikan,2020-09-22,Daging Sapi,Kota Surabaya,kg,86000,False,86000,2020,9,Selasa,0,0,,0,0
RPH Pegirikan,2020-09-23,Daging Sapi,Kota Surabaya,kg,85000,False,85000,2020,9,Rabu,0,0,,0,0
RPH Pegirikan,2020-09-24,Daging Sapi,Kota Surabaya,kg,85000,False,85000,2020,9,Kamis,0,0,,0,0
RPH Pegirikan,2020-09-25,Daging Sapi,Kota Surabaya,kg,85000,False,85000,2020,9,Jumat,0,0,,0,0
RPH Pegirikan,2020-09-26,Daging Sapi,Kota Surabaya,kg,85000,False,85000,2020,9,Sabtu,1,0,,0,0
RPH Pegirikan,2020-09-27,Daging Sapi,Kota Surabaya,kg,86000,False,86000,2020,9,Minggu,1,0,,0,0
RPH Pegirikan,2020-09-28,Daging Sapi,Kota Surabaya,kg,86000,False,86000,2020,9,Senin,0,0,,0,0
RPH Pegirikan,2020-09-29,Daging Sapi,Kota Surabaya,kg,86000,False,86000,2020,9,Selasa,0,0,,0,0
RPH Pegirikan,2020-09-30,Daging Sapi,Kota Surabaya,kg,88000,False,88000,2020,9,Rabu,0,0,,0,0
RPH Pegirikan,2020-10-01,Daging Sapi,Kota Surabaya,kg,86000,False,86000,2020,10,Kamis,0,0,,0,0
RPH Pegirikan,2020-10-02,Daging Sapi,Kota Surabaya,kg,87000,False,87000,2020,10,Jumat,0,0,,0,0
RPH Pegirikan,2020-10-03,Daging Sapi,Kota Surabaya,kg,87000,False,87000,2020,10,Sabtu,1,0,,0,0
RPH Pegirikan,2020-10-04,Daging Sapi,Kota Surabaya,kg,,True,87000,2020,10,Minggu,1,0,,0,0
RPH Pegirikan,2020-10-05,Daging Sapi,Kota Surabaya,kg,87000,False,87000,2020,10,Senin,0,0,,0,0
RPH Pegirikan,2020-10-06,Daging Sapi,Kota Surabaya,kg,87000,False,87000,2020,10,Selasa,0,0,,0,0
RPH Pegirikan,2020-10-07,Daging Sapi,Kota Surabaya,kg,86000,False,86000,2020,10,Rabu,0,0,,0,0
RPH Pegirikan,2020-10-08,Daging Sapi,Kota Surabaya,kg,86000,False,86000,2020,10,Kamis,0,0,,0,0
RPH Pegirikan,2020-10-09,Daging Sapi,Kota Surabaya,kg,88000,False,88000,2020,10,Jumat,0,0,,0,0
RPH Pegirikan,2020-10-10,Daging Sapi,Kota Surabaya,kg,86000,False,86000,2020,10,Sabtu,1,0,,0,0
RPH Pegirikan,2020-10-11,Daging Sapi,Kota Surabaya,kg,86000,False,86000,2020,10,Minggu,1,0,,0,0
RPH Pegirikan,2020-10-12,Daging Sapi,Kota Surabaya,kg,88000,False,88000,2020,10,Senin,0,0,,0,0
RPH Pegirikan,2020-10-13,Daging Sapi,Kota Surabaya,kg,87000,False,87000,2020,10,Selasa,0,0,,0,0
RPH Pegirikan,2020-10-14,Daging Sapi,Kota Surabaya,kg,88000,False,88000,2020,10,Rabu,0,0,,0,0
RPH Pegirikan,2020-10-15,Daging Sapi,Kota Surabaya,kg,86000,False,86000,2020,10,Kamis,0,0,,0,0
RPH Pegirikan,2020-10-16,Daging Sapi,Kota Surabaya,kg,87000,False,87000,2020,10,Jumat,0,0,,0,0
RPH Pegirikan,2020-10-17,Daging Sapi,Kota Surabaya,kg,88000,False,88000,2020,10,Sabtu,1,0,,0,0
RPH Pegirikan,2020-10-18,Daging Sapi,Kota Surabaya,kg,88000,False,88000,2020,10,Minggu,1,0,,0,0
RPH Pegirikan,2020-10-19,Daging Sapi,Kota Surabaya,kg,86000,False,86000,2020,10,Senin,0,0,,0,0
RPH Pegirikan,2020-10-20,Daging Sapi,Kota Surabaya,kg,86000,False,86000,2020,10,Selasa,0,0,,0,0
RPH Pegirikan,2020-10-21,Daging Sapi,Kota Surabaya,kg,87000,False,87000,2020,10,Rabu,0,0,,0,0
RPH Pegirikan,2020-10-22,Daging Sapi,Kota Surabaya,kg,88000,False,88000,2020,10,Kamis,0,0,,0,0
RPH Pegirikan,2020-10-23,Daging Sapi,Kota Surabaya,kg,86000,False,86000,2020,10,Jumat,0,0,,0,0
RPH Pegirikan,2020-10-24,Daging Sapi,Kota Surabaya,kg,86000,False,86000,2020,10,Sabtu,1,0,,0,0
RPH Pegirikan,2020-10-25,Daging Sapi,Kota Surabaya,kg,86000,False,86000,2020,10,Minggu,1,0,,0,0
RPH Pegirikan,2020-10-26,Daging Sapi,Kota Surabaya,kg,86000,False,86000,2020,10,Senin,0,0,,0,0
RPH Pegirikan,2020-10-27,Daging Sapi,Kota Surabaya,kg,86000,False,86000,2020,10,Selasa,0,0,,0,0
RPH Pegirikan,2020-10-28,Daging Sapi,Kota Surabaya,kg,86000,False,86000,2020,10,Rabu,0,1,Cuti Bersama Maulid Nabi Muhammad,0,0
RPH Pegirikan,2020-10-29,Daging Sapi,Kota Surabaya,kg,86000,False,86000,2020,10,Kamis,0,1,Maulid Nabi Muhammad,0,0
RPH Pegirikan,2020-10-30,Daging Sapi,Kota Surabaya,kg,87000,False,87000,2020,10,Jumat,0,1,Cuti Bersama Maulid Nabi Muhammad,0,0
RPH Pegirikan,2020-10-31,Daging Sapi,Kota Surabaya,kg,87000,False,87000,2020,10,Sabtu,1,0,,0,0
RPH Pegirikan,2020-11-01,Daging Sapi,Kota Surabaya,kg,87000,False,87000,2020,11,Minggu,1,0,,0,0
RPH Pegirikan,2020-11-02,Daging Sapi,Kota Surabaya,kg,86000,False,86000,2020,11,Senin,0,0,,0,0
RPH Pegirikan,2020-11-03,Daging Sapi,Kota Surabaya,kg,88000,False,88000,2020,11,Selasa,0,0,,0,0
RPH Pegirikan,2020-11-04,Daging Sapi,Kota Surabaya,kg,86000,False,86000,2020,11,Rabu,0,0,,0,0
RPH Pegirikan,2020-11-05,Daging Sapi,Kota Surabaya,kg,87000,False,87000,2020,11,Kamis,0,0,,0,0
RPH Pegirikan,2020-11-06,Daging Sapi,Kota Surabaya,kg,88000,False,88000,2020,11,Jumat,0,0,,0,0
RPH Pegirikan,2020-11-07,Daging Sapi,Kota Surabaya,kg,86000,False,86000,2020,11,Sabtu,1,0,,0,0
RPH Pegirikan,2020-11-08,Daging Sapi,Kota Surabaya,kg,87000,False,87000,2020,11,Minggu,1,0,,0,0
RPH Pegirikan,2020-11-09,Daging Sapi,Kota Surabaya,kg,86000,False,86000,2020,11,Senin,0,0,,0,0
RPH Pegirikan,2020-11-10,Daging Sapi,Kota Surabaya,kg,86000,False,86000,2020,11,Selasa,0,0,,0,0
RPH Pegirikan,2020-11-11,Daging Sapi,Kota Surabaya,kg,88000,False,88000,2020,11,Rabu,0,0,,0,0
RPH Pegirikan,2020-11-12,Daging Sapi,Kota Surabaya,kg,87000,False,87000,2020,11,Kamis,0,0,,0,0
RPH Pegirikan,2020-11-13,Daging Sapi,Kota Surabaya,kg,86000,False,86000,2020,11,Jumat,0,0,,0,0
RPH Pegirikan,2020-11-14,Daging Sapi,Kota Surabaya,kg,87000,False,87000,2020,11,Sabtu,1,0,,0,0
RPH Pegirikan,2020-11-15,Daging Sapi,Kota Surabaya,kg,88000,False,88000,2020,11,Minggu,1,0,,0,0
RPH Pegirikan,2020-11-16,Daging Sapi,Kota Surabaya,kg,86000,False,86000,2020,11,Senin,0,0,,0,0
RPH Pegirikan,2020-11-17,Daging Sapi,Kota Surabaya,kg,86000,False,86000,2020,11,Selasa,0,0,,0,0
RPH Pegirikan,2020-11-18,Daging Sapi,Kota Surabaya,kg,86000,False,86000,2020,11,Rabu,0,0,,0,0
RPH Pegirikan,2020-11-19,Daging Sapi,Kota Surabaya,kg,86000,False,86000,2020,11,Kamis,0,0,,0,0
RPH Pegirikan,2020-11-20,Daging Sapi,Kota Surabaya,kg,88000,False,88000,2020,11,Jumat,0,0,,0,0
RPH Pegirikan,2020-11-21,Daging Sapi,Kota Surabaya,kg,86000,False,86000,2020,11,Sabtu,1,0,,0,0
RPH Pegirikan,2020-11-22,Daging Sapi,Kota Surabaya,kg,86000,False,86000,2020,11,Minggu,1,0,,0,0
RPH Pegirikan,2020-11-23,Daging Sapi,Kota Surabaya,kg,86000,False,86000,2020,11,Senin,0,0,,0,0
RPH Pegirikan,2020-11-24,Daging Sapi,Kota Surabaya,kg,88000,False,88000,2020,11,Selasa,0,0,,0,0
RPH Pegirikan,2020-11-25,Daging Sapi,Kota Surabaya,kg,,True,88000,2020,11,Rabu,0,0,,0,0
RPH Pegirikan,2020-11-26,Daging Sapi,Kota Surabaya,kg,88000,False,88000,2020,11,Kamis,0,0,,0,0
RPH Pegirikan,2020-11-27,Daging Sapi,Kota Surabaya,kg,87000,False,87000,2020,11,Jumat,0,0,,0,0
RPH Pegirikan,2020-11-28,Daging Sapi,Kota Surabaya,kg,88000,False,88000,2020,11,Sabtu,1,0,,0,0
RPH Pegirikan,2020-11-29,Daging Sapi,Kota Surabaya,kg,88000,False,88000,2020,11,Minggu,1,0,,0,0
RPH Pegirikan,2020-11-30,Daging Sapi,Kota Surabaya,kg,88000,False,88000,2020,11,Senin,0,0,,0,0
RPH Pegirikan,2020-12-01,Daging Sapi,Kota Surabaya,kg,86000,False,86000,2020,12,Selasa,0,0,,0,0
RPH Pegirikan,2020-12-02,Daging Sapi,Kota Surabaya,kg,86000,False,86000,2020,12,Rabu,0,0,,0,0
RPH Pegirikan,2020-12-03,Daging Sapi,Kota Surabaya,kg,86000,False,86000,2020,12,Kamis,0,0,,0,0
RPH Pegirikan,2020-12-04,Daging Sapi,Kota Surabaya,kg,86000,False,86000,2020,12,Jumat,0,0,,0,0
RPH Pegirikan,2020-12-05,Daging Sapi,Kota Surabaya,kg,88000,False,88000,2020,12,Sabtu,1,0,,0,0
RPH Pegirikan,2020-12-06,Daging Sapi,Kota Surabaya,kg,88000,False,88000,2020,12,Minggu,1,0,,0,0
RPH Pegirikan,2020-12-07,Daging Sapi,Kota Surabaya,kg,86000,False,86000,2020,12,Senin,0,0,,0,0
RPH Pegirikan,2020-12-08,Daging Sapi,Kota Surabaya,kg,87000,False,87000,2020,12,Selasa,0,0,,0,0
RPH Pegirikan,2020-12-09,Daging Sapi,Kota Surabaya,kg,86000,False,86000,2020,12,Rabu,0,1,Hari Pemilihan Kepala Daerah,0,0
RPH Pegirikan,2020-12-10,Daging Sapi,Kota Surabaya,kg,88000,False,88000,2020,12,Kamis,0,0,,0,0
RPH Pegirikan,2020-12-11,Daging Sapi,Kota Surabaya,kg,,True,88000,2020,12,Jumat,0,0,,0,0
RPH Pegirikan,2020-12-12,Daging Sapi,Kota Surabaya,kg,86000,False,86000,2020,12,Sabtu,1,0,,0,0
RPH Pegirikan,2020-12-13,Daging Sapi,Kota Surabaya,kg,86000,False,86000,2020,12,Minggu,1,0,,0,0
RPH Pegirikan,2020-12-14,Daging Sapi,Kota Surabaya,kg,86000,False,86000,2020,12,Senin,0,0,,0,0
RPH Pegirikan,2020-12-15,Daging Sapi,Kota Surabaya,kg,86000,False,86000,2020,12,Selasa,0,0,,0,0
RPH Pegirikan,2020-12-16,Daging Sapi,Kota Surabaya,kg,86000,False,86000,2020,12,Rabu,0,0,,0,0
RPH Pegirikan,2020-12-17,Daging Sapi,Kota Surabaya,kg,86000,False,86000,2020,12,Kamis,0,0,,0,0
RPH Pegirikan,2020-12-18,Daging Sapi,Kota Surabaya,kg,86000,False,86000,2020,12,Jumat,0,0,,0,0
RPH Pegirikan,2020-12-19,Daging Sapi,Kota Surabaya,kg,88000,False,88000,2020,12,Sabtu,1,0,,0,0
RPH Pegirikan,2020-12-20,Daging Sapi,Kota Surabaya,kg,86000,False,86000,2020,12,Minggu,1,0,,0,0
RPH Pegirikan,2020-12-21,Daging Sapi,Kota Surabaya,kg,86000,False,86000,2020,12,Senin,0,0,,0,0
RPH Pegirikan,2020-12-22,Daging Sapi,Kota Surabaya,kg,87000,False,87000,2020,12,Selasa,0,0,,0,0
RPH Pegirikan,2020-12-23,Daging Sapi,Kota Surabaya,kg,88000,False,88000,2020,12,Rabu,0,0,,0,0
RPH Pegirikan,2020-12-24,Daging Sapi,Kota Surabaya,kg,88000,False,88000,2020,12,Kamis,0,1,Cuti Bersama Hari Raya Natal,0,0
RPH Pegirikan,2020-12-25,Daging Sapi,Kota Surabaya,kg,88000,False,88000,2020,12,Jumat,0,1,Hari Raya Natal,0,0
RPH Pegirikan,2020-12-26,Daging Sapi,Kota Surabaya,kg,87000,False,87000,2020,12,Sabtu,1,0,,0,0
RPH Pegirikan,2020-12-27,Daging Sapi,Kota Surabaya,kg,88000,False,88000,2020,12,Minggu,1,0,,0,0
RPH Pegirikan,2020-12-28,Daging Sapi,Kota Surabaya,kg,88000,False,88000,2020,12,Senin,0,0,,0,0
RPH Pegirikan,2020-12-29,Daging Sapi,Kota Surabaya,kg,87000,False,87000,2020,12,Selasa,0,0,,0,0
RPH Pegirikan,2020-12-30,Daging Sapi,Kota Surabaya,kg,87000,False,87000,2020,12,Rabu,0,0,,0,0
RPH Pegirikan,2020-12-31,Daging Sapi,Kota Surabaya,kg,87000,False,87000,2020,12,Kamis,0,1,Pegangti Cuti Bersama Hari Raya Idul Fitri,0,0
RPH Pegirikan,2021-01-01,Daging Sapi,Kota Surabaya,kg,88000,False,88000,2021,1,Jumat,0,1,Tahun Baru Masehi,0,0
RPH Pegirikan,2021-01-02,Daging Sapi,Kota Surabaya,kg,87000,False,87000,2021,1,Sabtu,1,0,,0,0
RPH Pegirikan,2021-01-03,Daging Sapi,Kota Surabaya,kg,86000,False,86000,2021,1,Minggu,1,0,,0,0
RPH Pegirikan,2021-01-04,Daging Sapi,Kota Surabaya,kg,88000,False,88000,2021,1,Senin,0,0,,0,0
RPH Pegirikan,2021-01-05,Daging Sapi,Kota Surabaya,kg,88000,False,88000,2021,1,Selasa,0,0,,0,0
RPH Pegirikan,2021-01-06,Daging Sapi,Kota Surabaya,kg,88000,False,88000,2021,1,Rabu,0,0,,0,0
RPH Pegirikan,2021-01-07,Daging Sapi,Kota Surabaya,kg,86000,False,86000,2021,1,Kamis,0,0,,0,0
RPH Pegirikan,2021-01-08,Daging Sapi,Kota Surabaya,kg,88000,False,88000,2021,1,Jumat,0,0,,0,0
RPH Pegirikan,2021-01-09,Daging Sapi,Kota Surabaya,kg,88000,False,88000,2021,1,Sabtu,1,0,,0,0
RPH Pegirikan,2021-01-10,Daging Sapi,Kota Surabaya,kg,86000,False,86000,2021,1,Minggu,1,0,,0,0
RPH Pegirikan,2021-01-11,Daging Sapi,Kota Surabaya,kg,86000,False,86000,2021,1,Senin,0,0,,0,0
RPH Pegirikan,2021-01-12,Daging Sapi,Kota Surabaya,kg,86000,False,86000,2021,1,Selasa,0,0,,0,0
RPH Pegirikan,2021-01-13,Daging Sapi,Kota Surabaya,kg,88000,False,88000,2021,1,Rabu,0,0,,0,0
RPH Pegirikan,2021-01-14,Daging Sapi,Kota Surabaya,kg,88000,False,88000,2021,1,Kamis,0,0,,0,0
RPH Pegirikan,2021-01-15,Daging Sapi,Kota Surabaya,kg,86000,False,86000,2021,1,Jumat,0,0,,0,0
RPH Pegirikan,2021-01-16,Daging Sapi,Kota Surabaya,kg,88000,False,88000,2021,1,Sabtu,1,0,,0,0
RPH Pegirikan,2021-01-17,Daging Sapi,Kota Surabaya,kg,86000,False,86000,2021,1,Minggu,1,0,,0,0
RPH Pegirikan,2021-01-18,Daging Sapi,Kota Surabaya,kg,86000,False,86000,2021,1,Senin,0,0,,0,0
RPH Pegirikan,2021-01-19,Daging Sapi,Kota Surabaya,kg,88000,False,88000,2021,1,Selasa,0,0,,0,0
RPH Pegirikan,2021-01-20,Daging Sapi,Kota Surabaya,kg,88000,False,88000,2021,1,Rabu,0,0,,0,0
RPH Pegirikan,2021-01-21,Daging Sapi,Kota Surabaya,kg,86000,False,86000,2021,1,Kamis,0,0,,0,0
RPH Pegirikan,2021-01-22,Daging Sapi,Kota Surabaya,kg,86000,False,86000,2021,1,Jumat,0,0,,0,0
RPH Pegirikan,2021-01-23,Daging Sapi,Kota Surabaya,kg,87000,False,87000,2021,1,Sabtu,1,0,,0,0
RPH Pegirikan,2021-01-24,Daging Sapi,Kota Surabaya,kg,87000,False,87000,2021,1,Minggu,1,0,,0,0
RPH Pegirikan,2021-01-25,Daging Sapi,Kota Surabaya,kg,87000,False,87000,2021,1,Senin,0,0,,0,0
RPH Pegirikan,2021-01-26,Daging Sapi,Kota Surabaya,kg,86000,False,86000,2021,1,Selasa,0,0,,0,0
RPH Pegirikan,2021-01-27,Daging Sapi,Kota Surabaya,kg,87000,False,87000,2021,1,Rabu,0,0,,0,0
RPH Pegirikan,2021-01-28,Daging Sapi,Kota Surabaya,kg,88000,False,88000,2021,1,Kamis,0,0,,0,0
RPH Pegirikan,2021-01-29,Daging Sapi,Kota Surabaya,kg,88000,False,88000,2021,1,Jumat,0,0,,0,0
RPH Pegirikan,2021-01-30,Daging Sapi,Kota Surabaya,kg,88000,False,88000,2021,1,Sabtu,1,0,,0,0
RPH Pegirikan,2021-01-31,Daging Sapi,Kota Surabaya,kg,88000,False,88000,2021,1,Minggu,1,0,,0,0
RPH Pegirikan,2021-02-01,Daging Sapi,Kota Surabaya,kg,88000,False,88000,2021,2,Senin,0,0,,0,0
RPH Pegirikan,2021-02-02,Daging Sapi,Kota Surabaya,kg,88000,False,88000,2021,2,Selasa,0,0,,0,0
RPH Pegirikan,2021-02-03,Daging Sapi,Kota Surabaya,kg,86000,False,86000,2021,2,Rabu,0,0,,0,0
RPH Pegirikan,2021-02-04,Daging Sapi,Kota Surabaya,kg,88000,False,88000,2021,2,Kamis,0,0,,0,0
RPH Pegirikan,2021-02-05,Daging Sapi,Kota Surabaya,kg,88000,False,88000,2021,2,Jumat,0,0,,0,0
RPH Pegirikan,2021-02-06,Daging Sapi,Kota Surabaya,kg,88000,False,88000,2021,2,Sabtu,1,0,,0,0
RPH Pegirikan,2021-02-07,Daging Sapi,Kota Surabaya,kg,88000,False,88000,2021,2,Minggu,1,0,,0,0
RPH Pegirikan,2021-02-08,Daging Sapi,Kota Surabaya,kg,88000,False,88000,2021,2,Senin,0,0,,0,0
RPH Pegirikan,2021-02-09,Daging Sapi,Kota Surabaya,kg,86000,False,86000,2021,2,Selasa,0,0,,0,0
RPH Pegirikan,2021-02-10,Daging Sapi,Kota Surabaya,kg,86000,False,86000,2021,2,Rabu,0,0,,0,0
RPH Pegirikan,2021-02-11,Daging Sapi,Kota Surabaya,kg,86000,False,86000,2021,2,Kamis,0,0,,0,0
RPH Pegirikan,2021-02-12,Daging Sapi,Kota Surabaya,kg,86000,False,86000,2021,2,Jumat,0,1,Tahun Baru Imlek,0,0
RPH Pegirikan,2021-02-13,Daging Sapi,Kota Surabaya,kg,86000,False,86000,2021,2,Sabtu,1,0,,0,0
RPH Pegirikan,2021-02-14,Daging Sapi,Kota Surabaya,kg,88000,False,88000,2021,2,Minggu,1,0,,0,0
RPH Pegirikan,2021-02-15,Daging Sapi,Kota Surabaya,kg,88000,False,88000,2021,2,Senin,0,0,,0,0
RPH Pegirikan,2021-02-16,Daging Sapi,Kota Surabaya,kg,90000,False,90000,2021,2,Selasa,0,0,,0,0
RPH Pegirikan,2021-02-17,Daging Sapi,Kota Surabaya,kg,90000,False,90000,2021,2,Rabu,0,0,,0,0
RPH Pegirikan,2021-02-18,Daging Sapi,Kota Surabaya,kg,91000,False,91000,2021,2,Kamis,0,0,,0,0
RPH Pegirikan,2021-02-19,Daging Sapi,Kota Surabaya,kg,91000,False,91000,2021,2,Jumat,0,0,,0,0
RPH Pegirikan,2021-02-20,Daging Sapi,Kota Surabaya,kg,90000,False,90000,2021,2,Sabtu,1,0,,0,0
RPH Pegirikan,2021-02-21,Daging Sapi,Kota Surabaya,kg,90500,False,90500,2021,2,Minggu,1,0,,0,0
RPH Pegirikan,2021-02-22,Daging Sapi,Kota Surabaya,kg,90000,False,90000,2021,2,Senin,0,0,,0,0
RPH Pegirikan,2021-02-23,Daging Sapi,Kota Surabaya,kg,90000,False,90000,2021,2,Selasa,0,0,,0,0
RPH Pegirikan,2021-02-24,Daging Sapi,Kota Surabaya,kg,90000,False,90000,2021,2,Rabu,0,0,,0,0
RPH Pegirikan,2021-02-25,Daging Sapi,Kota Surabaya,kg,90000,False,90000,2021,2,Kamis,0,0,,0,0
RPH Pegirikan,2021-02-26,Daging Sapi,Kota Surabaya,kg,90000,False,90000,2021,2,Jumat,0,0,,0,0
RPH Pegirikan,2021-02-27,Daging Sapi,Kota Surabaya,kg,,True,90000,2021,2,Sabtu,1,0,,0,0
RPH Pegirikan,2021-02-28,Daging Sapi,Kota Surabaya,kg,88000,False,88000,2021,2,Minggu,1,0,,0,0
RPH Pegirikan,2021-03-01,Daging Sapi,Kota Surabaya,kg,90000,False,90000,2021,3,Senin,0,0,,0,0
RPH Pegirikan,2021-03-02,Daging Sapi,Kota Surabaya,kg,90000,False,90000,2021,3,Selasa,0,0,,0,0
RPH Pegirikan,2021-03-03,Daging Sapi,Kota Surabaya,kg,89000,False,89000,2021,3,Rabu,0,0,,0,0
RPH Pegirikan,2021-03-04,Daging Sapi,Kota Surabaya,kg,89000,False,89000,2021,3,Kamis,0,0,,0,0
RPH Pegirikan,2021-03-05,Daging Sapi,Kota Surabaya,kg,90000,False,90000,2021,3,Jumat,0,0,,0,0
RPH Pegirikan,2021-03-06,Daging Sapi,Kota Surabaya,kg,90000,False,90000,2021,3,Sabtu,1,0,,0,0
RPH Pegirikan,2021-03-07,Daging Sapi,Kota Surabaya,kg,91000,False,91000,2021,3,Minggu,1,0,,0,0
RPH Pegirikan,2021-03-08,Daging Sapi,Kota Surabaya,kg,91000,False,91000,2021,3,Senin,0,0,,0,0
RPH Pegirikan,2021-03-09,Daging Sapi,Kota Surabaya,kg,91000,False,91000,2021,3,Selasa,0,0,,0,0
RPH Pegirikan,2021-03-10,Daging Sapi,Kota Surabaya,kg,90000,False,90000,2021,3,Rabu,0,0,,0,0
RPH Pegirikan,2021-03-11,Daging Sapi,Kota Surabaya,kg,91000,False,91000,2021,3,Kamis,0,1,Isra Mikraj Nabi Muhammad,0,0
RPH Pegirikan,2021-03-12,Daging Sapi,Kota Surabaya,kg,91000,False,91000,2021,3,Jumat,0,0,,0,0
RPH Pegirikan,2021-03-13,Daging Sapi,Kota Surabaya,kg,90000,False,90000,2021,3,Sabtu,1,0,,0,0
RPH Pegirikan,2021-03-14,Daging Sapi,Kota Surabaya,kg,91000,False,91000,2021,3,Minggu,1,1,Hari Suci Nyepi,0,0
RPH Pegirikan,2021-03-15,Daging Sapi,Kota Surabaya,kg,91000,False,91000,2021,3,Senin,0,0,,0,0
RPH Pegirikan,2021-03-16,Daging Sapi,Kota Surabaya,kg,90000,False,90000,2021,3,Selasa,0,0,,0,0
RPH Pegirikan,2021-03-17,Daging Sapi,Kota Surabaya,kg,91000,False,91000,2021,3,Rabu,0,0,,0,0
RPH Pegirikan,2021-03-18,Daging Sapi,Kota Surabaya,kg,90000,False,90000,2021,3,Kamis,0,0,,0,0
RPH Pegirikan,2021-03-19,Daging Sapi,Kota Surabaya,kg,90000,False,90000,2021,3,Jumat,0,0,,0,0
RPH Pegirikan,2021-03-20,Daging Sapi,Kota Surabaya,kg,91000,False,91000,2021,3,Sabtu,1,0,,0,0
RPH Pegirikan,2021-03-21,Daging Sapi,Kota Surabaya,kg,91000,False,91000,2021,3,Minggu,1,0,,0,0
RPH Pegirikan,2021-03-22,Daging Sapi,Kota Surabaya,kg,90000,False,90000,2021,3,Senin,0,0,,0,0
RPH Pegirikan,2021-03-23,Daging Sapi,Kota Surabaya,kg,91000,False,91000,2021,3,Selasa,0,0,,0,0
RPH Pegirikan,2021-03-24,Daging Sapi,Kota Surabaya,kg,91000,False,91000,2021,3,Rabu,0,0,,0,0
RPH Pegirikan,2021-03-25,Daging Sapi,Kota Surabaya,kg,91000,False,91000,2021,3,Kamis,0,0,,0,0
RPH Pegirikan,2021-03-26,Daging Sapi,Kota Surabaya,kg,91000,False,91000,2021,3,Jumat,0,0,,0,0
RPH Pegirikan,2021-03-27,Daging Sapi,Kota Surabaya,kg,91000,False,91000,2021,3,Sabtu,1,0,,0,0
RPH Pegirikan,2021-03-28,Daging Sapi,Kota Surabaya,kg,90000,False,90000,2021,3,Minggu,1,0,,0,0
RPH Pegirikan,2021-03-29,Daging Sapi,Kota Surabaya,kg,91000,False,91000,2021,3,Senin,0,0,,0,0
RPH Pegirikan,2021-03-30,Daging Sapi,Kota Surabaya,kg,91000,False,91000,2021,3,Selasa,0,0,,0,1
RPH Pegirikan,2021-03-31,Daging Sapi,Kota Surabaya,kg,,True,91000,2021,3,Rabu,0,0,,0,1
RPH Pegirikan,2021-04-01,Daging Sapi,Kota Surabaya,kg,88000,False,88000,2021,4,Kamis,0,0,,0,1
RPH Pegirikan,2021-04-02,Daging Sapi,Kota Surabaya,kg,88000,False,88000,2021,4,Jumat,0,1,Wafat Yesus Kristus,0,1
RPH Pegirikan,2021-04-03,Daging Sapi,Kota Surabaya,kg,88000,False,88000,2021,4,Sabtu,1,0,,0,1
RPH Pegirikan,2021-04-04,Daging Sapi,Kota Surabaya,kg,89000,False,89000,2021,4,Minggu,1,0,,0,1
RPH Pegirikan,2021-04-05,Daging Sapi,Kota Surabaya,kg,88000,False,88000,2021,4,Senin,0,0,,0,1
RPH Pegirikan,2021-04-06,Daging Sapi,Kota Surabaya,kg,89000,False,89000,2021,4,Selasa,0,0,,0,1
RPH Pegirikan,2021-04-07,Daging Sapi,Kota Surabaya,kg,89000,False,89000,2021,4,Rabu,0,0,,0,1
RPH Pegirikan,2021-04-08,Daging Sapi,Kota Surabaya,kg,88000,False,88000,2021,4,Kamis,0,0,,0,1
RPH Pegirikan,2021-04-09,Daging Sapi,Kota Surabaya,kg,88000,False,88000,2021,4,Jumat,0,0,,0,1
RPH Pegirikan,2021-04-10,Daging Sapi,Kota Surabaya,kg,,True,88000,2021,4,Sabtu,1,0,,0,1
RPH Pegirikan,2021-04-11,Daging Sapi,Kota Surabaya,kg,88000,False,88000,2021,4,Minggu,1,0,,0,1
RPH Pegirikan,2021-04-12,Daging Sapi,Kota Surabaya,kg,,True,88000,2021,4,Senin,0,0,,0,1
RPH Pegirikan,2021-04-13,Daging Sapi,Kota Surabaya,kg,,True,88000,2021,4,Selasa,0,0,,1,0
RPH Pegirikan,2021-04-14,Daging Sapi,Kota Surabaya,kg,,True,88000,2021,4,Rabu,0,0,,1,0
RPH Pegirikan,2021-04-15,Daging Sapi,Kota Surabaya,kg,,True,88000,2021,4,Kamis,0,0,,1,0
RPH Pegirikan,2021-04-16,Daging Sapi,Kota Surabaya,kg,,True,88000,2021,4,Jumat,0,0,,1,0
RPH Pegirikan,2021-04-17,Daging Sapi,Kota Surabaya,kg,,True,88000,2021,4,Sabtu,1,0,,1,0
RPH Pegirikan,2021-04-18,Daging Sapi,Kota Surabaya,kg,90000,False,90000,2021,4,Minggu,1,0,,1,0
RPH Pegirikan,2021-04-19,Daging Sapi,Kota Surabaya,kg,91000,False,91000,2021,4,Senin,0,0,,1,0
RPH Pegirikan,2021-04-20,Daging Sapi,Kota Surabaya,kg,90000,False,90000,2021,4,Selasa,0,0,,1,0
RPH Pegirikan,2021-04-21,Daging Sapi,Kota Surabaya,kg,90000,False,90000,2021,4,Rabu,0,0,,1,0
RPH Pegirikan,2021-04-22,Daging Sapi,Kota Surabaya,kg,88000,False,88000,2021,4,Kamis,0,0,,1,0
RPH Pegirikan,2021-04-23,Daging Sapi,Kota Surabaya,kg,,True,88000,2021,4,Jumat,0,0,,1,0
RPH Pegirikan,2021-04-24,Daging Sapi,Kota Surabaya,kg,,True,88000,2021,4,Sabtu,1,0,,1,0
RPH Pegirikan,2021-04-25,Daging Sapi,Kota Surabaya,kg,,True,88000,2021,4,Minggu,1,0,,1,0
RPH Pegirikan,2021-04-26,Daging Sapi,Kota Surabaya,kg,89000,False,89000,2021,4,Senin,0,0,,1,0
RPH Pegirikan,2021-04-27,Daging Sapi,Kota Surabaya,kg,89000,False,89000,2021,4,Selasa,0,0,,1,0
RPH Pegirikan,2021-04-28,Daging Sapi,Kota Surabaya,kg,89000,False,89000,2021,4,Rabu,0,0,,1,0
RPH Pegirikan,2021-04-29,Daging Sapi,Kota Surabaya,kg,89000,False,89000,2021,4,Kamis,0,0,,1,0
RPH Pegirikan,2021-04-30,Daging Sapi,Kota Surabaya,kg,89000,False,89000,2021,4,Jumat,0,0,,1,0
RPH Pegirikan,2021-05-01,Daging Sapi,Kota Surabaya,kg,89000,False,89000,2021,5,Sabtu,1,1,Hari Buruh Internasional,1,0
RPH Pegirikan,2021-05-02,Daging Sapi,Kota Surabaya,kg,88000,False,88000,2021,5,Minggu,1,0,,1,0
RPH Pegirikan,2021-05-03,Daging Sapi,Kota Surabaya,kg,89000,False,89000,2021,5,Senin,0,0,,1,0
RPH Pegirikan,2021-05-04,Daging Sapi,Kota Surabaya,kg,89000,False,89000,2021,5,Selasa,0,0,,1,0
RPH Pegirikan,2021-05-05,Daging Sapi,Kota Surabaya,kg,89000,False,89000,2021,5,Rabu,0,0,,1,0
RPH Pegirikan,2021-05-06,Daging Sapi,Kota Surabaya,kg,89000,False,89000,2021,5,Kamis,0,0,,1,0
RPH Pegirikan,2021-05-07,Daging Sapi,Kota Surabaya,kg,88000,False,88000,2021,5,Jumat,0,0,,1,0
RPH Pegirikan,2021-05-08,Daging Sapi,Kota Surabaya,kg,88000,False,88000,2021,5,Sabtu,1,0,,1,0
RPH Pegirikan,2021-05-09,Daging Sapi,Kota Surabaya,kg,88000,False,88000,2021,5,Minggu,1,0,,1,0
RPH Pegirikan,2021-05-10,Daging Sapi,Kota Surabaya,kg,88000,False,88000,2021,5,Senin,0,0,,1,0
RPH Pegirikan,2021-05-11,Daging Sapi,Kota Surabaya,kg,88000,False,88000,2021,5,Selasa,0,0,,1,0
RPH Pegirikan,2021-05-12,Daging Sapi,Kota Surabaya,kg,89000,False,89000,2021,5,Rabu,0,1,Cuti Bersama Hari Raya Idul Fitri,1,0
RPH Pegirikan,2021-05-13,Daging Sapi,Kota Surabaya,kg,88000,False,88000,2021,5,Kamis,0,1,Hari Raya Idul Fitri; Kenaikan Yesus Kristus,0,0
RPH Pegirikan,2021-05-14,Daging Sapi,Kota Surabaya,kg,88000,False,88000,2021,5,Jumat,0,1,Hari kedua dari Hari Raya Idul Fitri,0,0
RPH Pegirikan,2021-05-15,Daging Sapi,Kota Surabaya,kg,89000,False,89000,2021,5,Sabtu,1,0,,0,0
RPH Pegirikan,2021-05-16,Daging Sapi,Kota Surabaya,kg,88000,False,88000,2021,5,Minggu,1,0,,0,0
RPH Pegirikan,2021-05-17,Daging Sapi,Kota Surabaya,kg,88000,False,88000,2021,5,Senin,0,0,,0,0
RPH Pegirikan,2021-05-18,Daging Sapi,Kota Surabaya,kg,88000,False,88000,2021,5,Selasa,0,0,,0,0
RPH Pegirikan,2021-05-19,Daging Sapi,Kota Surabaya,kg,88000,False,88000,2021,5,Rabu,0,0,,0,0
RPH Pegirikan,2021-05-20,Daging Sapi,Kota Surabaya,kg,88000,False,88000,2021,5,Kamis,0,0,,0,0
RPH Pegirikan,2021-05-21,Daging Sapi,Kota Surabaya,kg,88000,False,88000,2021,5,Jumat,0,0,,0,0
RPH Pegirikan,2021-05-22,Daging Sapi,Kota Surabaya,kg,88000,False,88000,2021,5,Sabtu,1,0,,0,0
RPH Pegirikan,2021-05-23,Daging Sapi,Kota Surabaya,kg,89000,False,89000,2021,5,Minggu,1,0,,0,0
RPH Pegirikan,2021-05-24,Daging Sapi,Kota Surabaya,kg,88000,False,88000,2021,5,Senin,0,0,,0,0
RPH Pegirikan,2021-05-25,Daging Sapi,Kota Surabaya,kg,88000,False,88000,2021,5,Selasa,0,0,,0,0
RPH Pegirikan,2021-05-26,Daging Sapi,Kota Surabaya,kg,88000,False,88000,2021,5,Rabu,0,1,Hari Raya Waisak,0,0
RPH Pegirikan,2021-05-27,Daging Sapi,Kota Surabaya,kg,88000,False,88000,2021,5,Kamis,0,0,,0,0
RPH Pegirikan,2021-05-28,Daging Sapi,Kota Surabaya,kg,88000,False,88000,2021,5,Jumat,0,0,,0,0
RPH Pegirikan,2021-05-29,Daging Sapi,Kota Surabaya,kg,90000,False,90000,2021,5,Sabtu,1,0,,0,0
RPH Pegirikan,2021-05-30,Daging Sapi,Kota Surabaya,kg,88000,False,88000,2021,5,Minggu,1,0,,0,0
RPH Pegirikan,2021-05-31,Daging Sapi,Kota Surabaya,kg,88000,False,88000,2021,5,Senin,0,0,,0,0
RPH Pegirikan,2021-06-01,Daging Sapi,Kota Surabaya,kg,88000,False,88000,2021,6,Selasa,0,1,Hari Lahir Pancasila,0,0
RPH Pegirikan,2021-06-02,Daging Sapi,Kota Surabaya,kg,88000,False,88000,2021,6,Rabu,0,0,,0,0
RPH Pegirikan,2021-06-03,Daging Sapi,Kota Surabaya,kg,88000,False,88000,2021,6,Kamis,0,0,,0,0
RPH Pegirikan,2021-06-04,Daging Sapi,Kota Surabaya,kg,88000,False,88000,2021,6,Jumat,0,0,,0,0
RPH Pegirikan,2021-06-05,Daging Sapi,Kota Surabaya,kg,90000,False,90000,2021,6,Sabtu,1,0,,0,0
RPH Pegirikan,2021-06-06,Daging Sapi,Kota Surabaya,kg,90000,False,90000,2021,6,Minggu,1,0,,0,0
RPH Pegirikan,2021-06-07,Daging Sapi,Kota Surabaya,kg,90000,False,90000,2021,6,Senin,0,0,,0,0
RPH Pegirikan,2021-06-08,Daging Sapi,Kota Surabaya,kg,89000,False,89000,2021,6,Selasa,0,0,,0,0
RPH Pegirikan,2021-06-09,Daging Sapi,Kota Surabaya,kg,89000,False,89000,2021,6,Rabu,0,0,,0,0
RPH Pegirikan,2021-06-10,Daging Sapi,Kota Surabaya,kg,90000,False,90000,2021,6,Kamis,0,0,,0,0
RPH Pegirikan,2021-06-11,Daging Sapi,Kota Surabaya,kg,90000,False,90000,2021,6,Jumat,0,0,,0,0
RPH Pegirikan,2021-06-12,Daging Sapi,Kota Surabaya,kg,90000,False,90000,2021,6,Sabtu,1,0,,0,0
RPH Pegirikan,2021-06-13,Daging Sapi,Kota Surabaya,kg,90000,False,90000,2021,6,Minggu,1,0,,0,0
RPH Pegirikan,2021-06-14,Daging Sapi,Kota Surabaya,kg,90000,False,90000,2021,6,Senin,0,0,,0,0
RPH Pegirikan,2021-06-15,Daging Sapi,Kota Surabaya,kg,88000,False,88000,2021,6,Selasa,0,0,,0,0
RPH Pegirikan,2021-06-16,Daging Sapi,Kota Surabaya,kg,90000,False,90000,2021,6,Rabu,0,0,,0,0
RPH Pegirikan,2021-06-17,Daging Sapi,Kota Surabaya,kg,90000,False,90000,2021,6,Kamis,0,0,,0,0
RPH Pegirikan,2021-06-18,Daging Sapi,Kota Surabaya,kg,90000,False,90000,2021,6,Jumat,0,0,,0,0
RPH Pegirikan,2021-06-19,Daging Sapi,Kota Surabaya,kg,89000,False,89000,2021,6,Sabtu,1,0,,0,0
RPH Pegirikan,2021-06-20,Daging Sapi,Kota Surabaya,kg,88000,False,88000,2021,6,Minggu,1,0,,0,0
RPH Pegirikan,2021-06-21,Daging Sapi,Kota Surabaya,kg,88000,False,88000,2021,6,Senin,0,0,,0,0
RPH Pegirikan,2021-06-22,Daging Sapi,Kota Surabaya,kg,89000,False,89000,2021,6,Selasa,0,0,,0,0
RPH Pegirikan,2021-06-23,Daging Sapi,Kota Surabaya,kg,89000,False,89000,2021,6,Rabu,0,0,,0,0
RPH Pegirikan,2021-06-24,Daging Sapi,Kota Surabaya,kg,89000,False,89000,2021,6,Kamis,0,0,,0,0
RPH Pegirikan,2021-06-25,Daging Sapi,Kota Surabaya,kg,90000,False,90000,2021,6,Jumat,0,0,,0,0
RPH Pegirikan,2021-06-26,Daging Sapi,Kota Surabaya,kg,88000,False,88000,2021,6,Sabtu,1,0,,0,0
RPH Pegirikan,2021-06-27,Daging Sapi,Kota Surabaya,kg,88000,False,88000,2021,6,Minggu,1,0,,0,0
RPH Pegirikan,2021-06-28,Daging Sapi,Kota Surabaya,kg,88000,False,88000,2021,6,Senin,0,0,,0,0
RPH Pegirikan,2021-06-29,Daging Sapi,Kota Surabaya,kg,89000,False,89000,2021,6,Selasa,0,0,,0,0
RPH Pegirikan,2021-06-30,Daging Sapi,Kota Surabaya,kg,88000,False,88000,2021,6,Rabu,0,0,,0,0
RPH Pegirikan,2021-07-01,Daging Sapi,Kota Surabaya,kg,88000,False,88000,2021,7,Kamis,0,0,,0,0
RPH Pegirikan,2021-07-02,Daging Sapi,Kota Surabaya,kg,89000,False,89000,2021,7,Jumat,0,0,,0,0
RPH Pegirikan,2021-07-03,Daging Sapi,Kota Surabaya,kg,88000,False,88000,2021,7,Sabtu,1,0,,0,0
RPH Pegirikan,2021-07-04,Daging Sapi,Kota Surabaya,kg,90000,False,90000,2021,7,Minggu,1,0,,0,0
RPH Pegirikan,2021-07-05,Daging Sapi,Kota Surabaya,kg,90000,False,90000,2021,7,Senin,0,0,,0,0
RPH Pegirikan,2021-07-06,Daging Sapi,Kota Surabaya,kg,90000,False,90000,2021,7,Selasa,0,0,,0,0
RPH Pegirikan,2021-07-07,Daging Sapi,Kota Surabaya,kg,89000,False,89000,2021,7,Rabu,0,0,,0,0
RPH Pegirikan,2021-07-08,Daging Sapi,Kota Surabaya,kg,88000,False,88000,2021,7,Kamis,0,0,,0,0
RPH Pegirikan,2021-07-09,Daging Sapi,Kota Surabaya,kg,89000,False,89000,2021,7,Jumat,0,0,,0,0
RPH Pegirikan,2021-07-10,Daging Sapi,Kota Surabaya,kg,88000,False,88000,2021,7,Sabtu,1,0,,0,0
RPH Pegirikan,2021-07-11,Daging Sapi,Kota Surabaya,kg,88000,False,88000,2021,7,Minggu,1,0,,0,0
RPH Pegirikan,2021-07-12,Daging Sapi,Kota Surabaya,kg,89000,False,89000,2021,7,Senin,0,0,,0,0
RPH Pegirikan,2021-07-13,Daging Sapi,Kota Surabaya,kg,88000,False,88000,2021,7,Selasa,0,0,,0,0
RPH Pegirikan,2021-07-14,Daging Sapi,Kota Surabaya,kg,90000,False,90000,2021,7,Rabu,0,0,,0,0
RPH Pegirikan,2021-07-15,Daging Sapi,Kota Surabaya,kg,90000,False,90000,2021,7,Kamis,0,0,,0,0
RPH Pegirikan,2021-07-16,Daging Sapi,Kota Surabaya,kg,90000,False,90000,2021,7,Jumat,0,0,,0,0
RPH Pegirikan,2021-07-17,Daging Sapi,Kota Surabaya,kg,90000,False,90000,2021,7,Sabtu,1,0,,0,0
RPH Pegirikan,2021-07-18,Daging Sapi,Kota Surabaya,kg,90000,False,90000,2021,7,Minggu,1,0,,0,0
RPH Pegirikan,2021-07-19,Daging Sapi,Kota Surabaya,kg,90000,False,90000,2021,7,Senin,0,0,,0,0
RPH Pegirikan,2021-07-20,Daging Sapi,Kota Surabaya,kg,90000,False,90000,2021,7,Selasa,0,1,Hari Raya Idul Adha,0,0
RPH Pegirikan,2021-07-21,Daging Sapi,Kota Surabaya,kg,90000,False,90000,2021,7,Rabu,0,0,,0,0
RPH Pegirikan,2021-07-22,Daging Sapi,Kota Surabaya,kg,90000,False,90000,2021,7,Kamis,0,0,,0,0
RPH Pegirikan,2021-07-23,Daging Sapi,Kota Surabaya,kg,90000,False,90000,2021,7,Jumat,0,0,,0,0
RPH Pegirikan,2021-07-24,Daging Sapi,Kota Surabaya,kg,90000,False,90000,2021,7,Sabtu,1,0,,0,0
RPH Pegirikan,2021-07-25,Daging Sapi,Kota Surabaya,kg,90000,False,90000,2021,7,Minggu,1,0,,0,0
RPH Pegirikan,2021-07-26,Daging Sapi,Kota Surabaya,kg,90000,False,90000,2021,7,Senin,0,0,,0,0
RPH Pegirikan,2021-07-27,Daging Sapi,Kota Surabaya,kg,90000,False,90000,2021,7,Selasa,0,0,,0,0
RPH Pegirikan,2021-07-28,Daging Sapi,Kota Surabaya,kg,89000,False,89000,2021,7,Rabu,0,0,,0,0
RPH Pegirikan,2021-07-29,Daging Sapi,Kota Surabaya,kg,90000,False,90000,2021,7,Kamis,0,0,,0,0
RPH Pegirikan,2021-07-30,Daging Sapi,Kota Surabaya,kg,90000,False,90000,2021,7,Jumat,0,0,,0,0
RPH Pegirikan,2021-07-31,Daging Sapi,Kota Surabaya,kg,90000,False,90000,2021,7,Sabtu,1,0,,0,0
RPH Pegirikan,2021-08-01,Daging Sapi,Kota Surabaya,kg,90000,False,90000,2021,8,Minggu,1,0,,0,0
RPH Pegirikan,2021-08-02,Daging Sapi,Kota Surabaya,kg,90000,False,90000,2021,8,Senin,0,0,,0,0
RPH Pegirikan,2021-08-03,Daging Sapi,Kota Surabaya,kg,89000,False,89000,2021,8,Selasa,0,0,,0,0
RPH Pegirikan,2021-08-04,Daging Sapi,Kota Surabaya,kg,,True,89000,2021,8,Rabu,0,0,,0,0
RPH Pegirikan,2021-08-05,Daging Sapi,Kota Surabaya,kg,,True,89000,2021,8,Kamis,0,0,,0,0
RPH Pegirikan,2021-08-06,Daging Sapi,Kota Surabaya,kg,,True,89000,2021,8,Jumat,0,0,,0,0
RPH Pegirikan,2021-08-07,Daging Sapi,Kota Surabaya,kg,,True,89000,2021,8,Sabtu,1,0,,0,0
RPH Pegirikan,2021-08-08,Daging Sapi,Kota Surabaya,kg,,True,89000,2021,8,Minggu,1,0,,0,0
RPH Pegirikan,2021-08-09,Daging Sapi,Kota Surabaya,kg,,True,89000,2021,8,Senin,0,0,,0,0
RPH Pegirikan,2021-08-10,Daging Sapi,Kota Surabaya,kg,,True,89000,2021,8,Selasa,0,0,,0,0
RPH Pegirikan,2021-08-11,Daging Sapi,Kota Surabaya,kg,,True,89000,2021,8,Rabu,0,1,Tahun Baru Islam,0,0
RPH Pegirikan,2021-08-12,Daging Sapi,Kota Surabaya,kg,,True,89000,2021,8,Kamis,0,0,,0,0
RPH Pegirikan,2021-08-13,Daging Sapi,Kota Surabaya,kg,,True,89000,2021,8,Jumat,0,0,,0,0
RPH Pegirikan,2021-08-14,Daging Sapi,Kota Surabaya,kg,,True,89000,2021,8,Sabtu,1,0,,0,0
RPH Pegirikan,2021-08-15,Daging Sapi,Kota Surabaya,kg,89000,False,89000,2021,8,Minggu,1,0,,0,0
RPH Pegirikan,2021-08-16,Daging Sapi,Kota Surabaya,kg,88000,False,88000,2021,8,Senin,0,0,,0,0
RPH Pegirikan,2021-08-17,Daging Sapi,Kota Surabaya,kg,,True,88000,2021,8,Selasa,0,1,Hari Kemerdekaan Republik Indonesia,0,0
RPH Pegirikan,2021-08-18,Daging Sapi,Kota Surabaya,kg,90000,False,90000,2021,8,Rabu,0,0,,0,0
RPH Pegirikan,2021-08-19,Daging Sapi,Kota Surabaya,kg,88000,False,88000,2021,8,Kamis,0,0,,0,0
RPH Pegirikan,2021-08-20,Daging Sapi,Kota Surabaya,kg,90000,False,90000,2021,8,Jumat,0,0,,0,0
RPH Pegirikan,2021-08-21,Daging Sapi,Kota Surabaya,kg,88000,False,88000,2021,8,Sabtu,1,0,,0,0
RPH Pegirikan,2021-08-22,Daging Sapi,Kota Surabaya,kg,88000,False,88000,2021,8,Minggu,1,0,,0,0
RPH Pegirikan,2021-08-23,Daging Sapi,Kota Surabaya,kg,88000,False,88000,2021,8,Senin,0,0,,0,0
RPH Pegirikan,2021-08-24,Daging Sapi,Kota Surabaya,kg,88000,False,88000,2021,8,Selasa,0,0,,0,0
RPH Pegirikan,2021-08-25,Daging Sapi,Kota Surabaya,kg,88000,False,88000,2021,8,Rabu,0,0,,0,0
RPH Pegirikan,2021-08-26,Daging Sapi,Kota Surabaya,kg,88000,False,88000,2021,8,Kamis,0,0,,0,0
RPH Pegirikan,2021-08-27,Daging Sapi,Kota Surabaya,kg,88000,False,88000,2021,8,Jumat,0,0,,0,0
RPH Pegirikan,2021-08-28,Daging Sapi,Kota Surabaya,kg,88000,False,88000,2021,8,Sabtu,1,0,,0,0
RPH Pegirikan,2021-08-29,Daging Sapi,Kota Surabaya,kg,89000,False,89000,2021,8,Minggu,1,0,,0,0
RPH Pegirikan,2021-08-30,Daging Sapi,Kota Surabaya,kg,88000,False,88000,2021,8,Senin,0,0,,0,0
RPH Pegirikan,2021-08-31,Daging Sapi,Kota Surabaya,kg,88000,False,88000,2021,8,Selasa,0,0,,0,0
RPH Pegirikan,2021-09-01,Daging Sapi,Kota Surabaya,kg,88000,False,88000,2021,9,Rabu,0,0,,0,0
RPH Pegirikan,2021-09-02,Daging Sapi,Kota Surabaya,kg,88000,False,88000,2021,9,Kamis,0,0,,0,0
RPH Pegirikan,2021-09-03,Daging Sapi,Kota Surabaya,kg,88000,False,88000,2021,9,Jumat,0,0,,0,0
RPH Pegirikan,2021-09-04,Daging Sapi,Kota Surabaya,kg,90000,False,90000,2021,9,Sabtu,1,0,,0,0
RPH Pegirikan,2021-09-05,Daging Sapi,Kota Surabaya,kg,88000,False,88000,2021,9,Minggu,1,0,,0,0
RPH Pegirikan,2021-09-06,Daging Sapi,Kota Surabaya,kg,88000,False,88000,2021,9,Senin,0,0,,0,0
RPH Pegirikan,2021-09-07,Daging Sapi,Kota Surabaya,kg,90000,False,90000,2021,9,Selasa,0,0,,0,0
RPH Pegirikan,2021-09-08,Daging Sapi,Kota Surabaya,kg,90000,False,90000,2021,9,Rabu,0,0,,0,0
RPH Pegirikan,2021-09-09,Daging Sapi,Kota Surabaya,kg,90000,False,90000,2021,9,Kamis,0,0,,0,0
RPH Pegirikan,2021-09-10,Daging Sapi,Kota Surabaya,kg,90000,False,90000,2021,9,Jumat,0,0,,0,0
RPH Pegirikan,2021-09-11,Daging Sapi,Kota Surabaya,kg,88000,False,88000,2021,9,Sabtu,1,0,,0,0
RPH Pegirikan,2021-09-12,Daging Sapi,Kota Surabaya,kg,90000,False,90000,2021,9,Minggu,1,0,,0,0
RPH Pegirikan,2021-09-13,Daging Sapi,Kota Surabaya,kg,88000,False,88000,2021,9,Senin,0,0,,0,0
RPH Pegirikan,2021-09-14,Daging Sapi,Kota Surabaya,kg,90000,False,90000,2021,9,Selasa,0,0,,0,0
RPH Pegirikan,2021-09-15,Daging Sapi,Kota Surabaya,kg,90000,False,90000,2021,9,Rabu,0,0,,0,0
RPH Pegirikan,2021-09-16,Daging Sapi,Kota Surabaya,kg,90000,False,90000,2021,9,Kamis,0,0,,0,0
RPH Pegirikan,2021-09-17,Daging Sapi,Kota Surabaya,kg,90000,False,90000,2021,9,Jumat,0,0,,0,0
RPH Pegirikan,2021-09-18,Daging Sapi,Kota Surabaya,kg,88000,False,88000,2021,9,Sabtu,1,0,,0,0
RPH Pegirikan,2021-09-19,Daging Sapi,Kota Surabaya,kg,90000,False,90000,2021,9,Minggu,1,0,,0,0
RPH Pegirikan,2021-09-20,Daging Sapi,Kota Surabaya,kg,88000,False,88000,2021,9,Senin,0,0,,0,0
RPH Pegirikan,2021-09-21,Daging Sapi,Kota Surabaya,kg,88000,False,88000,2021,9,Selasa,0,0,,0,0
RPH Pegirikan,2021-09-22,Daging Sapi,Kota Surabaya,kg,88000,False,88000,2021,9,Rabu,0,0,,0,0
RPH Pegirikan,2021-09-23,Daging Sapi,Kota Surabaya,kg,88000,False,88000,2021,9,Kamis,0,0,,0,0
RPH Pegirikan,2021-09-24,Daging Sapi,Kota Surabaya,kg,,True,88000,2021,9,Jumat,0,0,,0,0
RPH Pegirikan,2021-09-25,Daging Sapi,Kota Surabaya,kg,,True,88000,2021,9,Sabtu,1,0,,0,0
RPH Pegirikan,2021-09-26,Daging Sapi,Kota Surabaya,kg,,True,88000,2021,9,Minggu,1,0,,0,0
RPH Pegirikan,2021-09-27,Daging Sapi,Kota Surabaya,kg,,True,88000,2021,9,Senin,0,0,,0,0
RPH Pegirikan,2021-09-28,Daging Sapi,Kota Surabaya,kg,90000,False,90000,2021,9,Selasa,0,0,,0,0
RPH Pegirikan,2021-09-29,Daging Sapi,Kota Surabaya,kg,90000,False,90000,2021,9,Rabu,0,0,,0,0
RPH Pegirikan,2021-09-30,Daging Sapi,Kota Surabaya,kg,88000,False,88000,2021,9,Kamis,0,0,,0,0
RPH Pegirikan,2021-10-01,Daging Sapi,Kota Surabaya,kg,88000,False,88000,2021,10,Jumat,0,0,,0,0
RPH Pegirikan,2021-10-02,Daging Sapi,Kota Surabaya,kg,88000,False,88000,2021,10,Sabtu,1,0,,0,0
RPH Pegirikan,2021-10-03,Daging Sapi,Kota Surabaya,kg,90000,False,90000,2021,10,Minggu,1,0,,0,0
RPH Pegirikan,2021-10-04,Daging Sapi,Kota Surabaya,kg,88000,False,88000,2021,10,Senin,0,0,,0,0
RPH Pegirikan,2021-10-05,Daging Sapi,Kota Surabaya,kg,88000,False,88000,2021,10,Selasa,0,0,,0,0
RPH Pegirikan,2021-10-06,Daging Sapi,Kota Surabaya,kg,88000,False,88000,2021,10,Rabu,0,0,,0,0
RPH Pegirikan,2021-10-07,Daging Sapi,Kota Surabaya,kg,91000,False,91000,2021,10,Kamis,0,0,,0,0
RPH Pegirikan,2021-10-08,Daging Sapi,Kota Surabaya,kg,90000,False,90000,2021,10,Jumat,0,0,,0,0
RPH Pegirikan,2021-10-09,Daging Sapi,Kota Surabaya,kg,92000,False,92000,2021,10,Sabtu,1,0,,0,0
RPH Pegirikan,2021-10-10,Daging Sapi,Kota Surabaya,kg,92000,False,92000,2021,10,Minggu,1,0,,0,0
RPH Pegirikan,2021-10-11,Daging Sapi,Kota Surabaya,kg,91000,False,91000,2021,10,Senin,0,0,,0,0
RPH Pegirikan,2021-10-12,Daging Sapi,Kota Surabaya,kg,92000,False,92000,2021,10,Selasa,0,0,,0,0
RPH Pegirikan,2021-10-13,Daging Sapi,Kota Surabaya,kg,92000,False,92000,2021,10,Rabu,0,0,,0,0
RPH Pegirikan,2021-10-14,Daging Sapi,Kota Surabaya,kg,88000,False,88000,2021,10,Kamis,0,0,,0,0
RPH Pegirikan,2021-10-15,Daging Sapi,Kota Surabaya,kg,88000,False,88000,2021,10,Jumat,0,0,,0,0
RPH Pegirikan,2021-10-16,Daging Sapi,Kota Surabaya,kg,90000,False,90000,2021,10,Sabtu,1,0,,0,0
RPH Pegirikan,2021-10-17,Daging Sapi,Kota Surabaya,kg,92000,False,92000,2021,10,Minggu,1,0,,0,0
RPH Pegirikan,2021-10-18,Daging Sapi,Kota Surabaya,kg,92000,False,92000,2021,10,Senin,0,0,,0,0
RPH Pegirikan,2021-10-19,Daging Sapi,Kota Surabaya,kg,92000,False,92000,2021,10,Selasa,0,0,,0,0
RPH Pegirikan,2021-10-20,Daging Sapi,Kota Surabaya,kg,92000,False,92000,2021,10,Rabu,0,1,Maulid Nabi Muhammad,0,0
RPH Pegirikan,2021-10-21,Daging Sapi,Kota Surabaya,kg,,True,92000,2021,10,Kamis,0,0,,0,0
RPH Pegirikan,2021-10-22,Daging Sapi,Kota Surabaya,kg,92000,False,92000,2021,10,Jumat,0,0,,0,0
RPH Pegirikan,2021-10-23,Daging Sapi,Kota Surabaya,kg,92000,False,92000,2021,10,Sabtu,1,0,,0,0
RPH Pegirikan,2021-10-24,Daging Sapi,Kota Surabaya,kg,92000,False,92000,2021,10,Minggu,1,0,,0,0
RPH Pegirikan,2021-10-25,Daging Sapi,Kota Surabaya,kg,92000,False,92000,2021,10,Senin,0,0,,0,0
RPH Pegirikan,2021-10-26,Daging Sapi,Kota Surabaya,kg,92000,False,92000,2021,10,Selasa,0,0,,0,0
RPH Pegirikan,2021-10-27,Daging Sapi,Kota Surabaya,kg,88000,False,88000,2021,10,Rabu,0,0,,0,0
RPH Pegirikan,2021-10-28,Daging Sapi,Kota Surabaya,kg,89000,False,89000,2021,10,Kamis,0,0,,0,0
RPH Pegirikan,2021-10-29,Daging Sapi,Kota Surabaya,kg,89000,False,89000,2021,10,Jumat,0,0,,0,0
RPH Pegirikan,2021-10-30,Daging Sapi,Kota Surabaya,kg,92000,False,92000,2021,10,Sabtu,1,0,,0,0
RPH Pegirikan,2021-10-31,Daging Sapi,Kota Surabaya,kg,92000,False,92000,2021,10,Minggu,1,0,,0,0
RPH Pegirikan,2021-11-01,Daging Sapi,Kota Surabaya,kg,90000,False,90000,2021,11,Senin,0,0,,0,0
RPH Pegirikan,2021-11-02,Daging Sapi,Kota Surabaya,kg,90000,False,90000,2021,11,Selasa,0,0,,0,0
RPH Pegirikan,2021-11-03,Daging Sapi,Kota Surabaya,kg,90000,False,90000,2021,11,Rabu,0,0,,0,0
RPH Pegirikan,2021-11-04,Daging Sapi,Kota Surabaya,kg,90000,False,90000,2021,11,Kamis,0,0,,0,0
RPH Pegirikan,2021-11-05,Daging Sapi,Kota Surabaya,kg,90000,False,90000,2021,11,Jumat,0,0,,0,0
RPH Pegirikan,2021-11-06,Daging Sapi,Kota Surabaya,kg,90000,False,90000,2021,11,Sabtu,1,0,,0,0
RPH Pegirikan,2021-11-07,Daging Sapi,Kota Surabaya,kg,88000,False,88000,2021,11,Minggu,1,0,,0,0
RPH Pegirikan,2021-11-08,Daging Sapi,Kota Surabaya,kg,88000,False,88000,2021,11,Senin,0,0,,0,0
RPH Pegirikan,2021-11-09,Daging Sapi,Kota Surabaya,kg,88000,False,88000,2021,11,Selasa,0,0,,0,0
RPH Pegirikan,2021-11-10,Daging Sapi,Kota Surabaya,kg,92000,False,92000,2021,11,Rabu,0,0,,0,0
RPH Pegirikan,2021-11-11,Daging Sapi,Kota Surabaya,kg,89000,False,89000,2021,11,Kamis,0,0,,0,0
RPH Pegirikan,2021-11-12,Daging Sapi,Kota Surabaya,kg,91000,False,91000,2021,11,Jumat,0,0,,0,0
RPH Pegirikan,2021-11-13,Daging Sapi,Kota Surabaya,kg,91000,False,91000,2021,11,Sabtu,1,0,,0,0
RPH Pegirikan,2021-11-14,Daging Sapi,Kota Surabaya,kg,91000,False,91000,2021,11,Minggu,1,0,,0,0
RPH Pegirikan,2021-11-15,Daging Sapi,Kota Surabaya,kg,91000,False,91000,2021,11,Senin,0,0,,0,0
RPH Pegirikan,2021-11-16,Daging Sapi,Kota Surabaya,kg,91000,False,91000,2021,11,Selasa,0,0,,0,0
RPH Pegirikan,2021-11-17,Daging Sapi,Kota Surabaya,kg,90000,False,90000,2021,11,Rabu,0,0,,0,0
RPH Pegirikan,2021-11-18,Daging Sapi,Kota Surabaya,kg,90000,False,90000,2021,11,Kamis,0,0,,0,0
RPH Pegirikan,2021-11-19,Daging Sapi,Kota Surabaya,kg,90000,False,90000,2021,11,Jumat,0,0,,0,0
RPH Pegirikan,2021-11-20,Daging Sapi,Kota Surabaya,kg,90000,False,90000,2021,11,Sabtu,1,0,,0,0
RPH Pegirikan,2021-11-21,Daging Sapi,Kota Surabaya,kg,92000,False,92000,2021,11,Minggu,1,0,,0,0
RPH Pegirikan,2021-11-22,Daging Sapi,Kota Surabaya,kg,90000,False,90000,2021,11,Senin,0,0,,0,0
RPH Pegirikan,2021-11-23,Daging Sapi,Kota Surabaya,kg,90000,False,90000,2021,11,Selasa,0,0,,0,0
RPH Pegirikan,2021-11-24,Daging Sapi,Kota Surabaya,kg,90000,False,90000,2021,11,Rabu,0,0,,0,0
RPH Pegirikan,2021-11-25,Daging Sapi,Kota Surabaya,kg,90000,False,90000,2021,11,Kamis,0,0,,0,0
RPH Pegirikan,2021-11-26,Daging Sapi,Kota Surabaya,kg,90000,False,90000,2021,11,Jumat,0,0,,0,0
RPH Pegirikan,2021-11-27,Daging Sapi,Kota Surabaya,kg,89000,False,89000,2021,11,Sabtu,1,0,,0,0
RPH Pegirikan,2021-11-28,Daging Sapi,Kota Surabaya,kg,90000,False,90000,2021,11,Minggu,1,0,,0,0
RPH Pegirikan,2021-11-29,Daging Sapi,Kota Surabaya,kg,89000,False,89000,2021,11,Senin,0,0,,0,0
RPH Pegirikan,2021-11-30,Daging Sapi,Kota Surabaya,kg,90000,False,90000,2021,11,Selasa,0,0,,0,0
RPH Pegirikan,2021-12-01,Daging Sapi,Kota Surabaya,kg,89000,False,89000,2021,12,Rabu,0,0,,0,0
RPH Pegirikan,2021-12-02,Daging Sapi,Kota Surabaya,kg,90000,False,90000,2021,12,Kamis,0,0,,0,0
RPH Pegirikan,2021-12-03,Daging Sapi,Kota Surabaya,kg,90000,False,90000,2021,12,Jumat,0,0,,0,0
RPH Pegirikan,2021-12-04,Daging Sapi,Kota Surabaya,kg,90000,False,90000,2021,12,Sabtu,1,0,,0,0
RPH Pegirikan,2021-12-05,Daging Sapi,Kota Surabaya,kg,90000,False,90000,2021,12,Minggu,1,0,,0,0
RPH Pegirikan,2021-12-06,Daging Sapi,Kota Surabaya,kg,90000,False,90000,2021,12,Senin,0,0,,0,0
RPH Pegirikan,2021-12-07,Daging Sapi,Kota Surabaya,kg,89000,False,89000,2021,12,Selasa,0,0,,0,0
RPH Pegirikan,2021-12-08,Daging Sapi,Kota Surabaya,kg,90000,False,90000,2021,12,Rabu,0,0,,0,0
RPH Pegirikan,2021-12-09,Daging Sapi,Kota Surabaya,kg,90000,False,90000,2021,12,Kamis,0,0,,0,0
RPH Pegirikan,2021-12-10,Daging Sapi,Kota Surabaya,kg,92000,False,92000,2021,12,Jumat,0,0,,0,0
RPH Pegirikan,2021-12-11,Daging Sapi,Kota Surabaya,kg,92000,False,92000,2021,12,Sabtu,1,0,,0,0
RPH Pegirikan,2021-12-12,Daging Sapi,Kota Surabaya,kg,92000,False,92000,2021,12,Minggu,1,0,,0,0
RPH Pegirikan,2021-12-13,Daging Sapi,Kota Surabaya,kg,91000,False,91000,2021,12,Senin,0,0,,0,0
RPH Pegirikan,2021-12-14,Daging Sapi,Kota Surabaya,kg,88000,False,88000,2021,12,Selasa,0,0,,0,0
RPH Pegirikan,2021-12-15,Daging Sapi,Kota Surabaya,kg,90000,False,90000,2021,12,Rabu,0,0,,0,0
RPH Pegirikan,2021-12-16,Daging Sapi,Kota Surabaya,kg,90000,False,90000,2021,12,Kamis,0,0,,0,0
RPH Pegirikan,2021-12-17,Daging Sapi,Kota Surabaya,kg,90000,False,90000,2021,12,Jumat,0,0,,0,0
RPH Pegirikan,2021-12-18,Daging Sapi,Kota Surabaya,kg,90000,False,90000,2021,12,Sabtu,1,0,,0,0
RPH Pegirikan,2021-12-19,Daging Sapi,Kota Surabaya,kg,89000,False,89000,2021,12,Minggu,1,0,,0,0
RPH Pegirikan,2021-12-20,Daging Sapi,Kota Surabaya,kg,90000,False,90000,2021,12,Senin,0,0,,0,0
RPH Pegirikan,2021-12-21,Daging Sapi,Kota Surabaya,kg,88000,False,88000,2021,12,Selasa,0,0,,0,0
RPH Pegirikan,2021-12-22,Daging Sapi,Kota Surabaya,kg,88000,False,88000,2021,12,Rabu,0,0,,0,0
RPH Pegirikan,2021-12-23,Daging Sapi,Kota Surabaya,kg,90000,False,90000,2021,12,Kamis,0,0,,0,0
RPH Pegirikan,2021-12-24,Daging Sapi,Kota Surabaya,kg,90000,False,90000,2021,12,Jumat,0,0,,0,0
RPH Pegirikan,2021-12-25,Daging Sapi,Kota Surabaya,kg,89000,False,89000,2021,12,Sabtu,1,1,Hari Raya Natal,0,0
RPH Pegirikan,2021-12-26,Daging Sapi,Kota Surabaya,kg,89000,False,89000,2021,12,Minggu,1,0,,0,0
RPH Pegirikan,2021-12-27,Daging Sapi,Kota Surabaya,kg,90000,False,90000,2021,12,Senin,0,0,,0,0
RPH Pegirikan,2021-12-28,Daging Sapi,Kota Surabaya,kg,90000,False,90000,2021,12,Selasa,0,0,,0,0
RPH Pegirikan,2021-12-29,Daging Sapi,Kota Surabaya,kg,,True,90000,2021,12,Rabu,0,0,,0,0
RPH Pegirikan,2021-12-30,Daging Sapi,Kota Surabaya,kg,90000,False,90000,2021,12,Kamis,0,0,,0,0
RPH Pegirikan,2021-12-31,Daging Sapi,Kota Surabaya,kg,90000,False,90000,2021,12,Jumat,0,0,,0,0
RPH Pegirikan,2022-01-01,Daging Sapi,Kota Surabaya,kg,90000,False,90000,2022,1,Sabtu,1,1,Tahun Baru Masehi,0,0
RPH Pegirikan,2022-01-02,Daging Sapi,Kota Surabaya,kg,90000,False,90000,2022,1,Minggu,1,0,,0,0
RPH Pegirikan,2022-01-03,Daging Sapi,Kota Surabaya,kg,88000,False,88000,2022,1,Senin,0,0,,0,0
RPH Pegirikan,2022-01-04,Daging Sapi,Kota Surabaya,kg,90000,False,90000,2022,1,Selasa,0,0,,0,0
RPH Pegirikan,2022-01-05,Daging Sapi,Kota Surabaya,kg,90000,False,90000,2022,1,Rabu,0,0,,0,0
RPH Pegirikan,2022-01-06,Daging Sapi,Kota Surabaya,kg,90000,False,90000,2022,1,Kamis,0,0,,0,0
RPH Pegirikan,2022-01-07,Daging Sapi,Kota Surabaya,kg,88000,False,88000,2022,1,Jumat,0,0,,0,0
RPH Pegirikan,2022-01-08,Daging Sapi,Kota Surabaya,kg,89000,False,89000,2022,1,Sabtu,1,0,,0,0
RPH Pegirikan,2022-01-09,Daging Sapi,Kota Surabaya,kg,90000,False,90000,2022,1,Minggu,1,0,,0,0
RPH Pegirikan,2022-01-10,Daging Sapi,Kota Surabaya,kg,90000,False,90000,2022,1,Senin,0,0,,0,0
RPH Pegirikan,2022-01-11,Daging Sapi,Kota Surabaya,kg,90000,False,90000,2022,1,Selasa,0,0,,0,0
RPH Pegirikan,2022-01-12,Daging Sapi,Kota Surabaya,kg,90000,False,90000,2022,1,Rabu,0,0,,0,0
RPH Pegirikan,2022-01-13,Daging Sapi,Kota Surabaya,kg,90000,False,90000,2022,1,Kamis,0,0,,0,0
RPH Pegirikan,2022-01-14,Daging Sapi,Kota Surabaya,kg,90000,False,90000,2022,1,Jumat,0,0,,0,0
RPH Pegirikan,2022-01-15,Daging Sapi,Kota Surabaya,kg,90000,False,90000,2022,1,Sabtu,1,0,,0,0
RPH Pegirikan,2022-01-16,Daging Sapi,Kota Surabaya,kg,90000,False,90000,2022,1,Minggu,1,0,,0,0
RPH Pegirikan,2022-01-17,Daging Sapi,Kota Surabaya,kg,90000,False,90000,2022,1,Senin,0,0,,0,0
RPH Pegirikan,2022-01-18,Daging Sapi,Kota Surabaya,kg,88000,False,88000,2022,1,Selasa,0,0,,0,0
RPH Pegirikan,2022-01-19,Daging Sapi,Kota Surabaya,kg,90000,False,90000,2022,1,Rabu,0,0,,0,0
RPH Pegirikan,2022-01-20,Daging Sapi,Kota Surabaya,kg,90000,False,90000,2022,1,Kamis,0,0,,0,0
RPH Pegirikan,2022-01-21,Daging Sapi,Kota Surabaya,kg,88000,False,88000,2022,1,Jumat,0,0,,0,0
RPH Pegirikan,2022-01-22,Daging Sapi,Kota Surabaya,kg,90000,False,90000,2022,1,Sabtu,1,0,,0,0
RPH Pegirikan,2022-01-23,Daging Sapi,Kota Surabaya,kg,90000,False,90000,2022,1,Minggu,1,0,,0,0
RPH Pegirikan,2022-01-24,Daging Sapi,Kota Surabaya,kg,90000,False,90000,2022,1,Senin,0,0,,0,0
RPH Pegirikan,2022-01-25,Daging Sapi,Kota Surabaya,kg,90000,False,90000,2022,1,Selasa,0,0,,0,0
RPH Pegirikan,2022-01-26,Daging Sapi,Kota Surabaya,kg,90000,False,90000,2022,1,Rabu,0,0,,0,0
RPH Pegirikan,2022-01-27,Daging Sapi,Kota Surabaya,kg,90000,False,90000,2022,1,Kamis,0,0,,0,0
RPH Pegirikan,2022-01-28,Daging Sapi,Kota Surabaya,kg,90000,False,90000,2022,1,Jumat,0,0,,0,0
RPH Pegirikan,2022-01-29,Daging Sapi,Kota Surabaya,kg,90000,False,90000,2022,1,Sabtu,1,0,,0,0
RPH Pegirikan,2022-01-30,Daging Sapi,Kota Surabaya,kg,88000,False,88000,2022,1,Minggu,1,0,,0,0
RPH Pegirikan,2022-01-31,Daging Sapi,Kota Surabaya,kg,88000,False,88000,2022,1,Senin,0,0,,0,0
RPH Pegirikan,2022-02-01,Daging Sapi,Kota Surabaya,kg,90000,False,90000,2022,2,Selasa,0,1,Tahun Baru Imlek,0,0
RPH Pegirikan,2022-02-02,Daging Sapi,Kota Surabaya,kg,89000,False,89000,2022,2,Rabu,0,0,,0,0
RPH Pegirikan,2022-02-03,Daging Sapi,Kota Surabaya,kg,89000,False,89000,2022,2,Kamis,0,0,,0,0
RPH Pegirikan,2022-02-04,Daging Sapi,Kota Surabaya,kg,89000,False,89000,2022,2,Jumat,0,0,,0,0
RPH Pegirikan,2022-02-05,Daging Sapi,Kota Surabaya,kg,89000,False,89000,2022,2,Sabtu,1,0,,0,0
RPH Pegirikan,2022-02-06,Daging Sapi,Kota Surabaya,kg,89000,False,89000,2022,2,Minggu,1,0,,0,0
RPH Pegirikan,2022-02-07,Daging Sapi,Kota Surabaya,kg,90000,False,90000,2022,2,Senin,0,0,,0,0
RPH Pegirikan,2022-02-08,Daging Sapi,Kota Surabaya,kg,90000,False,90000,2022,2,Selasa,0,0,,0,0
RPH Pegirikan,2022-02-09,Daging Sapi,Kota Surabaya,kg,90000,False,90000,2022,2,Rabu,0,0,,0,0
RPH Pegirikan,2022-02-10,Daging Sapi,Kota Surabaya,kg,,True,90000,2022,2,Kamis,0,0,,0,0
RPH Pegirikan,2022-02-11,Daging Sapi,Kota Surabaya,kg,89000,False,89000,2022,2,Jumat,0,0,,0,0
RPH Pegirikan,2022-02-12,Daging Sapi,Kota Surabaya,kg,89000,False,89000,2022,2,Sabtu,1,0,,0,0
RPH Pegirikan,2022-02-13,Daging Sapi,Kota Surabaya,kg,89000,False,89000,2022,2,Minggu,1,0,,0,0
RPH Pegirikan,2022-02-14,Daging Sapi,Kota Surabaya,kg,89000,False,89000,2022,2,Senin,0,0,,0,0
RPH Pegirikan,2022-02-15,Daging Sapi,Kota Surabaya,kg,89000,False,89000,2022,2,Selasa,0,0,,0,0
RPH Pegirikan,2022-02-16,Daging Sapi,Kota Surabaya,kg,90000,False,90000,2022,2,Rabu,0,0,,0,0
RPH Pegirikan,2022-02-17,Daging Sapi,Kota Surabaya,kg,90000,False,90000,2022,2,Kamis,0,0,,0,0
RPH Pegirikan,2022-02-18,Daging Sapi,Kota Surabaya,kg,90000,False,90000,2022,2,Jumat,0,0,,0,0
RPH Pegirikan,2022-02-19,Daging Sapi,Kota Surabaya,kg,90000,False,90000,2022,2,Sabtu,1,0,,0,0
RPH Pegirikan,2022-02-20,Daging Sapi,Kota Surabaya,kg,90000,False,90000,2022,2,Minggu,1,0,,0,0
RPH Pegirikan,2022-02-21,Daging Sapi,Kota Surabaya,kg,90000,False,90000,2022,2,Senin,0,0,,0,0
RPH Pegirikan,2022-02-22,Daging Sapi,Kota Surabaya,kg,90000,False,90000,2022,2,Selasa,0,0,,0,0
RPH Pegirikan,2022-02-23,Daging Sapi,Kota Surabaya,kg,90000,False,90000,2022,2,Rabu,0,0,,0,0
RPH Pegirikan,2022-02-24,Daging Sapi,Kota Surabaya,kg,90000,False,90000,2022,2,Kamis,0,0,,0,0
RPH Pegirikan,2022-02-25,Daging Sapi,Kota Surabaya,kg,90000,False,90000,2022,2,Jumat,0,0,,0,0
RPH Pegirikan,2022-02-26,Daging Sapi,Kota Surabaya,kg,90000,False,90000,2022,2,Sabtu,1,0,,0,0
RPH Pegirikan,2022-02-27,Daging Sapi,Kota Surabaya,kg,90000,False,90000,2022,2,Minggu,1,0,,0,0
RPH Pegirikan,2022-02-28,Daging Sapi,Kota Surabaya,kg,90000,False,90000,2022,2,Senin,0,1,Isra Mikraj Nabi Muhammad,0,0
RPH Pegirikan,2022-03-01,Daging Sapi,Kota Surabaya,kg,90000,False,90000,2022,3,Selasa,0,0,,0,0
RPH Pegirikan,2022-03-02,Daging Sapi,Kota Surabaya,kg,90000,False,90000,2022,3,Rabu,0,0,,0,0
RPH Pegirikan,2022-03-03,Daging Sapi,Kota Surabaya,kg,90000,False,90000,2022,3,Kamis,0,1,Hari Suci Nyepi,0,0
RPH Pegirikan,2022-03-04,Daging Sapi,Kota Surabaya,kg,,True,90000,2022,3,Jumat,0,0,,0,0
RPH Pegirikan,2022-03-05,Daging Sapi,Kota Surabaya,kg,90000,False,90000,2022,3,Sabtu,1,0,,0,0
RPH Pegirikan,2022-03-06,Daging Sapi,Kota Surabaya,kg,90000,False,90000,2022,3,Minggu,1,0,,0,0
RPH Pegirikan,2022-03-07,Daging Sapi,Kota Surabaya,kg,90000,False,90000,2022,3,Senin,0,0,,0,0
RPH Pegirikan,2022-03-08,Daging Sapi,Kota Surabaya,kg,90000,False,90000,2022,3,Selasa,0,0,,0,0
RPH Pegirikan,2022-03-09,Daging Sapi,Kota Surabaya,kg,90000,False,90000,2022,3,Rabu,0,0,,0,0
RPH Pegirikan,2022-03-10,Daging Sapi,Kota Surabaya,kg,90000,False,90000,2022,3,Kamis,0,0,,0,0
RPH Pegirikan,2022-03-11,Daging Sapi,Kota Surabaya,kg,90000,False,90000,2022,3,Jumat,0,0,,0,0
RPH Pegirikan,2022-03-12,Daging Sapi,Kota Surabaya,kg,90000,False,90000,2022,3,Sabtu,1,0,,0,0
RPH Pegirikan,2022-03-13,Daging Sapi,Kota Surabaya,kg,90000,False,90000,2022,3,Minggu,1,0,,0,0
RPH Pegirikan,2022-03-14,Daging Sapi,Kota Surabaya,kg,90000,False,90000,2022,3,Senin,0,0,,0,0
RPH Pegirikan,2022-03-15,Daging Sapi,Kota Surabaya,kg,90000,False,90000,2022,3,Selasa,0,0,,0,0
RPH Pegirikan,2022-03-16,Daging Sapi,Kota Surabaya,kg,90000,False,90000,2022,3,Rabu,0,0,,0,0
RPH Pegirikan,2022-03-17,Daging Sapi,Kota Surabaya,kg,90000,False,90000,2022,3,Kamis,0,0,,0,0
RPH Pegirikan,2022-03-18,Daging Sapi,Kota Surabaya,kg,88000,False,88000,2022,3,Jumat,0,0,,0,0
RPH Pegirikan,2022-03-19,Daging Sapi,Kota Surabaya,kg,88000,False,88000,2022,3,Sabtu,1,0,,0,0
RPH Pegirikan,2022-03-20,Daging Sapi,Kota Surabaya,kg,88000,False,88000,2022,3,Minggu,1,0,,0,1
RPH Pegirikan,2022-03-21,Daging Sapi,Kota Surabaya,kg,,True,88000,2022,3,Senin,0,0,,0,1
RPH Pegirikan,2022-03-22,Daging Sapi,Kota Surabaya,kg,88000,False,88000,2022,3,Selasa,0,0,,0,1
RPH Pegirikan,2022-03-23,Daging Sapi,Kota Surabaya,kg,90000,False,90000,2022,3,Rabu,0,0,,0,1
RPH Pegirikan,2022-03-24,Daging Sapi,Kota Surabaya,kg,90000,False,90000,2022,3,Kamis,0,0,,0,1
RPH Pegirikan,2022-03-25,Daging Sapi,Kota Surabaya,kg,,True,90000,2022,3,Jumat,0,0,,0,1
RPH Pegirikan,2022-03-26,Daging Sapi,Kota Surabaya,kg,90000,False,90000,2022,3,Sabtu,1,0,,0,1
RPH Pegirikan,2022-03-27,Daging Sapi,Kota Surabaya,kg,90000,False,90000,2022,3,Minggu,1,0,,0,1
RPH Pegirikan,2022-03-28,Daging Sapi,Kota Surabaya,kg,90000,False,90000,2022,3,Senin,0,0,,0,1
RPH Pegirikan,2022-03-29,Daging Sapi,Kota Surabaya,kg,90000,False,90000,2022,3,Selasa,0,0,,0,1
RPH Pegirikan,2022-03-30,Daging Sapi,Kota Surabaya,kg,90000,False,90000,2022,3,Rabu,0,0,,0,1
RPH Pegirikan,2022-03-31,Daging Sapi,Kota Surabaya,kg,91000,False,91000,2022,3,Kamis,0,0,,0,1
RPH Pegirikan,2022-04-01,Daging Sapi,Kota Surabaya,kg,90000,False,90000,2022,4,Jumat,0,0,,0,1
RPH Pegirikan,2022-04-02,Daging Sapi,Kota Surabaya,kg,90000,False,90000,2022,4,Sabtu,1,0,,0,1
RPH Pegirikan,2022-04-03,Daging Sapi,Kota Surabaya,kg,90000,False,90000,2022,4,Minggu,1,0,,1,0
RPH Pegirikan,2022-04-04,Daging Sapi,Kota Surabaya,kg,90000,False,90000,2022,4,Senin,0,0,,1,0
RPH Pegirikan,2022-04-05,Daging Sapi,Kota Surabaya,kg,90000,False,90000,2022,4,Selasa,0,0,,1,0
RPH Pegirikan,2022-04-06,Daging Sapi,Kota Surabaya,kg,90000,False,90000,2022,4,Rabu,0,0,,1,0
RPH Pegirikan,2022-04-07,Daging Sapi,Kota Surabaya,kg,91000,False,91000,2022,4,Kamis,0,0,,1,0
RPH Pegirikan,2022-04-08,Daging Sapi,Kota Surabaya,kg,90000,False,90000,2022,4,Jumat,0,0,,1,0
RPH Pegirikan,2022-04-09,Daging Sapi,Kota Surabaya,kg,90000,False,90000,2022,4,Sabtu,1,0,,1,0
RPH Pegirikan,2022-04-10,Daging Sapi,Kota Surabaya,kg,90000,False,90000,2022,4,Minggu,1,0,,1,0
RPH Pegirikan,2022-04-11,Daging Sapi,Kota Surabaya,kg,90000,False,90000,2022,4,Senin,0,0,,1,0
RPH Pegirikan,2022-04-12,Daging Sapi,Kota Surabaya,kg,90000,False,90000,2022,4,Selasa,0,0,,1,0
RPH Pegirikan,2022-04-13,Daging Sapi,Kota Surabaya,kg,90000,False,90000,2022,4,Rabu,0,0,,1,0
RPH Pegirikan,2022-04-14,Daging Sapi,Kota Surabaya,kg,90000,False,90000,2022,4,Kamis,0,0,,1,0
RPH Pegirikan,2022-04-15,Daging Sapi,Kota Surabaya,kg,90000,False,90000,2022,4,Jumat,0,1,Wafat Yesus Kristus,1,0
RPH Pegirikan,2022-04-16,Daging Sapi,Kota Surabaya,kg,90000,False,90000,2022,4,Sabtu,1,0,,1,0
RPH Pegirikan,2022-04-17,Daging Sapi,Kota Surabaya,kg,90000,False,90000,2022,4,Minggu,1,0,,1,0
RPH Pegirikan,2022-04-18,Daging Sapi,Kota Surabaya,kg,90000,False,90000,2022,4,Senin,0,0,,1,0
RPH Pegirikan,2022-04-19,Daging Sapi,Kota Surabaya,kg,90000,False,90000,2022,4,Selasa,0,0,,1,0
RPH Pegirikan,2022-04-20,Daging Sapi,Kota Surabaya,kg,90000,False,90000,2022,4,Rabu,0,0,,1,0
RPH Pegirikan,2022-04-21,Daging Sapi,Kota Surabaya,kg,90000,False,90000,2022,4,Kamis,0,0,,1,0
RPH Pegirikan,2022-04-22,Daging Sapi,Kota Surabaya,kg,90000,False,90000,2022,4,Jumat,0,0,,1,0
RPH Pegirikan,2022-04-23,Daging Sapi,Kota Surabaya,kg,90000,False,90000,2022,4,Sabtu,1,0,,1,0
RPH Pegirikan,2022-04-24,Daging Sapi,Kota Surabaya,kg,90000,False,90000,2022,4,Minggu,1,0,,1,0
RPH Pegirikan,2022-04-25,Daging Sapi,Kota Surabaya,kg,90000,False,90000,2022,4,Senin,0,0,,1,0
RPH Pegirikan,2022-04-26,Daging Sapi,Kota Surabaya,kg,90000,False,90000,2022,4,Selasa,0,0,,1,0
RPH Pegirikan,2022-04-27,Daging Sapi,Kota Surabaya,kg,90000,False,90000,2022,4,Rabu,0,0,,1,0
RPH Pegirikan,2022-04-28,Daging Sapi,Kota Surabaya,kg,90000,False,90000,2022,4,Kamis,0,0,,1,0
RPH Pegirikan,2022-04-29,Daging Sapi,Kota Surabaya,kg,90000,False,90000,2022,4,Jumat,0,1,Cuti Bersama Hari Raya Idul Fitri,1,0
RPH Pegirikan,2022-04-30,Daging Sapi,Kota Surabaya,kg,90000,False,90000,2022,4,Sabtu,1,0,,1,0
RPH Pegirikan,2022-05-01,Daging Sapi,Kota Surabaya,kg,90000,False,90000,2022,5,Minggu,1,1,Hari Buruh Internasional,1,0
RPH Pegirikan,2022-05-02,Daging Sapi,Kota Surabaya,kg,90000,False,90000,2022,5,Senin,0,1,Hari Raya Idul Fitri,0,0
RPH Pegirikan,2022-05-03,Daging Sapi,Kota Surabaya,kg,90000,False,90000,2022,5,Selasa,0,1,Hari kedua dari Hari Raya Idul Fitri,0,0
RPH Pegirikan,2022-05-04,Daging Sapi,Kota Surabaya,kg,90000,False,90000,2022,5,Rabu,0,1,Cuti Bersama Hari Raya Idul Fitri,0,0
RPH Pegirikan,2022-05-05,Daging Sapi,Kota Surabaya,kg,90000,False,90000,2022,5,Kamis,0,1,Cuti Bersama Hari Raya Idul Fitri,0,0
RPH Pegirikan,2022-05-06,Daging Sapi,Kota Surabaya,kg,90000,False,90000,2022,5,Jumat,0,1,Cuti Bersama Hari Raya Idul Fitri,0,0
RPH Pegirikan,2022-05-07,Daging Sapi,Kota Surabaya,kg,90000,False,90000,2022,5,Sabtu,1,0,,0,0
RPH Pegirikan,2022-05-08,Daging Sapi,Kota Surabaya,kg,90000,False,90000,2022,5,Minggu,1,0,,0,0
RPH Pegirikan,2022-05-09,Daging Sapi,Kota Surabaya,kg,90000,False,90000,2022,5,Senin,0,0,,0,0
RPH Pegirikan,2022-05-10,Daging Sapi,Kota Surabaya,kg,90000,False,90000,2022,5,Selasa,0,0,,0,0
RPH Pegirikan,2022-05-11,Daging Sapi,Kota Surabaya,kg,90000,False,90000,2022,5,Rabu,0,0,,0,0
RPH Pegirikan,2022-05-12,Daging Sapi,Kota Surabaya,kg,93000,False,93000,2022,5,Kamis,0,0,,0,0
RPH Pegirikan,2022-05-13,Daging Sapi,Kota Surabaya,kg,93000,False,93000,2022,5,Jumat,0,0,,0,0
RPH Pegirikan,2022-05-14,Daging Sapi,Kota Surabaya,kg,93000,False,93000,2022,5,Sabtu,1,0,,0,0
RPH Pegirikan,2022-05-15,Daging Sapi,Kota Surabaya,kg,93000,False,93000,2022,5,Minggu,1,0,,0,0
RPH Pegirikan,2022-05-16,Daging Sapi,Kota Surabaya,kg,93000,False,93000,2022,5,Senin,0,1,Hari Raya Waisak,0,0
RPH Pegirikan,2022-05-17,Daging Sapi,Kota Surabaya,kg,93000,False,93000,2022,5,Selasa,0,0,,0,0
RPH Pegirikan,2022-05-18,Daging Sapi,Kota Surabaya,kg,93000,False,93000,2022,5,Rabu,0,0,,0,0
RPH Pegirikan,2022-05-19,Daging Sapi,Kota Surabaya,kg,93000,False,93000,2022,5,Kamis,0,0,,0,0
RPH Pegirikan,2022-05-20,Daging Sapi,Kota Surabaya,kg,93000,False,93000,2022,5,Jumat,0,0,,0,0
RPH Pegirikan,2022-05-21,Daging Sapi,Kota Surabaya,kg,93000,False,93000,2022,5,Sabtu,1,0,,0,0
RPH Pegirikan,2022-05-22,Daging Sapi,Kota Surabaya,kg,93000,False,93000,2022,5,Minggu,1,0,,0,0
RPH Pegirikan,2022-05-23,Daging Sapi,Kota Surabaya,kg,93000,False,93000,2022,5,Senin,0,0,,0,0
RPH Pegirikan,2022-05-24,Daging Sapi,Kota Surabaya,kg,93000,False,93000,2022,5,Selasa,0,0,,0,0
RPH Pegirikan,2022-05-25,Daging Sapi,Kota Surabaya,kg,93000,False,93000,2022,5,Rabu,0,0,,0,0
RPH Pegirikan,2022-05-26,Daging Sapi,Kota Surabaya,kg,93000,False,93000,2022,5,Kamis,0,1,Kenaikan Yesus Kristus,0,0
RPH Pegirikan,2022-05-27,Daging Sapi,Kota Surabaya,kg,93000,False,93000,2022,5,Jumat,0,0,,0,0
RPH Pegirikan,2022-05-28,Daging Sapi,Kota Surabaya,kg,93000,False,93000,2022,5,Sabtu,1,0,,0,0
RPH Pegirikan,2022-05-29,Daging Sapi,Kota Surabaya,kg,93000,False,93000,2022,5,Minggu,1,0,,0,0
RPH Pegirikan,2022-05-30,Daging Sapi,Kota Surabaya,kg,93000,False,93000,2022,5,Senin,0,0,,0,0
RPH Pegirikan,2022-05-31,Daging Sapi,Kota Surabaya,kg,93000,False,93000,2022,5,Selasa,0,0,,0,0
RPH Pegirikan,2022-06-01,Daging Sapi,Kota Surabaya,kg,93000,False,93000,2022,6,Rabu,0,1,Hari Lahir Pancasila,0,0
RPH Pegirikan,2022-06-02,Daging Sapi,Kota Surabaya,kg,93000,False,93000,2022,6,Kamis,0,0,,0,0
RPH Pegirikan,2022-06-03,Daging Sapi,Kota Surabaya,kg,93000,False,93000,2022,6,Jumat,0,0,,0,0
RPH Pegirikan,2022-06-04,Daging Sapi,Kota Surabaya,kg,93000,False,93000,2022,6,Sabtu,1,0,,0,0
RPH Pegirikan,2022-06-05,Daging Sapi,Kota Surabaya,kg,93000,False,93000,2022,6,Minggu,1,0,,0,0
RPH Pegirikan,2022-06-06,Daging Sapi,Kota Surabaya,kg,93000,False,93000,2022,6,Senin,0,0,,0,0
RPH Pegirikan,2022-06-07,Daging Sapi,Kota Surabaya,kg,93000,False,93000,2022,6,Selasa,0,0,,0,0
RPH Pegirikan,2022-06-08,Daging Sapi,Kota Surabaya,kg,93000,False,93000,2022,6,Rabu,0,0,,0,0
RPH Pegirikan,2022-06-09,Daging Sapi,Kota Surabaya,kg,93000,False,93000,2022,6,Kamis,0,0,,0,0
RPH Pegirikan,2022-06-10,Daging Sapi,Kota Surabaya,kg,93000,False,93000,2022,6,Jumat,0,0,,0,0
RPH Pegirikan,2022-06-11,Daging Sapi,Kota Surabaya,kg,93000,False,93000,2022,6,Sabtu,1,0,,0,0
RPH Pegirikan,2022-06-12,Daging Sapi,Kota Surabaya,kg,93000,False,93000,2022,6,Minggu,1,0,,0,0
RPH Pegirikan,2022-06-13,Daging Sapi,Kota Surabaya,kg,93000,False,93000,2022,6,Senin,0,0,,0,0
RPH Pegirikan,2022-06-14,Daging Sapi,Kota Surabaya,kg,93000,False,93000,2022,6,Selasa,0,0,,0,0
RPH Pegirikan,2022-06-15,Daging Sapi,Kota Surabaya,kg,93000,False,93000,2022,6,Rabu,0,0,,0,0
RPH Pegirikan,2022-06-16,Daging Sapi,Kota Surabaya,kg,93000,False,93000,2022,6,Kamis,0,0,,0,0
RPH Pegirikan,2022-06-17,Daging Sapi,Kota Surabaya,kg,93000,False,93000,2022,6,Jumat,0,0,,0,0
RPH Pegirikan,2022-06-18,Daging Sapi,Kota Surabaya,kg,93000,False,93000,2022,6,Sabtu,1,0,,0,0
RPH Pegirikan,2022-06-19,Daging Sapi,Kota Surabaya,kg,93000,False,93000,2022,6,Minggu,1,0,,0,0
RPH Pegirikan,2022-06-20,Daging Sapi,Kota Surabaya,kg,93000,False,93000,2022,6,Senin,0,0,,0,0
RPH Pegirikan,2022-06-21,Daging Sapi,Kota Surabaya,kg,93000,False,93000,2022,6,Selasa,0,0,,0,0
RPH Pegirikan,2022-06-22,Daging Sapi,Kota Surabaya,kg,93000,False,93000,2022,6,Rabu,0,0,,0,0
RPH Pegirikan,2022-06-23,Daging Sapi,Kota Surabaya,kg,93000,False,93000,2022,6,Kamis,0,0,,0,0
RPH Pegirikan,2022-06-24,Daging Sapi,Kota Surabaya,kg,93000,False,93000,2022,6,Jumat,0,0,,0,0
RPH Pegirikan,2022-06-25,Daging Sapi,Kota Surabaya,kg,93000,False,93000,2022,6,Sabtu,1,0,,0,0
RPH Pegirikan,2022-06-26,Daging Sapi,Kota Surabaya,kg,93000,False,93000,2022,6,Minggu,1,0,,0,0
RPH Pegirikan,2022-06-27,Daging Sapi,Kota Surabaya,kg,93000,False,93000,2022,6,Senin,0,0,,0,0
RPH Pegirikan,2022-06-28,Daging Sapi,Kota Surabaya,kg,93000,False,93000,2022,6,Selasa,0,0,,0,0
RPH Pegirikan,2022-06-29,Daging Sapi,Kota Surabaya,kg,93000,False,93000,2022,6,Rabu,0,0,,0,0
RPH Pegirikan,2022-06-30,Daging Sapi,Kota Surabaya,kg,93000,False,93000,2022,6,Kamis,0,0,,0,0
RPH Pegirikan,2022-07-01,Daging Sapi,Kota Surabaya,kg,93000,False,93000,2022,7,Jumat,0,0,,0,0
RPH Pegirikan,2022-07-02,Daging Sapi,Kota Surabaya,kg,93000,False,93000,2022,7,Sabtu,1,0,,0,0
RPH Pegirikan,2022-07-03,Daging Sapi,Kota Surabaya,kg,63000,False,63000,2022,7,Minggu,1,0,,0,0
RPH Pegirikan,2022-07-04,Daging Sapi,Kota Surabaya,kg,93000,False,93000,2022,7,Senin,0,0,,0,0
RPH Pegirikan,2022-07-05,Daging Sapi,Kota Surabaya,kg,63000,False,63000,2022,7,Selasa,0,0,,0,0
RPH Pegirikan,2022-07-06,Daging Sapi,Kota Surabaya,kg,63000,False,63000,2022,7,Rabu,0,0,,0,0
RPH Pegirikan,2022-07-07,Daging Sapi,Kota Surabaya,kg,63000,False,63000,2022,7,Kamis,0,0,,0,0
RPH Pegirikan,2022-07-08,Daging Sapi,Kota Surabaya,kg,63000,False,63000,2022,7,Jumat,0,0,,0,0
RPH Pegirikan,2022-07-09,Daging Sapi,Kota Surabaya,kg,93000,False,93000,2022,7,Sabtu,1,0,,0,0
RPH Pegirikan,2022-07-10,Daging Sapi,Kota Surabaya,kg,63000,False,63000,2022,7,Minggu,1,1,Hari Raya Idul Adha,0,0
RPH Pegirikan,2022-07-11,Daging Sapi,Kota Surabaya,kg,63000,False,63000,2022,7,Senin,0,0,,0,0
RPH Pegirikan,2022-07-12,Daging Sapi,Kota Surabaya,kg,63000,False,63000,2022,7,Selasa,0,0,,0,0
RPH Pegirikan,2022-07-13,Daging Sapi,Kota Surabaya,kg,63000,False,63000,2022,7,Rabu,0,0,,0,0
RPH Pegirikan,2022-07-14,Daging Sapi,Kota Surabaya,kg,63000,False,63000,2022,7,Kamis,0,0,,0,0
RPH Pegirikan,2022-07-15,Daging Sapi,Kota Surabaya,kg,63000,False,63000,2022,7,Jumat,0,0,,0,0
RPH Pegirikan,2022-07-16,Daging Sapi,Kota Surabaya,kg,93000,False,93000,2022,7,Sabtu,1,0,,0,0
RPH Pegirikan,2022-07-17,Daging Sapi,Kota Surabaya,kg,93000,False,93000,2022,7,Minggu,1,0,,0,0
RPH Pegirikan,2022-07-18,Daging Sapi,Kota Surabaya,kg,63000,False,63000,2022,7,Senin,0,0,,0,0
RPH Pegirikan,2022-07-19,Daging Sapi,Kota Surabaya,kg,63000,False,63000,2022,7,Selasa,0,0,,0,0
RPH Pegirikan,2022-07-20,Daging Sapi,Kota Surabaya,kg,63000,False,63000,2022,7,Rabu,0,0,,0,0
RPH Pegirikan,2022-07-21,Daging Sapi,Kota Surabaya,kg,93000,False,93000,2022,7,Kamis,0,0,,0,0
RPH Pegirikan,2022-07-22,Daging Sapi,Kota Surabaya,kg,93000,False,93000,2022,7,Jumat,0,0,,0,0
RPH Pegirikan,2022-07-23,Daging Sapi,Kota Surabaya,kg,93000,False,93000,2022,7,Sabtu,1,0,,0,0
RPH Pegirikan,2022-07-24,Daging Sapi,Kota Surabaya,kg,93000,False,93000,2022,7,Minggu,1,0,,0,0
RPH Pegirikan,2022-07-25,Daging Sapi,Kota Surabaya,kg,93000,False,93000,2022,7,Senin,0,0,,0,0
RPH Pegirikan,2022-07-26,Daging Sapi,Kota Surabaya,kg,63000,False,63000,2022,7,Selasa,0,0,,0,0
RPH Pegirikan,2022-07-27,Daging Sapi,Kota Surabaya,kg,63000,False,63000,2022,7,Rabu,0,0,,0,0
RPH Pegirikan,2022-07-28,Daging Sapi,Kota Surabaya,kg,63000,False,63000,2022,7,Kamis,0,0,,0,0
RPH Pegirikan,2022-07-29,Daging Sapi,Kota Surabaya,kg,63000,False,63000,2022,7,Jumat,0,0,,0,0
RPH Pegirikan,2022-07-30,Daging Sapi,Kota Surabaya,kg,63000,False,63000,2022,7,Sabtu,1,1,Tahun Baru Islam,0,0
RPH Pegirikan,2022-07-31,Daging Sapi,Kota Surabaya,kg,63000,False,63000,2022,7,Minggu,1,0,,0,0
RPH Pegirikan,2022-08-01,Daging Sapi,Kota Surabaya,kg,63000,False,63000,2022,8,Senin,0,0,,0,0
RPH Pegirikan,2022-08-02,Daging Sapi,Kota Surabaya,kg,63000,False,63000,2022,8,Selasa,0,0,,0,0
RPH Pegirikan,2022-08-03,Daging Sapi,Kota Surabaya,kg,95000,False,95000,2022,8,Rabu,0,0,,0,0
RPH Pegirikan,2022-08-04,Daging Sapi,Kota Surabaya,kg,95000,False,95000,2022,8,Kamis,0,0,,0,0
RPH Pegirikan,2022-08-05,Daging Sapi,Kota Surabaya,kg,95000,False,95000,2022,8,Jumat,0,0,,0,0
RPH Pegirikan,2022-08-06,Daging Sapi,Kota Surabaya,kg,95000,False,95000,2022,8,Sabtu,1,0,,0,0
RPH Pegirikan,2022-08-07,Daging Sapi,Kota Surabaya,kg,95000,False,95000,2022,8,Minggu,1,0,,0,0
RPH Pegirikan,2022-08-08,Daging Sapi,Kota Surabaya,kg,95000,False,95000,2022,8,Senin,0,0,,0,0
RPH Pegirikan,2022-08-09,Daging Sapi,Kota Surabaya,kg,95000,False,95000,2022,8,Selasa,0,0,,0,0
RPH Pegirikan,2022-08-10,Daging Sapi,Kota Surabaya,kg,95000,False,95000,2022,8,Rabu,0,0,,0,0
RPH Pegirikan,2022-08-11,Daging Sapi,Kota Surabaya,kg,95000,False,95000,2022,8,Kamis,0,0,,0,0
RPH Pegirikan,2022-08-12,Daging Sapi,Kota Surabaya,kg,95000,False,95000,2022,8,Jumat,0,0,,0,0
RPH Pegirikan,2022-08-13,Daging Sapi,Kota Surabaya,kg,95000,False,95000,2022,8,Sabtu,1,0,,0,0
RPH Pegirikan,2022-08-14,Daging Sapi,Kota Surabaya,kg,95000,False,95000,2022,8,Minggu,1,0,,0,0
RPH Pegirikan,2022-08-15,Daging Sapi,Kota Surabaya,kg,95000,False,95000,2022,8,Senin,0,0,,0,0
RPH Pegirikan,2022-08-16,Daging Sapi,Kota Surabaya,kg,95000,False,95000,2022,8,Selasa,0,0,,0,0
RPH Pegirikan,2022-08-17,Daging Sapi,Kota Surabaya,kg,95000,False,95000,2022,8,Rabu,0,1,Hari Kemerdekaan Republik Indonesia,0,0
RPH Pegirikan,2022-08-18,Daging Sapi,Kota Surabaya,kg,95000,False,95000,2022,8,Kamis,0,0,,0,0
RPH Pegirikan,2022-08-19,Daging Sapi,Kota Surabaya,kg,95000,False,95000,2022,8,Jumat,0,0,,0,0
RPH Pegirikan,2022-08-20,Daging Sapi,Kota Surabaya,kg,95000,False,95000,2022,8,Sabtu,1,0,,0,0
RPH Pegirikan,2022-08-21,Daging Sapi,Kota Surabaya,kg,95000,False,95000,2022,8,Minggu,1,0,,0,0
RPH Pegirikan,2022-08-22,Daging Sapi,Kota Surabaya,kg,95000,False,95000,2022,8,Senin,0,0,,0,0
RPH Pegirikan,2022-08-23,Daging Sapi,Kota Surabaya,kg,95000,False,95000,2022,8,Selasa,0,0,,0,0
RPH Pegirikan,2022-08-24,Daging Sapi,Kota Surabaya,kg,95000,False,95000,2022,8,Rabu,0,0,,0,0
RPH Pegirikan,2022-08-25,Daging Sapi,Kota Surabaya,kg,95000,False,95000,2022,8,Kamis,0,0,,0,0
RPH Pegirikan,2022-08-26,Daging Sapi,Kota Surabaya,kg,95000,False,95000,2022,8,Jumat,0,0,,0,0
RPH Pegirikan,2022-08-27,Daging Sapi,Kota Surabaya,kg,95000,False,95000,2022,8,Sabtu,1,0,,0,0
RPH Pegirikan,2022-08-28,Daging Sapi,Kota Surabaya,kg,95000,False,95000,2022,8,Minggu,1,0,,0,0
RPH Pegirikan,2022-08-29,Daging Sapi,Kota Surabaya,kg,95000,False,95000,2022,8,Senin,0,0,,0,0
RPH Pegirikan,2022-08-30,Daging Sapi,Kota Surabaya,kg,95000,False,95000,2022,8,Selasa,0,0,,0,0
RPH Pegirikan,2022-08-31,Daging Sapi,Kota Surabaya,kg,95000,False,95000,2022,8,Rabu,0,0,,0,0
RPH Pegirikan,2022-09-01,Daging Sapi,Kota Surabaya,kg,95000,False,95000,2022,9,Kamis,0,0,,0,0
RPH Pegirikan,2022-09-02,Daging Sapi,Kota Surabaya,kg,95000,False,95000,2022,9,Jumat,0,0,,0,0
RPH Pegirikan,2022-09-03,Daging Sapi,Kota Surabaya,kg,95000,False,95000,2022,9,Sabtu,1,0,,0,0
RPH Pegirikan,2022-09-04,Daging Sapi,Kota Surabaya,kg,95000,False,95000,2022,9,Minggu,1,0,,0,0
RPH Pegirikan,2022-09-05,Daging Sapi,Kota Surabaya,kg,95000,False,95000,2022,9,Senin,0,0,,0,0
RPH Pegirikan,2022-09-06,Daging Sapi,Kota Surabaya,kg,95000,False,95000,2022,9,Selasa,0,0,,0,0
RPH Pegirikan,2022-09-07,Daging Sapi,Kota Surabaya,kg,95000,False,95000,2022,9,Rabu,0,0,,0,0
RPH Pegirikan,2022-09-08,Daging Sapi,Kota Surabaya,kg,95000,False,95000,2022,9,Kamis,0,0,,0,0
RPH Pegirikan,2022-09-09,Daging Sapi,Kota Surabaya,kg,95000,False,95000,2022,9,Jumat,0,0,,0,0
RPH Pegirikan,2022-09-10,Daging Sapi,Kota Surabaya,kg,95000,False,95000,2022,9,Sabtu,1,0,,0,0
RPH Pegirikan,2022-09-11,Daging Sapi,Kota Surabaya,kg,95000,False,95000,2022,9,Minggu,1,0,,0,0
RPH Pegirikan,2022-09-12,Daging Sapi,Kota Surabaya,kg,95000,False,95000,2022,9,Senin,0,0,,0,0
RPH Pegirikan,2022-09-13,Daging Sapi,Kota Surabaya,kg,95000,False,95000,2022,9,Selasa,0,0,,0,0
RPH Pegirikan,2022-09-14,Daging Sapi,Kota Surabaya,kg,,True,95000,2022,9,Rabu,0,0,,0,0
RPH Pegirikan,2022-09-15,Daging Sapi,Kota Surabaya,kg,95000,False,95000,2022,9,Kamis,0,0,,0,0
RPH Pegirikan,2022-09-16,Daging Sapi,Kota Surabaya,kg,95000,False,95000,2022,9,Jumat,0,0,,0,0
RPH Pegirikan,2022-09-17,Daging Sapi,Kota Surabaya,kg,95000,False,95000,2022,9,Sabtu,1,0,,0,0
RPH Pegirikan,2022-09-18,Daging Sapi,Kota Surabaya,kg,95000,False,95000,2022,9,Minggu,1,0,,0,0
RPH Pegirikan,2022-09-19,Daging Sapi,Kota Surabaya,kg,95000,False,95000,2022,9,Senin,0,0,,0,0
RPH Pegirikan,2022-09-20,Daging Sapi,Kota Surabaya,kg,95000,False,95000,2022,9,Selasa,0,0,,0,0
RPH Pegirikan,2022-09-21,Daging Sapi,Kota Surabaya,kg,95000,False,95000,2022,9,Rabu,0,0,,0,0
RPH Pegirikan,2022-09-22,Daging Sapi,Kota Surabaya,kg,95000,False,95000,2022,9,Kamis,0,0,,0,0
RPH Pegirikan,2022-09-23,Daging Sapi,Kota Surabaya,kg,95000,False,95000,2022,9,Jumat,0,0,,0,0
RPH Pegirikan,2022-09-24,Daging Sapi,Kota Surabaya,kg,95000,False,95000,2022,9,Sabtu,1,0,,0,0
RPH Pegirikan,2022-09-25,Daging Sapi,Kota Surabaya,kg,95000,False,95000,2022,9,Minggu,1,0,,0,0
RPH Pegirikan,2022-09-26,Daging Sapi,Kota Surabaya,kg,95000,False,95000,2022,9,Senin,0,0,,0,0
RPH Pegirikan,2022-09-27,Daging Sapi,Kota Surabaya,kg,95000,False,95000,2022,9,Selasa,0,0,,0,0
RPH Pegirikan,2022-09-28,Daging Sapi,Kota Surabaya,kg,95000,False,95000,2022,9,Rabu,0,0,,0,0
RPH Pegirikan,2022-09-29,Daging Sapi,Kota Surabaya,kg,95000,False,95000,2022,9,Kamis,0,0,,0,0
RPH Pegirikan,2022-09-30,Daging Sapi,Kota Surabaya,kg,95000,False,95000,2022,9,Jumat,0,0,,0,0
RPH Pegirikan,2022-10-01,Daging Sapi,Kota Surabaya,kg,95000,False,95000,2022,10,Sabtu,1,0,,0,0
RPH Pegirikan,2022-10-02,Daging Sapi,Kota Surabaya,kg,95000,False,95000,2022,10,Minggu,1,0,,0,0
RPH Pegirikan,2022-10-03,Daging Sapi,Kota Surabaya,kg,95000,False,95000,2022,10,Senin,0,0,,0,0
RPH Pegirikan,2022-10-04,Daging Sapi,Kota Surabaya,kg,95000,False,95000,2022,10,Selasa,0,0,,0,0
RPH Pegirikan,2022-10-05,Daging Sapi,Kota Surabaya,kg,95000,False,95000,2022,10,Rabu,0,0,,0,0
RPH Pegirikan,2022-10-06,Daging Sapi,Kota Surabaya,kg,95000,False,95000,2022,10,Kamis,0,0,,0,0
RPH Pegirikan,2022-10-07,Daging Sapi,Kota Surabaya,kg,95000,False,95000,2022,10,Jumat,0,0,,0,0
RPH Pegirikan,2022-10-08,Daging Sapi,Kota Surabaya,kg,95000,False,95000,2022,10,Sabtu,1,1,Maulid Nabi Muhammad,0,0
RPH Pegirikan,2022-10-09,Daging Sapi,Kota Surabaya,kg,95000,False,95000,2022,10,Minggu,1,0,,0,0
RPH Pegirikan,2022-10-10,Daging Sapi,Kota Surabaya,kg,95000,False,95000,2022,10,Senin,0,0,,0,0
RPH Pegirikan,2022-10-11,Daging Sapi,Kota Surabaya,kg,95000,False,95000,2022,10,Selasa,0,0,,0,0
RPH Pegirikan,2022-10-12,Daging Sapi,Kota Surabaya,kg,95000,False,95000,2022,10,Rabu,0,0,,0,0
RPH Pegirikan,2022-10-13,Daging Sapi,Kota Surabaya,kg,95000,False,95000,2022,10,Kamis,0,0,,0,0
RPH Pegirikan,2022-10-14,Daging Sapi,Kota Surabaya,kg,95000,False,95000,2022,10,Jumat,0,0,,0,0
RPH Pegirikan,2022-10-15,Daging Sapi,Kota Surabaya,kg,95000,False,95000,2022,10,Sabtu,1,0,,0,0
RPH Pegirikan,2022-10-16,Daging Sapi,Kota Surabaya,kg,95000,False,95000,2022,10,Minggu,1,0,,0,0
RPH Pegirikan,2022-10-17,Daging Sapi,Kota Surabaya,kg,95000,False,95000,2022,10,Senin,0,0,,0,0
RPH Pegirikan,2022-10-18,Daging Sapi,Kota Surabaya,kg,95000,False,95000,2022,10,Selasa,0,0,,0,0
RPH Pegirikan,2022-10-19,Daging Sapi,Kota Surabaya,kg,95000,False,95000,2022,10,Rabu,0,0,,0,0
RPH Pegirikan,2022-10-20,Daging Sapi,Kota Surabaya,kg,95000,False,95000,2022,10,Kamis,0,0,,0,0
RPH Pegirikan,2022-10-21,Daging Sapi,Kota Surabaya,kg,95000,False,95000,2022,10,Jumat,0,0,,0,0
RPH Pegirikan,2022-10-22,Daging Sapi,Kota Surabaya,kg,95000,False,95000,2022,10,Sabtu,1,0,,0,0
RPH Pegirikan,2022-10-23,Daging Sapi,Kota Surabaya,kg,95000,False,95000,2022,10,Minggu,1,0,,0,0
RPH Pegirikan,2022-10-24,Daging Sapi,Kota Surabaya,kg,95000,False,95000,2022,10,Senin,0,0,,0,0
RPH Pegirikan,2022-10-25,Daging Sapi,Kota Surabaya,kg,95000,False,95000,2022,10,Selasa,0,0,,0,0
RPH Pegirikan,2022-10-26,Daging Sapi,Kota Surabaya,kg,95000,False,95000,2022,10,Rabu,0,0,,0,0
RPH Pegirikan,2022-10-27,Daging Sapi,Kota Surabaya,kg,95000,False,95000,2022,10,Kamis,0,0,,0,0
RPH Pegirikan,2022-10-28,Daging Sapi,Kota Surabaya,kg,95000,False,95000,2022,10,Jumat,0,0,,0,0
RPH Pegirikan,2022-10-29,Daging Sapi,Kota Surabaya,kg,95000,False,95000,2022,10,Sabtu,1,0,,0,0
RPH Pegirikan,2022-10-30,Daging Sapi,Kota Surabaya,kg,95000,False,95000,2022,10,Minggu,1,0,,0,0
RPH Pegirikan,2022-10-31,Daging Sapi,Kota Surabaya,kg,95000,False,95000,2022,10,Senin,0,0,,0,0
RPH Pegirikan,2022-11-01,Daging Sapi,Kota Surabaya,kg,95000,False,95000,2022,11,Selasa,0,0,,0,0
RPH Pegirikan,2022-11-02,Daging Sapi,Kota Surabaya,kg,95000,False,95000,2022,11,Rabu,0,0,,0,0
RPH Pegirikan,2022-11-03,Daging Sapi,Kota Surabaya,kg,95000,False,95000,2022,11,Kamis,0,0,,0,0
RPH Pegirikan,2022-11-04,Daging Sapi,Kota Surabaya,kg,95000,False,95000,2022,11,Jumat,0,0,,0,0
RPH Pegirikan,2022-11-05,Daging Sapi,Kota Surabaya,kg,95000,False,95000,2022,11,Sabtu,1,0,,0,0
RPH Pegirikan,2022-11-06,Daging Sapi,Kota Surabaya,kg,95000,False,95000,2022,11,Minggu,1,0,,0,0
RPH Pegirikan,2022-11-07,Daging Sapi,Kota Surabaya,kg,95000,False,95000,2022,11,Senin,0,0,,0,0
RPH Pegirikan,2022-11-08,Daging Sapi,Kota Surabaya,kg,95000,False,95000,2022,11,Selasa,0,0,,0,0
RPH Pegirikan,2022-11-09,Daging Sapi,Kota Surabaya,kg,95000,False,95000,2022,11,Rabu,0,0,,0,0
RPH Pegirikan,2022-11-10,Daging Sapi,Kota Surabaya,kg,95000,False,95000,2022,11,Kamis,0,0,,0,0
RPH Pegirikan,2022-11-11,Daging Sapi,Kota Surabaya,kg,95000,False,95000,2022,11,Jumat,0,0,,0,0
RPH Pegirikan,2022-11-12,Daging Sapi,Kota Surabaya,kg,95000,False,95000,2022,11,Sabtu,1,0,,0,0
RPH Pegirikan,2022-11-13,Daging Sapi,Kota Surabaya,kg,95000,False,95000,2022,11,Minggu,1,0,,0,0
RPH Pegirikan,2022-11-14,Daging Sapi,Kota Surabaya,kg,95000,False,95000,2022,11,Senin,0,0,,0,0
RPH Pegirikan,2022-11-15,Daging Sapi,Kota Surabaya,kg,95000,False,95000,2022,11,Selasa,0,0,,0,0
RPH Pegirikan,2022-11-16,Daging Sapi,Kota Surabaya,kg,95000,False,95000,2022,11,Rabu,0,0,,0,0
RPH Pegirikan,2022-11-17,Daging Sapi,Kota Surabaya,kg,95000,False,95000,2022,11,Kamis,0,0,,0,0
RPH Pegirikan,2022-11-18,Daging Sapi,Kota Surabaya,kg,95000,False,95000,2022,11,Jumat,0,0,,0,0
RPH Pegirikan,2022-11-19,Daging Sapi,Kota Surabaya,kg,95000,False,95000,2022,11,Sabtu,1,0,,0,0
RPH Pegirikan,2022-11-20,Daging Sapi,Kota Surabaya,kg,95000,False,95000,2022,11,Minggu,1,0,,0,0
RPH Pegirikan,2022-11-21,Daging Sapi,Kota Surabaya,kg,95000,False,95000,2022,11,Senin,0,0,,0,0
RPH Pegirikan,2022-11-22,Daging Sapi,Kota Surabaya,kg,95000,False,95000,2022,11,Selasa,0,0,,0,0
RPH Pegirikan,2022-11-23,Daging Sapi,Kota Surabaya,kg,95000,False,95000,2022,11,Rabu,0,0,,0,0
RPH Pegirikan,2022-11-24,Daging Sapi,Kota Surabaya,kg,95000,False,95000,2022,11,Kamis,0,0,,0,0
RPH Pegirikan,2022-11-25,Daging Sapi,Kota Surabaya,kg,95000,False,95000,2022,11,Jumat,0,0,,0,0
RPH Pegirikan,2022-11-26,Daging Sapi,Kota Surabaya,kg,95000,False,95000,2022,11,Sabtu,1,0,,0,0
RPH Pegirikan,2022-11-27,Daging Sapi,Kota Surabaya,kg,95000,False,95000,2022,11,Minggu,1,0,,0,0
RPH Pegirikan,2022-11-28,Daging Sapi,Kota Surabaya,kg,95000,False,95000,2022,11,Senin,0,0,,0,0
RPH Pegirikan,2022-11-29,Daging Sapi,Kota Surabaya,kg,95000,False,95000,2022,11,Selasa,0,0,,0,0
RPH Pegirikan,2022-11-30,Daging Sapi,Kota Surabaya,kg,95000,False,95000,2022,11,Rabu,0,0,,0,0
RPH Pegirikan,2022-12-01,Daging Sapi,Kota Surabaya,kg,95000,False,95000,2022,12,Kamis,0,0,,0,0
RPH Pegirikan,2022-12-02,Daging Sapi,Kota Surabaya,kg,95000,False,95000,2022,12,Jumat,0,0,,0,0
RPH Pegirikan,2022-12-03,Daging Sapi,Kota Surabaya,kg,95000,False,95000,2022,12,Sabtu,1,0,,0,0
RPH Pegirikan,2022-12-04,Daging Sapi,Kota Surabaya,kg,95000,False,95000,2022,12,Minggu,1,0,,0,0
RPH Pegirikan,2022-12-05,Daging Sapi,Kota Surabaya,kg,95000,False,95000,2022,12,Senin,0,0,,0,0
RPH Pegirikan,2022-12-06,Daging Sapi,Kota Surabaya,kg,95000,False,95000,2022,12,Selasa,0,0,,0,0
RPH Pegirikan,2022-12-07,Daging Sapi,Kota Surabaya,kg,95000,False,95000,2022,12,Rabu,0,0,,0,0
RPH Pegirikan,2022-12-08,Daging Sapi,Kota Surabaya,kg,95000,False,95000,2022,12,Kamis,0,0,,0,0
RPH Pegirikan,2022-12-09,Daging Sapi,Kota Surabaya,kg,95000,False,95000,2022,12,Jumat,0,0,,0,0
RPH Pegirikan,2022-12-10,Daging Sapi,Kota Surabaya,kg,95000,False,95000,2022,12,Sabtu,1,0,,0,0
RPH Pegirikan,2022-12-11,Daging Sapi,Kota Surabaya,kg,95000,False,95000,2022,12,Minggu,1,0,,0,0
RPH Pegirikan,2022-12-12,Daging Sapi,Kota Surabaya,kg,95000,False,95000,2022,12,Senin,0,0,,0,0
RPH Pegirikan,2022-12-13,Daging Sapi,Kota Surabaya,kg,95000,False,95000,2022,12,Selasa,0,0,,0,0
RPH Pegirikan,2022-12-14,Daging Sapi,Kota Surabaya,kg,95000,False,95000,2022,12,Rabu,0,0,,0,0
RPH Pegirikan,2022-12-15,Daging Sapi,Kota Surabaya,kg,95000,False,95000,2022,12,Kamis,0,0,,0,0
RPH Pegirikan,2022-12-16,Daging Sapi,Kota Surabaya,kg,95000,False,95000,2022,12,Jumat,0,0,,0,0
RPH Pegirikan,2022-12-17,Daging Sapi,Kota Surabaya,kg,95000,False,95000,2022,12,Sabtu,1,0,,0,0
RPH Pegirikan,2022-12-18,Daging Sapi,Kota Surabaya,kg,95000,False,95000,2022,12,Minggu,1,0,,0,0
RPH Pegirikan,2022-12-19,Daging Sapi,Kota Surabaya,kg,95000,False,95000,2022,12,Senin,0,0,,0,0
RPH Pegirikan,2022-12-20,Daging Sapi,Kota Surabaya,kg,95000,False,95000,2022,12,Selasa,0,0,,0,0
RPH Pegirikan,2022-12-21,Daging Sapi,Kota Surabaya,kg,95000,False,95000,2022,12,Rabu,0,0,,0,0
RPH Pegirikan,2022-12-22,Daging Sapi,Kota Surabaya,kg,95000,False,95000,2022,12,Kamis,0,0,,0,0
RPH Pegirikan,2022-12-23,Daging Sapi,Kota Surabaya,kg,95000,False,95000,2022,12,Jumat,0,0,,0,0
RPH Pegirikan,2022-12-24,Daging Sapi,Kota Surabaya,kg,95000,False,95000,2022,12,Sabtu,1,0,,0,0
RPH Pegirikan,2022-12-25,Daging Sapi,Kota Surabaya,kg,95000,False,95000,2022,12,Minggu,1,1,Hari Raya Natal,0,0
RPH Pegirikan,2022-12-26,Daging Sapi,Kota Surabaya,kg,95000,False,95000,2022,12,Senin,0,0,,0,0
RPH Pegirikan,2022-12-27,Daging Sapi,Kota Surabaya,kg,95000,False,95000,2022,12,Selasa,0,0,,0,0
RPH Pegirikan,2022-12-28,Daging Sapi,Kota Surabaya,kg,95000,False,95000,2022,12,Rabu,0,0,,0,0
RPH Pegirikan,2022-12-29,Daging Sapi,Kota Surabaya,kg,95000,False,95000,2022,12,Kamis,0,0,,0,0
RPH Pegirikan,2022-12-30,Daging Sapi,Kota Surabaya,kg,95000,False,95000,2022,12,Jumat,0,0,,0,0
RPH Pegirikan,2022-12-31,Daging Sapi,Kota Surabaya,kg,95000,False,95000,2022,12,Sabtu,1,0,,0,0
RPH Pegirikan,2023-01-01,Daging Sapi,Kota Surabaya,kg,,True,95000,2023,1,Minggu,1,1,Tahun Baru Masehi,0,0
RPH Pegirikan,2023-01-02,Daging Sapi,Kota Surabaya,kg,95000,False,95000,2023,1,Senin,0,0,,0,0
RPH Pegirikan,2023-01-03,Daging Sapi,Kota Surabaya,kg,95000,False,95000,2023,1,Selasa,0,0,,0,0
RPH Pegirikan,2023-01-04,Daging Sapi,Kota Surabaya,kg,95000,False,95000,2023,1,Rabu,0,0,,0,0
RPH Pegirikan,2023-01-05,Daging Sapi,Kota Surabaya,kg,95000,False,95000,2023,1,Kamis,0,0,,0,0
RPH Pegirikan,2023-01-06,Daging Sapi,Kota Surabaya,kg,95000,False,95000,2023,1,Jumat,0,0,,0,0
RPH Pegirikan,2023-01-07,Daging Sapi,Kota Surabaya,kg,95000,False,95000,2023,1,Sabtu,1,0,,0,0
RPH Pegirikan,2023-01-08,Daging Sapi,Kota Surabaya,kg,95000,False,95000,2023,1,Minggu,1,0,,0,0
RPH Pegirikan,2023-01-09,Daging Sapi,Kota Surabaya,kg,95000,False,95000,2023,1,Senin,0,0,,0,0
RPH Pegirikan,2023-01-10,Daging Sapi,Kota Surabaya,kg,95000,False,95000,2023,1,Selasa,0,0,,0,0
RPH Pegirikan,2023-01-11,Daging Sapi,Kota Surabaya,kg,95000,False,95000,2023,1,Rabu,0,0,,0,0
RPH Pegirikan,2023-01-12,Daging Sapi,Kota Surabaya,kg,95000,False,95000,2023,1,Kamis,0,0,,0,0
RPH Pegirikan,2023-01-13,Daging Sapi,Kota Surabaya,kg,95000,False,95000,2023,1,Jumat,0,0,,0,0
RPH Pegirikan,2023-01-14,Daging Sapi,Kota Surabaya,kg,95000,False,95000,2023,1,Sabtu,1,0,,0,0
RPH Pegirikan,2023-01-15,Daging Sapi,Kota Surabaya,kg,95000,False,95000,2023,1,Minggu,1,0,,0,0
RPH Pegirikan,2023-01-16,Daging Sapi,Kota Surabaya,kg,95000,False,95000,2023,1,Senin,0,0,,0,0
RPH Pegirikan,2023-01-17,Daging Sapi,Kota Surabaya,kg,95000,False,95000,2023,1,Selasa,0,0,,0,0
RPH Pegirikan,2023-01-18,Daging Sapi,Kota Surabaya,kg,95000,False,95000,2023,1,Rabu,0,0,,0,0
RPH Pegirikan,2023-01-19,Daging Sapi,Kota Surabaya,kg,95000,False,95000,2023,1,Kamis,0,0,,0,0
RPH Pegirikan,2023-01-20,Daging Sapi,Kota Surabaya,kg,95000,False,95000,2023,1,Jumat,0,0,,0,0
RPH Pegirikan,2023-01-21,Daging Sapi,Kota Surabaya,kg,95000,False,95000,2023,1,Sabtu,1,0,,0,0
RPH Pegirikan,2023-01-22,Daging Sapi,Kota Surabaya,kg,95000,False,95000,2023,1,Minggu,1,1,Tahun Baru Imlek,0,0
RPH Pegirikan,2023-01-23,Daging Sapi,Kota Surabaya,kg,95000,False,95000,2023,1,Senin,0,1,Cuti Bersama Tahun Baru Imlek,0,0
RPH Pegirikan,2023-01-24,Daging Sapi,Kota Surabaya,kg,95000,False,95000,2023,1,Selasa,0,0,,0,0
RPH Pegirikan,2023-01-25,Daging Sapi,Kota Surabaya,kg,95000,False,95000,2023,1,Rabu,0,0,,0,0
RPH Pegirikan,2023-01-26,Daging Sapi,Kota Surabaya,kg,95000,False,95000,2023,1,Kamis,0,0,,0,0
RPH Pegirikan,2023-01-27,Daging Sapi,Kota Surabaya,kg,95000,False,95000,2023,1,Jumat,0,0,,0,0
RPH Pegirikan,2023-01-28,Daging Sapi,Kota Surabaya,kg,95000,False,95000,2023,1,Sabtu,1,0,,0,0
RPH Pegirikan,2023-01-29,Daging Sapi,Kota Surabaya,kg,95000,False,95000,2023,1,Minggu,1,0,,0,0
RPH Pegirikan,2023-01-30,Daging Sapi,Kota Surabaya,kg,95000,False,95000,2023,1,Senin,0,0,,0,0
RPH Pegirikan,2023-01-31,Daging Sapi,Kota Surabaya,kg,95000,False,95000,2023,1,Selasa,0,0,,0,0
RPH Pegirikan,2023-02-01,Daging Sapi,Kota Surabaya,kg,95000,False,95000,2023,2,Rabu,0,0,,0,0
RPH Pegirikan,2023-02-02,Daging Sapi,Kota Surabaya,kg,95000,False,95000,2023,2,Kamis,0,0,,0,0
RPH Pegirikan,2023-02-03,Daging Sapi,Kota Surabaya,kg,95000,False,95000,2023,2,Jumat,0,0,,0,0
RPH Pegirikan,2023-02-04,Daging Sapi,Kota Surabaya,kg,95000,False,95000,2023,2,Sabtu,1,0,,0,0
RPH Pegirikan,2023-02-05,Daging Sapi,Kota Surabaya,kg,95000,False,95000,2023,2,Minggu,1,0,,0,0
RPH Pegirikan,2023-02-06,Daging Sapi,Kota Surabaya,kg,95000,False,95000,2023,2,Senin,0,0,,0,0
RPH Pegirikan,2023-02-07,Daging Sapi,Kota Surabaya,kg,95000,False,95000,2023,2,Selasa,0,0,,0,0
RPH Pegirikan,2023-02-08,Daging Sapi,Kota Surabaya,kg,95000,False,95000,2023,2,Rabu,0,0,,0,0
RPH Pegirikan,2023-02-09,Daging Sapi,Kota Surabaya,kg,95000,False,95000,2023,2,Kamis,0,0,,0,0
RPH Pegirikan,2023-02-10,Daging Sapi,Kota Surabaya,kg,95000,False,95000,2023,2,Jumat,0,0,,0,0
RPH Pegirikan,2023-02-11,Daging Sapi,Kota Surabaya,kg,95000,False,95000,2023,2,Sabtu,1,0,,0,0
RPH Pegirikan,2023-02-12,Daging Sapi,Kota Surabaya,kg,95000,False,95000,2023,2,Minggu,1,0,,0,0
RPH Pegirikan,2023-02-13,Daging Sapi,Kota Surabaya,kg,95000,False,95000,2023,2,Senin,0,0,,0,0
RPH Pegirikan,2023-02-14,Daging Sapi,Kota Surabaya,kg,95000,False,95000,2023,2,Selasa,0,0,,0,0
RPH Pegirikan,2023-02-15,Daging Sapi,Kota Surabaya,kg,95000,False,95000,2023,2,Rabu,0,0,,0,0
RPH Pegirikan,2023-02-16,Daging Sapi,Kota Surabaya,kg,95000,False,95000,2023,2,Kamis,0,0,,0,0
RPH Pegirikan,2023-02-17,Daging Sapi,Kota Surabaya,kg,95000,False,95000,2023,2,Jumat,0,0,,0,0
RPH Pegirikan,2023-02-18,Daging Sapi,Kota Surabaya,kg,95000,False,95000,2023,2,Sabtu,1,1,Isra Mikraj Nabi Muhammad,0,0
RPH Pegirikan,2023-02-19,Daging Sapi,Kota Surabaya,kg,95000,False,95000,2023,2,Minggu,1,0,,0,0
RPH Pegirikan,2023-02-20,Daging Sapi,Kota Surabaya,kg,95000,False,95000,2023,2,Senin,0,0,,0,0
RPH Pegirikan,2023-02-21,Daging Sapi,Kota Surabaya,kg,95000,False,95000,2023,2,Selasa,0,0,,0,0
RPH Pegirikan,2023-02-22,Daging Sapi,Kota Surabaya,kg,95000,False,95000,2023,2,Rabu,0,0,,0,0
RPH Pegirikan,2023-02-23,Daging Sapi,Kota Surabaya,kg,95000,False,95000,2023,2,Kamis,0,0,,0,0
RPH Pegirikan,2023-02-24,Daging Sapi,Kota Surabaya,kg,95000,False,95000,2023,2,Jumat,0,0,,0,0
RPH Pegirikan,2023-02-25,Daging Sapi,Kota Surabaya,kg,90000,False,90000,2023,2,Sabtu,1,0,,0,0
RPH Pegirikan,2023-02-26,Daging Sapi,Kota Surabaya,kg,90000,False,90000,2023,2,Minggu,1,0,,0,0
RPH Pegirikan,2023-02-27,Daging Sapi,Kota Surabaya,kg,90000,False,90000,2023,2,Senin,0,0,,0,0
RPH Pegirikan,2023-02-28,Daging Sapi,Kota Surabaya,kg,90000,False,90000,2023,2,Selasa,0,0,,0,0
RPH Pegirikan,2023-03-01,Daging Sapi,Kota Surabaya,kg,90000,False,90000,2023,3,Rabu,0,0,,0,0
RPH Pegirikan,2023-03-02,Daging Sapi,Kota Surabaya,kg,90000,False,90000,2023,3,Kamis,0,0,,0,0
RPH Pegirikan,2023-03-03,Daging Sapi,Kota Surabaya,kg,90000,False,90000,2023,3,Jumat,0,0,,0,0
RPH Pegirikan,2023-03-04,Daging Sapi,Kota Surabaya,kg,90000,False,90000,2023,3,Sabtu,1,0,,0,0
RPH Pegirikan,2023-03-05,Daging Sapi,Kota Surabaya,kg,90000,False,90000,2023,3,Minggu,1,0,,0,0
RPH Pegirikan,2023-03-06,Daging Sapi,Kota Surabaya,kg,90000,False,90000,2023,3,Senin,0,0,,0,0
RPH Pegirikan,2023-03-07,Daging Sapi,Kota Surabaya,kg,90000,False,90000,2023,3,Selasa,0,0,,0,0
RPH Pegirikan,2023-03-08,Daging Sapi,Kota Surabaya,kg,90000,False,90000,2023,3,Rabu,0,0,,0,0
RPH Pegirikan,2023-03-09,Daging Sapi,Kota Surabaya,kg,90000,False,90000,2023,3,Kamis,0,0,,0,1
RPH Pegirikan,2023-03-10,Daging Sapi,Kota Surabaya,kg,90000,False,90000,2023,3,Jumat,0,0,,0,1
RPH Pegirikan,2023-03-11,Daging Sapi,Kota Surabaya,kg,90000,False,90000,2023,3,Sabtu,1,0,,0,1
RPH Pegirikan,2023-03-12,Daging Sapi,Kota Surabaya,kg,90000,False,90000,2023,3,Minggu,1,0,,0,1
RPH Pegirikan,2023-03-13,Daging Sapi,Kota Surabaya,kg,90000,False,90000,2023,3,Senin,0,0,,0,1
RPH Pegirikan,2023-03-14,Daging Sapi,Kota Surabaya,kg,90000,False,90000,2023,3,Selasa,0,0,,0,1
RPH Pegirikan,2023-03-15,Daging Sapi,Kota Surabaya,kg,90000,False,90000,2023,3,Rabu,0,0,,0,1
RPH Pegirikan,2023-03-16,Daging Sapi,Kota Surabaya,kg,90000,False,90000,2023,3,Kamis,0,0,,0,1
RPH Pegirikan,2023-03-17,Daging Sapi,Kota Surabaya,kg,90000,False,90000,2023,3,Jumat,0,0,,0,1
RPH Pegirikan,2023-03-18,Daging Sapi,Kota Surabaya,kg,90000,False,90000,2023,3,Sabtu,1,0,,0,1
RPH Pegirikan,2023-03-19,Daging Sapi,Kota Surabaya,kg,90000,False,90000,2023,3,Minggu,1,0,,0,1
RPH Pegirikan,2023-03-20,Daging Sapi,Kota Surabaya,kg,90000,False,90000,2023,3,Senin,0,0,,0,1
RPH Pegirikan,2023-03-21,Daging Sapi,Kota Surabaya,kg,90000,False,90000,2023,3,Selasa,0,0,,0,1
RPH Pegirikan,2023-03-22,Daging Sapi,Kota Surabaya,kg,90000,False,90000,2023,3,Rabu,0,1,Hari Suci Nyepi,0,1
RPH Pegirikan,2023-03-23,Daging Sapi,Kota Surabaya,kg,90000,False,90000,2023,3,Kamis,0,1,Cuti Bersama Hari Suci Nyepi,1,0
RPH Pegirikan,2023-03-24,Daging Sapi,Kota Surabaya,kg,90000,False,90000,2023,3,Jumat,0,0,,1,0
RPH Pegirikan,2023-03-25,Daging Sapi,Kota Surabaya,kg,90000,False,90000,2023,3,Sabtu,1,0,,1,0
RPH Pegirikan,2023-03-26,Daging Sapi,Kota Surabaya,kg,90000,False,90000,2023,3,Minggu,1,0,,1,0
RPH Pegirikan,2023-03-27,Daging Sapi,Kota Surabaya,kg,90000,False,90000,2023,3,Senin,0,0,,1,0
RPH Pegirikan,2023-03-28,Daging Sapi,Kota Surabaya,kg,90000,False,90000,2023,3,Selasa,0,0,,1,0
RPH Pegirikan,2023-03-29,Daging Sapi,Kota Surabaya,kg,90000,False,90000,2023,3,Rabu,0,0,,1,0
RPH Pegirikan,2023-03-30,Daging Sapi,Kota Surabaya,kg,90000,False,90000,2023,3,Kamis,0,0,,1,0
RPH Pegirikan,2023-03-31,Daging Sapi,Kota Surabaya,kg,90000,False,90000,2023,3,Jumat,0,0,,1,0
RPH Pegirikan,2023-04-01,Daging Sapi,Kota Surabaya,kg,90000,False,90000,2023,4,Sabtu,1,0,,1,0
RPH Pegirikan,2023-04-02,Daging Sapi,Kota Surabaya,kg,90000,False,90000,2023,4,Minggu,1,0,,1,0
RPH Pegirikan,2023-04-03,Daging Sapi,Kota Surabaya,kg,90000,False,90000,2023,4,Senin,0,0,,1,0
RPH Pegirikan,2023-04-04,Daging Sapi,Kota Surabaya,kg,90000,False,90000,2023,4,Selasa,0,0,,1,0
RPH Pegirikan,2023-04-05,Daging Sapi,Kota Surabaya,kg,90000,False,90000,2023,4,Rabu,0,0,,1,0
RPH Pegirikan,2023-04-06,Daging Sapi,Kota Surabaya,kg,90000,False,90000,2023,4,Kamis,0,0,,1,0
RPH Pegirikan,2023-04-07,Daging Sapi,Kota Surabaya,kg,90000,False,90000,2023,4,Jumat,0,1,Wafat Yesus Kristus,1,0
RPH Pegirikan,2023-04-08,Daging Sapi,Kota Surabaya,kg,90000,False,90000,2023,4,Sabtu,1,0,,1,0
RPH Pegirikan,2023-04-09,Daging Sapi,Kota Surabaya,kg,90000,False,90000,2023,4,Minggu,1,0,,1,0
RPH Pegirikan,2023-04-10,Daging Sapi,Kota Surabaya,kg,90000,False,90000,2023,4,Senin,0,0,,1,0
RPH Pegirikan,2023-04-11,Daging Sapi,Kota Surabaya,kg,90000,False,90000,2023,4,Selasa,0,0,,1,0
RPH Pegirikan,2023-04-12,Daging Sapi,Kota Surabaya,kg,90000,False,90000,2023,4,Rabu,0,0,,1,0
RPH Pegirikan,2023-04-13,Daging Sapi,Kota Surabaya,kg,90000,False,90000,2023,4,Kamis,0,0,,1,0
RPH Pegirikan,2023-04-14,Daging Sapi,Kota Surabaya,kg,90000,False,90000,2023,4,Jumat,0,0,,1,0
RPH Pegirikan,2023-04-15,Daging Sapi,Kota Surabaya,kg,90000,False,90000,2023,4,Sabtu,1,0,,1,0
RPH Pegirikan,2023-04-16,Daging Sapi,Kota Surabaya,kg,90000,False,90000,2023,4,Minggu,1,0,,1,0
RPH Pegirikan,2023-04-17,Daging Sapi,Kota Surabaya,kg,90000,False,90000,2023,4,Senin,0,0,,1,0
RPH Pegirikan,2023-04-18,Daging Sapi,Kota Surabaya,kg,95000,False,95000,2023,4,Selasa,0,0,,1,0
RPH Pegirikan,2023-04-19,Daging Sapi,Kota Surabaya,kg,95000,False,95000,2023,4,Rabu,0,1,Cuti Bersama Hari Raya Idul Fitri,1,0
RPH Pegirikan,2023-04-20,Daging Sapi,Kota Surabaya,kg,95000,False,95000,2023,4,Kamis,0,1,Cuti Bersama Hari Raya Idul Fitri,1,0
RPH Pegirikan,2023-04-21,Daging Sapi,Kota Surabaya,kg,95000,False,95000,2023,4,Jumat,0,1,Cuti Bersama Hari Raya Idul Fitri,1,0
RPH Pegirikan,2023-04-22,Daging Sapi,Kota Surabaya,kg,95000,False,95000,2023,4,Sabtu,1,1,Hari Raya Idul Fitri,0,0
RPH Pegirikan,2023-04-23,Daging Sapi,Kota Surabaya,kg,95000,False,95000,2023,4,Minggu,1,1,Hari kedua dari Hari Raya Idul Fitri,0,0
RPH Pegirikan,2023-04-24,Daging Sapi,Kota Surabaya,kg,95000,False,95000,2023,4,Senin,0,1,Cuti Bersama Hari Raya Idul Fitri,0,0
RPH Pegirikan,2023-04-25,Daging Sapi,Kota Surabaya,kg,93000,False,93000,2023,4,Selasa,0,1,Cuti Bersama Hari Raya Idul Fitri,0,0
RPH Pegirikan,2023-04-26,Daging Sapi,Kota Surabaya,kg,95000,False,95000,2023,4,Rabu,0,0,,0,0
RPH Pegirikan,2023-04-27,Daging Sapi,Kota Surabaya,kg,95000,False,95000,2023,4,Kamis,0,0,,0,0
RPH Pegirikan,2023-04-28,Daging Sapi,Kota Surabaya,kg,95000,False,95000,2023,4,Jumat,0,0,,0,0
RPH Pegirikan,2023-04-29,Daging Sapi,Kota Surabaya,kg,95000,False,95000,2023,4,Sabtu,1,0,,0,0
RPH Pegirikan,2023-04-30,Daging Sapi,Kota Surabaya,kg,95000,False,95000,2023,4,Minggu,1,0,,0,0
RPH Pegirikan,2023-05-01,Daging Sapi,Kota Surabaya,kg,95000,False,95000,2023,5,Senin,0,1,Hari Buruh Internasional,0,0
RPH Pegirikan,2023-05-02,Daging Sapi,Kota Surabaya,kg,95000,False,95000,2023,5,Selasa,0,0,,0,0
RPH Pegirikan,2023-05-03,Daging Sapi,Kota Surabaya,kg,95000,False,95000,2023,5,Rabu,0,0,,0,0
RPH Pegirikan,2023-05-04,Daging Sapi,Kota Surabaya,kg,95000,False,95000,2023,5,Kamis,0,0,,0,0
RPH Pegirikan,2023-05-05,Daging Sapi,Kota Surabaya,kg,95000,False,95000,2023,5,Jumat,0,0,,0,0
RPH Pegirikan,2023-05-06,Daging Sapi,Kota Surabaya,kg,95000,False,95000,2023,5,Sabtu,1,0,,0,0
RPH Pegirikan,2023-05-07,Daging Sapi,Kota Surabaya,kg,95000,False,95000,2023,5,Minggu,1,0,,0,0
RPH Pegirikan,2023-05-08,Daging Sapi,Kota Surabaya,kg,95000,False,95000,2023,5,Senin,0,0,,0,0
RPH Pegirikan,2023-05-09,Daging Sapi,Kota Surabaya,kg,95000,False,95000,2023,5,Selasa,0,0,,0,0
RPH Pegirikan,2023-05-10,Daging Sapi,Kota Surabaya,kg,95000,False,95000,2023,5,Rabu,0,0,,0,0
RPH Pegirikan,2023-05-11,Daging Sapi,Kota Surabaya,kg,95000,False,95000,2023,5,Kamis,0,0,,0,0
RPH Pegirikan,2023-05-12,Daging Sapi,Kota Surabaya,kg,95000,False,95000,2023,5,Jumat,0,0,,0,0
RPH Pegirikan,2023-05-13,Daging Sapi,Kota Surabaya,kg,95000,False,95000,2023,5,Sabtu,1,0,,0,0
RPH Pegirikan,2023-05-14,Daging Sapi,Kota Surabaya,kg,95000,False,95000,2023,5,Minggu,1,0,,0,0
RPH Pegirikan,2023-05-15,Daging Sapi,Kota Surabaya,kg,95000,False,95000,2023,5,Senin,0,0,,0,0
RPH Pegirikan,2023-05-16,Daging Sapi,Kota Surabaya,kg,95000,False,95000,2023,5,Selasa,0,0,,0,0
RPH Pegirikan,2023-05-17,Daging Sapi,Kota Surabaya,kg,95000,False,95000,2023,5,Rabu,0,0,,0,0
RPH Pegirikan,2023-05-18,Daging Sapi,Kota Surabaya,kg,95000,False,95000,2023,5,Kamis,0,1,Kenaikan Yesus Kristus,0,0
RPH Pegirikan,2023-05-19,Daging Sapi,Kota Surabaya,kg,95000,False,95000,2023,5,Jumat,0,0,,0,0
RPH Pegirikan,2023-05-20,Daging Sapi,Kota Surabaya,kg,95000,False,95000,2023,5,Sabtu,1,0,,0,0
RPH Pegirikan,2023-05-21,Daging Sapi,Kota Surabaya,kg,95000,False,95000,2023,5,Minggu,1,0,,0,0
RPH Pegirikan,2023-05-22,Daging Sapi,Kota Surabaya,kg,95000,False,95000,2023,5,Senin,0,0,,0,0
RPH Pegirikan,2023-05-23,Daging Sapi,Kota Surabaya,kg,95000,False,95000,2023,5,Selasa,0,0,,0,0
RPH Pegirikan,2023-05-24,Daging Sapi,Kota Surabaya,kg,95000,False,95000,2023,5,Rabu,0,0,,0,0
RPH Pegirikan,2023-05-25,Daging Sapi,Kota Surabaya,kg,95000,False,95000,2023,5,Kamis,0,0,,0,0
RPH Pegirikan,2023-05-26,Daging Sapi,Kota Surabaya,kg,95000,False,95000,2023,5,Jumat,0,0,,0,0
RPH Pegirikan,2023-05-27,Daging Sapi,Kota Surabaya,kg,95000,False,95000,2023,5,Sabtu,1,0,,0,0
RPH Pegirikan,2023-05-28,Daging Sapi,Kota Surabaya,kg,95000,False,95000,2023,5,Minggu,1,0,,0,0
RPH Pegirikan,2023-05-29,Daging Sapi,Kota Surabaya,kg,95000,False,95000,2023,5,Senin,0,0,,0,0
RPH Pegirikan,2023-05-30,Daging Sapi,Kota Surabaya,kg,95000,False,95000,2023,5,Selasa,0,0,,0,0
RPH Pegirikan,2023-05-31,Daging Sapi,Kota Surabaya,kg,95000,False,95000,2023,5,Rabu,0,0,,0,0
RPH Pegirikan,2023-06-01,Daging Sapi,Kota Surabaya,kg,95000,False,95000,2023,6,Kamis,0,1,Hari Lahir Pancasila,0,0
RPH Pegirikan,2023-06-02,Daging Sapi,Kota Surabaya,kg,95000,False,95000,2023,6,Jumat,0,1,Cuti Bersama Hari Raya Waisak,0,0
RPH Pegirikan,2023-06-03,Daging Sapi,Kota Surabaya,kg,95000,False,95000,2023,6,Sabtu,1,0,,0,0
RPH Pegirikan,2023-06-04,Daging Sapi,Kota Surabaya,kg,95000,False,95000,2023,6,Minggu,1,1,Hari Raya Waisak,0,0
RPH Pegirikan,2023-06-05,Daging Sapi,Kota Surabaya,kg,95000,False,95000,2023,6,Senin,0,0,,0,0
RPH Pegirikan,2023-06-06,Daging Sapi,Kota Surabaya,kg,95000,False,95000,2023,6,Selasa,0,0,,0,0
RPH Pegirikan,2023-06-07,Daging Sapi,Kota Surabaya,kg,95000,False,95000,2023,6,Rabu,0,0,,0,0
RPH Pegirikan,2023-06-08,Daging Sapi,Kota Surabaya,kg,95000,False,95000,2023,6,Kamis,0,0,,0,0
RPH Pegirikan,2023-06-09,Daging Sapi,Kota Surabaya,kg,95000,False,95000,2023,6,Jumat,0,0,,0,0
RPH Pegirikan,2023-06-10,Daging Sapi,Kota Surabaya,kg,95000,False,95000,2023,6,Sabtu,1,0,,0,0
RPH Pegirikan,2023-06-11,Daging Sapi,Kota Surabaya,kg,95000,False,95000,2023,6,Minggu,1,0,,0,0
RPH Pegirikan,2023-06-12,Daging Sapi,Kota Surabaya,kg,95000,False,95000,2023,6,Senin,0,0,,0,0
RPH Pegirikan,2023-06-13,Daging Sapi,Kota Surabaya,kg,95000,False,95000,2023,6,Selasa,0,0,,0,0
RPH Pegirikan,2023-06-14,Daging Sapi,Kota Surabaya,kg,95000,False,95000,2023,6,Rabu,0,0,,0,0
RPH Pegirikan,2023-06-15,Daging Sapi,Kota Surabaya,kg,95000,False,95000,2023,6,Kamis,0,0,,0,0
RPH Pegirikan,2023-06-16,Daging Sapi,Kota Surabaya,kg,95000,False,95000,2023,6,Jumat,0,0,,0,0
RPH Pegirikan,2023-06-17,Daging Sapi,Kota Surabaya,kg,95000,False,95000,2023,6,Sabtu,1,0,,0,0
RPH Pegirikan,2023-06-18,Daging Sapi,Kota Surabaya,kg,95000,False,95000,2023,6,Minggu,1,0,,0,0
RPH Pegirikan,2023-06-19,Daging Sapi,Kota Surabaya,kg,95000,False,95000,2023,6,Senin,0,0,,0,0
RPH Pegirikan,2023-06-20,Daging Sapi,Kota Surabaya,kg,95000,False,95000,2023,6,Selasa,0,0,,0,0
RPH Pegirikan,2023-06-21,Daging Sapi,Kota Surabaya,kg,95000,False,95000,2023,6,Rabu,0,0,,0,0
RPH Pegirikan,2023-06-22,Daging Sapi,Kota Surabaya,kg,95000,False,95000,2023,6,Kamis,0,0,,0,0
RPH Pegirikan,2023-06-23,Daging Sapi,Kota Surabaya,kg,95000,False,95000,2023,6,Jumat,0,0,,0,0
RPH Pegirikan,2023-06-24,Daging Sapi,Kota Surabaya,kg,95000,False,95000,2023,6,Sabtu,1,0,,0,0
RPH Pegirikan,2023-06-25,Daging Sapi,Kota Surabaya,kg,95000,False,95000,2023,6,Minggu,1,0,,0,0
RPH Pegirikan,2023-06-26,Daging Sapi,Kota Surabaya,kg,95000,False,95000,2023,6,Senin,0,0,,0,0
RPH Pegirikan,2023-06-27,Daging Sapi,Kota Surabaya,kg,95000,False,95000,2023,6,Selasa,0,0,,0,0
RPH Pegirikan,2023-06-28,Daging Sapi,Kota Surabaya,kg,95000,False,95000,2023,6,Rabu,0,1,Cuti Bersama Hari Raya Idul Adha,0,0
RPH Pegirikan,2023-06-29,Daging Sapi,Kota Surabaya,kg,95000,False,95000,2023,6,Kamis,0,1,Hari Raya Idul Adha,0,0
RPH Pegirikan,2023-06-30,Daging Sapi,Kota Surabaya,kg,95000,False,95000,2023,6,Jumat,0,1,Cuti Bersama Hari Raya Idul Adha,0,0
RPH Pegirikan,2023-07-01,Daging Sapi,Kota Surabaya,kg,95000,False,95000,2023,7,Sabtu,1,0,,0,0
RPH Pegirikan,2023-07-02,Daging Sapi,Kota Surabaya,kg,95000,False,95000,2023,7,Minggu,1,0,,0,0
RPH Pegirikan,2023-07-03,Daging Sapi,Kota Surabaya,kg,95000,False,95000,2023,7,Senin,0,0,,0,0
RPH Pegirikan,2023-07-04,Daging Sapi,Kota Surabaya,kg,95000,False,95000,2023,7,Selasa,0,0,,0,0
RPH Pegirikan,2023-07-05,Daging Sapi,Kota Surabaya,kg,95000,False,95000,2023,7,Rabu,0,0,,0,0
RPH Pegirikan,2023-07-06,Daging Sapi,Kota Surabaya,kg,95000,False,95000,2023,7,Kamis,0,0,,0,0
RPH Pegirikan,2023-07-07,Daging Sapi,Kota Surabaya,kg,95000,False,95000,2023,7,Jumat,0,0,,0,0
RPH Pegirikan,2023-07-08,Daging Sapi,Kota Surabaya,kg,95000,False,95000,2023,7,Sabtu,1,0,,0,0
RPH Pegirikan,2023-07-09,Daging Sapi,Kota Surabaya,kg,95000,False,95000,2023,7,Minggu,1,0,,0,0
RPH Pegirikan,2023-07-10,Daging Sapi,Kota Surabaya,kg,95000,False,95000,2023,7,Senin,0,0,,0,0
RPH Pegirikan,2023-07-11,Daging Sapi,Kota Surabaya,kg,95000,False,95000,2023,7,Selasa,0,0,,0,0
RPH Pegirikan,2023-07-12,Daging Sapi,Kota Surabaya,kg,95000,False,95000,2023,7,Rabu,0,0,,0,0
RPH Pegirikan,2023-07-13,Daging Sapi,Kota Surabaya,kg,95000,False,95000,2023,7,Kamis,0,0,,0,0
RPH Pegirikan,2023-07-14,Daging Sapi,Kota Surabaya,kg,95000,False,95000,2023,7,Jumat,0,0,,0,0
RPH Pegirikan,2023-07-15,Daging Sapi,Kota Surabaya,kg,95000,False,95000,2023,7,Sabtu,1,0,,0,0
RPH Pegirikan,2023-07-16,Daging Sapi,Kota Surabaya,kg,95000,False,95000,2023,7,Minggu,1,0,,0,0
RPH Pegirikan,2023-07-17,Daging Sapi,Kota Surabaya,kg,95000,False,95000,2023,7,Senin,0,0,,0,0
RPH Pegirikan,2023-07-18,Daging Sapi,Kota Surabaya,kg,95000,False,95000,2023,7,Selasa,0,0,,0,0
RPH Pegirikan,2023-07-19,Daging Sapi,Kota Surabaya,kg,95000,False,95000,2023,7,Rabu,0,1,Tahun Baru Islam,0,0
RPH Pegirikan,2023-07-20,Daging Sapi,Kota Surabaya,kg,95000,False,95000,2023,7,Kamis,0,0,,0,0
RPH Pegirikan,2023-07-21,Daging Sapi,Kota Surabaya,kg,95000,False,95000,2023,7,Jumat,0,0,,0,0
RPH Pegirikan,2023-07-22,Daging Sapi,Kota Surabaya,kg,95000,False,95000,2023,7,Sabtu,1,0,,0,0
RPH Pegirikan,2023-07-23,Daging Sapi,Kota Surabaya,kg,95000,False,95000,2023,7,Minggu,1,0,,0,0
RPH Pegirikan,2023-07-24,Daging Sapi,Kota Surabaya,kg,95000,False,95000,2023,7,Senin,0,0,,0,0
RPH Pegirikan,2023-07-25,Daging Sapi,Kota Surabaya,kg,95000,False,95000,2023,7,Selasa,0,0,,0,0
RPH Pegirikan,2023-07-26,Daging Sapi,Kota Surabaya,kg,95000,False,95000,2023,7,Rabu,0,0,,0,0
RPH Pegirikan,2023-07-27,Daging Sapi,Kota Surabaya,kg,95000,False,95000,2023,7,Kamis,0,0,,0,0
RPH Pegirikan,2023-07-28,Daging Sapi,Kota Surabaya,kg,95000,False,95000,2023,7,Jumat,0,0,,0,0
RPH Pegirikan,2023-07-29,Daging Sapi,Kota Surabaya,kg,95000,False,95000,2023,7,Sabtu,1,0,,0,0
RPH Pegirikan,2023-07-30,Daging Sapi,Kota Surabaya,kg,95000,False,95000,2023,7,Minggu,1,0,,0,0
RPH Pegirikan,2023-07-31,Daging Sapi,Kota Surabaya,kg,95000,False,95000,2023,7,Senin,0,0,,0,0
RPH Pegirikan,2023-08-01,Daging Sapi,Kota Surabaya,kg,95000,False,95000,2023,8,Selasa,0,0,,0,0
RPH Pegirikan,2023-08-02,Daging Sapi,Kota Surabaya,kg,95000,False,95000,2023,8,Rabu,0,0,,0,0
RPH Pegirikan,2023-08-03,Daging Sapi,Kota Surabaya,kg,95000,False,95000,2023,8,Kamis,0,0,,0,0
RPH Pegirikan,2023-08-04,Daging Sapi,Kota Surabaya,kg,95000,False,95000,2023,8,Jumat,0,0,,0,0
RPH Pegirikan,2023-08-05,Daging Sapi,Kota Surabaya,kg,95000,False,95000,2023,8,Sabtu,1,0,,0,0
RPH Pegirikan,2023-08-06,Daging Sapi,Kota Surabaya,kg,95000,False,95000,2023,8,Minggu,1,0,,0,0
RPH Pegirikan,2023-08-07,Daging Sapi,Kota Surabaya,kg,95000,False,95000,2023,8,Senin,0,0,,0,0
RPH Pegirikan,2023-08-08,Daging Sapi,Kota Surabaya,kg,95000,False,95000,2023,8,Selasa,0,0,,0,0
RPH Pegirikan,2023-08-09,Daging Sapi,Kota Surabaya,kg,95000,False,95000,2023,8,Rabu,0,0,,0,0
RPH Pegirikan,2023-08-10,Daging Sapi,Kota Surabaya,kg,95000,False,95000,2023,8,Kamis,0,0,,0,0
RPH Pegirikan,2023-08-11,Daging Sapi,Kota Surabaya,kg,95000,False,95000,2023,8,Jumat,0,0,,0,0
RPH Pegirikan,2023-08-12,Daging Sapi,Kota Surabaya,kg,95000,False,95000,2023,8,Sabtu,1,0,,0,0
RPH Pegirikan,2023-08-13,Daging Sapi,Kota Surabaya,kg,95000,False,95000,2023,8,Minggu,1,0,,0,0
RPH Pegirikan,2023-08-14,Daging Sapi,Kota Surabaya,kg,95000,False,95000,2023,8,Senin,0,0,,0,0
RPH Pegirikan,2023-08-15,Daging Sapi,Kota Surabaya,kg,95000,False,95000,2023,8,Selasa,0,0,,0,0
RPH Pegirikan,2023-08-16,Daging Sapi,Kota Surabaya,kg,95000,False,95000,2023,8,Rabu,0,0,,0,0
RPH Pegirikan,2023-08-17,Daging Sapi,Kota Surabaya,kg,95000,False,95000,2023,8,Kamis,0,1,Hari Kemerdekaan Republik Indonesia,0,0
RPH Pegirikan,2023-08-18,Daging Sapi,Kota Surabaya,kg,95000,False,95000,2023,8,Jumat,0,0,,0,0
RPH Pegirikan,2023-08-19,Daging Sapi,Kota Surabaya,kg,95000,False,95000,2023,8,Sabtu,1,0,,0,0
RPH Pegirikan,2023-08-20,Daging Sapi,Kota Surabaya,kg,95000,False,95000,2023,8,Minggu,1,0,,0,0
RPH Pegirikan,2023-08-21,Daging Sapi,Kota Surabaya,kg,95000,False,95000,2023,8,Senin,0,0,,0,0
RPH Pegirikan,2023-08-22,Daging Sapi,Kota Surabaya,kg,95000,False,95000,2023,8,Selasa,0,0,,0,0
RPH Pegirikan,2023-08-23,Daging Sapi,Kota Surabaya,kg,95000,False,95000,2023,8,Rabu,0,0,,0,0
RPH Pegirikan,2023-08-24,Daging Sapi,Kota Surabaya,kg,95000,False,95000,2023,8,Kamis,0,0,,0,0
RPH Pegirikan,2023-08-25,Daging Sapi,Kota Surabaya,kg,95000,False,95000,2023,8,Jumat,0,0,,0,0
RPH Pegirikan,2023-08-26,Daging Sapi,Kota Surabaya,kg,95000,False,95000,2023,8,Sabtu,1,0,,0,0
RPH Pegirikan,2023-08-27,Daging Sapi,Kota Surabaya,kg,95000,False,95000,2023,8,Minggu,1,0,,0,0
RPH Pegirikan,2023-08-28,Daging Sapi,Kota Surabaya,kg,95000,False,95000,2023,8,Senin,0,0,,0,0
RPH Pegirikan,2023-08-29,Daging Sapi,Kota Surabaya,kg,95000,False,95000,2023,8,Selasa,0,0,,0,0
RPH Pegirikan,2023-08-30,Daging Sapi,Kota Surabaya,kg,95000,False,95000,2023,8,Rabu,0,0,,0,0
RPH Pegirikan,2023-08-31,Daging Sapi,Kota Surabaya,kg,95000,False,95000,2023,8,Kamis,0,0,,0,0
RPH Pegirikan,2023-09-01,Daging Sapi,Kota Surabaya,kg,95000,False,95000,2023,9,Jumat,0,0,,0,0
RPH Pegirikan,2023-09-02,Daging Sapi,Kota Surabaya,kg,95000,False,95000,2023,9,Sabtu,1,0,,0,0
RPH Pegirikan,2023-09-03,Daging Sapi,Kota Surabaya,kg,95000,False,95000,2023,9,Minggu,1,0,,0,0
RPH Pegirikan,2023-09-04,Daging Sapi,Kota Surabaya,kg,95000,False,95000,2023,9,Senin,0,0,,0,0
RPH Pegirikan,2023-09-05,Daging Sapi,Kota Surabaya,kg,95000,False,95000,2023,9,Selasa,0,0,,0,0
RPH Pegirikan,2023-09-06,Daging Sapi,Kota Surabaya,kg,95000,False,95000,2023,9,Rabu,0,0,,0,0
RPH Pegirikan,2023-09-07,Daging Sapi,Kota Surabaya,kg,95000,False,95000,2023,9,Kamis,0,0,,0,0
RPH Pegirikan,2023-09-08,Daging Sapi,Kota Surabaya,kg,95000,False,95000,2023,9,Jumat,0,0,,0,0
RPH Pegirikan,2023-09-09,Daging Sapi,Kota Surabaya,kg,95000,False,95000,2023,9,Sabtu,1,0,,0,0
RPH Pegirikan,2023-09-10,Daging Sapi,Kota Surabaya,kg,95000,False,95000,2023,9,Minggu,1,0,,0,0
RPH Pegirikan,2023-09-11,Daging Sapi,Kota Surabaya,kg,95000,False,95000,2023,9,Senin,0,0,,0,0
RPH Pegirikan,2023-09-12,Daging Sapi,Kota Surabaya,kg,95000,False,95000,2023,9,Selasa,0,0,,0,0
RPH Pegirikan,2023-09-13,Daging Sapi,Kota Surabaya,kg,95000,False,95000,2023,9,Rabu,0,0,,0,0
RPH Pegirikan,2023-09-14,Daging Sapi,Kota Surabaya,kg,95000,False,95000,2023,9,Kamis,0,0,,0,0
RPH Pegirikan,2023-09-15,Daging Sapi,Kota Surabaya,kg,95000,False,95000,2023,9,Jumat,0,0,,0,0
RPH Pegirikan,2023-09-16,Daging Sapi,Kota Surabaya,kg,95000,False,95000,2023,9,Sabtu,1,0,,0,0
RPH Pegirikan,2023-09-17,Daging Sapi,Kota Surabaya,kg,95000,False,95000,2023,9,Minggu,1,0,,0,0
RPH Pegirikan,2023-09-18,Daging Sapi,Kota Surabaya,kg,95000,False,95000,2023,9,Senin,0,0,,0,0
RPH Pegirikan,2023-09-19,Daging Sapi,Kota Surabaya,kg,95000,False,95000,2023,9,Selasa,0,0,,0,0
RPH Pegirikan,2023-09-20,Daging Sapi,Kota Surabaya,kg,95000,False,95000,2023,9,Rabu,0,0,,0,0
RPH Pegirikan,2023-09-21,Daging Sapi,Kota Surabaya,kg,95000,False,95000,2023,9,Kamis,0,0,,0,0
RPH Pegirikan,2023-09-22,Daging Sapi,Kota Surabaya,kg,95000,False,95000,2023,9,Jumat,0,0,,0,0
RPH Pegirikan,2023-09-23,Daging Sapi,Kota Surabaya,kg,95000,False,95000,2023,9,Sabtu,1,0,,0,0
RPH Pegirikan,2023-09-24,Daging Sapi,Kota Surabaya,kg,95000,False,95000,2023,9,Minggu,1,0,,0,0
RPH Pegirikan,2023-09-25,Daging Sapi,Kota Surabaya,kg,95000,False,95000,2023,9,Senin,0,0,,0,0
RPH Pegirikan,2023-09-26,Daging Sapi,Kota Surabaya,kg,95000,False,95000,2023,9,Selasa,0,0,,0,0
RPH Pegirikan,2023-09-27,Daging Sapi,Kota Surabaya,kg,95000,False,95000,2023,9,Rabu,0,0,,0,0
RPH Pegirikan,2023-09-28,Daging Sapi,Kota Surabaya,kg,95000,False,95000,2023,9,Kamis,0,1,Maulid Nabi Muhammad,0,0
RPH Pegirikan,2023-09-29,Daging Sapi,Kota Surabaya,kg,95000,False,95000,2023,9,Jumat,0,0,,0,0
RPH Pegirikan,2023-09-30,Daging Sapi,Kota Surabaya,kg,95000,False,95000,2023,9,Sabtu,1,0,,0,0
RPH Pegirikan,2023-10-01,Daging Sapi,Kota Surabaya,kg,95000,False,95000,2023,10,Minggu,1,0,,0,0
RPH Pegirikan,2023-10-02,Daging Sapi,Kota Surabaya,kg,95000,False,95000,2023,10,Senin,0,0,,0,0
RPH Pegirikan,2023-10-03,Daging Sapi,Kota Surabaya,kg,95000,False,95000,2023,10,Selasa,0,0,,0,0
RPH Pegirikan,2023-10-04,Daging Sapi,Kota Surabaya,kg,95000,False,95000,2023,10,Rabu,0,0,,0,0
RPH Pegirikan,2023-10-05,Daging Sapi,Kota Surabaya,kg,95000,False,95000,2023,10,Kamis,0,0,,0,0
RPH Pegirikan,2023-10-06,Daging Sapi,Kota Surabaya,kg,95000,False,95000,2023,10,Jumat,0,0,,0,0
RPH Pegirikan,2023-10-07,Daging Sapi,Kota Surabaya,kg,95000,False,95000,2023,10,Sabtu,1,0,,0,0
RPH Pegirikan,2023-10-08,Daging Sapi,Kota Surabaya,kg,95000,False,95000,2023,10,Minggu,1,0,,0,0
RPH Pegirikan,2023-10-09,Daging Sapi,Kota Surabaya,kg,95000,False,95000,2023,10,Senin,0,0,,0,0
RPH Pegirikan,2023-10-10,Daging Sapi,Kota Surabaya,kg,95000,False,95000,2023,10,Selasa,0,0,,0,0
RPH Pegirikan,2023-10-11,Daging Sapi,Kota Surabaya,kg,95000,False,95000,2023,10,Rabu,0,0,,0,0
RPH Pegirikan,2023-10-12,Daging Sapi,Kota Surabaya,kg,95000,False,95000,2023,10,Kamis,0,0,,0,0
RPH Pegirikan,2023-10-13,Daging Sapi,Kota Surabaya,kg,95000,False,95000,2023,10,Jumat,0,0,,0,0
RPH Pegirikan,2023-10-14,Daging Sapi,Kota Surabaya,kg,95000,False,95000,2023,10,Sabtu,1,0,,0,0
RPH Pegirikan,2023-10-15,Daging Sapi,Kota Surabaya,kg,95000,False,95000,2023,10,Minggu,1,0,,0,0
RPH Pegirikan,2023-10-16,Daging Sapi,Kota Surabaya,kg,95000,False,95000,2023,10,Senin,0,0,,0,0
RPH Pegirikan,2023-10-17,Daging Sapi,Kota Surabaya,kg,95000,False,95000,2023,10,Selasa,0,0,,0,0
RPH Pegirikan,2023-10-18,Daging Sapi,Kota Surabaya,kg,95000,False,95000,2023,10,Rabu,0,0,,0,0
RPH Pegirikan,2023-10-19,Daging Sapi,Kota Surabaya,kg,95000,False,95000,2023,10,Kamis,0,0,,0,0
RPH Pegirikan,2023-10-20,Daging Sapi,Kota Surabaya,kg,95000,False,95000,2023,10,Jumat,0,0,,0,0
RPH Pegirikan,2023-10-21,Daging Sapi,Kota Surabaya,kg,95000,False,95000,2023,10,Sabtu,1,0,,0,0
RPH Pegirikan,2023-10-22,Daging Sapi,Kota Surabaya,kg,95000,False,95000,2023,10,Minggu,1,0,,0,0
RPH Pegirikan,2023-10-23,Daging Sapi,Kota Surabaya,kg,95000,False,95000,2023,10,Senin,0,0,,0,0
RPH Pegirikan,2023-10-24,Daging Sapi,Kota Surabaya,kg,95000,False,95000,2023,10,Selasa,0,0,,0,0
RPH Pegirikan,2023-10-25,Daging Sapi,Kota Surabaya,kg,95000,False,95000,2023,10,Rabu,0,0,,0,0
RPH Pegirikan,2023-10-26,Daging Sapi,Kota Surabaya,kg,95000,False,95000,2023,10,Kamis,0,0,,0,0
RPH Pegirikan,2023-10-27,Daging Sapi,Kota Surabaya,kg,95000,False,95000,2023,10,Jumat,0,0,,0,0
RPH Pegirikan,2023-10-28,Daging Sapi,Kota Surabaya,kg,95000,False,95000,2023,10,Sabtu,1,0,,0,0
RPH Pegirikan,2023-10-29,Daging Sapi,Kota Surabaya,kg,95000,False,95000,2023,10,Minggu,1,0,,0,0
RPH Pegirikan,2023-10-30,Daging Sapi,Kota Surabaya,kg,95000,False,95000,2023,10,Senin,0,0,,0,0
RPH Pegirikan,2023-10-31,Daging Sapi,Kota Surabaya,kg,95000,False,95000,2023,10,Selasa,0,0,,0,0
RPH Pegirikan,2023-11-01,Daging Sapi,Kota Surabaya,kg,95000,False,95000,2023,11,Rabu,0,0,,0,0
RPH Pegirikan,2023-11-02,Daging Sapi,Kota Surabaya,kg,95000,False,95000,2023,11,Kamis,0,0,,0,0
RPH Pegirikan,2023-11-03,Daging Sapi,Kota Surabaya,kg,95000,False,95000,2023,11,Jumat,0,0,,0,0
RPH Pegirikan,2023-11-04,Daging Sapi,Kota Surabaya,kg,95000,False,95000,2023,11,Sabtu,1,0,,0,0
RPH Pegirikan,2023-11-05,Daging Sapi,Kota Surabaya,kg,95000,False,95000,2023,11,Minggu,1,0,,0,0
RPH Pegirikan,2023-11-06,Daging Sapi,Kota Surabaya,kg,95000,False,95000,2023,11,Senin,0,0,,0,0
RPH Pegirikan,2023-11-07,Daging Sapi,Kota Surabaya,kg,95000,False,95000,2023,11,Selasa,0,0,,0,0
RPH Pegirikan,2023-11-08,Daging Sapi,Kota Surabaya,kg,95000,False,95000,2023,11,Rabu,0,0,,0,0
RPH Pegirikan,2023-11-09,Daging Sapi,Kota Surabaya,kg,95000,False,95000,2023,11,Kamis,0,0,,0,0
RPH Pegirikan,2023-11-10,Daging Sapi,Kota Surabaya,kg,95000,False,95000,2023,11,Jumat,0,0,,0,0
RPH Pegirikan,2023-11-11,Daging Sapi,Kota Surabaya,kg,95000,False,95000,2023,11,Sabtu,1,0,,0,0
RPH Pegirikan,2023-11-12,Daging Sapi,Kota Surabaya,kg,95000,False,95000,2023,11,Minggu,1,0,,0,0
RPH Pegirikan,2023-11-13,Daging Sapi,Kota Surabaya,kg,95000,False,95000,2023,11,Senin,0,0,,0,0
RPH Pegirikan,2023-11-14,Daging Sapi,Kota Surabaya,kg,95000,False,95000,2023,11,Selasa,0,0,,0,0
RPH Pegirikan,2023-11-15,Daging Sapi,Kota Surabaya,kg,95000,False,95000,2023,11,Rabu,0,0,,0,0
RPH Pegirikan,2023-11-16,Daging Sapi,Kota Surabaya,kg,95000,False,95000,2023,11,Kamis,0,0,,0,0
RPH Pegirikan,2023-11-17,Daging Sapi,Kota Surabaya,kg,95000,False,95000,2023,11,Jumat,0,0,,0,0
RPH Pegirikan,2023-11-18,Daging Sapi,Kota Surabaya,kg,95000,False,95000,2023,11,Sabtu,1,0,,0,0
RPH Pegirikan,2023-11-19,Daging Sapi,Kota Surabaya,kg,95000,False,95000,2023,11,Minggu,1,0,,0,0
RPH Pegirikan,2023-11-20,Daging Sapi,Kota Surabaya,kg,95000,False,95000,2023,11,Senin,0,0,,0,0
RPH Pegirikan,2023-11-21,Daging Sapi,Kota Surabaya,kg,95000,False,95000,2023,11,Selasa,0,0,,0,0
RPH Pegirikan,2023-11-22,Daging Sapi,Kota Surabaya,kg,95000,False,95000,2023,11,Rabu,0,0,,0,0
RPH Pegirikan,2023-11-23,Daging Sapi,Kota Surabaya,kg,95000,False,95000,2023,11,Kamis,0,0,,0,0
RPH Pegirikan,2023-11-24,Daging Sapi,Kota Surabaya,kg,95000,False,95000,2023,11,Jumat,0,0,,0,0
RPH Pegirikan,2023-11-25,Daging Sapi,Kota Surabaya,kg,95000,False,95000,2023,11,Sabtu,1,0,,0,0
RPH Pegirikan,2023-11-26,Daging Sapi,Kota Surabaya,kg,95000,False,95000,2023,11,Minggu,1,0,,0,0
RPH Pegirikan,2023-11-27,Daging Sapi,Kota Surabaya,kg,95000,False,95000,2023,11,Senin,0,0,,0,0
RPH Pegirikan,2023-11-28,Daging Sapi,Kota Surabaya,kg,95000,False,95000,2023,11,Selasa,0,0,,0,0
RPH Pegirikan,2023-11-29,Daging Sapi,Kota Surabaya,kg,95000,False,95000,2023,11,Rabu,0,0,,0,0
RPH Pegirikan,2023-11-30,Daging Sapi,Kota Surabaya,kg,95000,False,95000,2023,11,Kamis,0,0,,0,0
RPH Pegirikan,2023-12-01,Daging Sapi,Kota Surabaya,kg,95000,False,95000,2023,12,Jumat,0,0,,0,0
RPH Pegirikan,2023-12-02,Daging Sapi,Kota Surabaya,kg,95000,False,95000,2023,12,Sabtu,1,0,,0,0
RPH Pegirikan,2023-12-03,Daging Sapi,Kota Surabaya,kg,95000,False,95000,2023,12,Minggu,1,0,,0,0
RPH Pegirikan,2023-12-04,Daging Sapi,Kota Surabaya,kg,95000,False,95000,2023,12,Senin,0,0,,0,0
RPH Pegirikan,2023-12-05,Daging Sapi,Kota Surabaya,kg,95000,False,95000,2023,12,Selasa,0,0,,0,0
RPH Pegirikan,2023-12-06,Daging Sapi,Kota Surabaya,kg,95000,False,95000,2023,12,Rabu,0,0,,0,0
RPH Pegirikan,2023-12-07,Daging Sapi,Kota Surabaya,kg,95000,False,95000,2023,12,Kamis,0,0,,0,0
RPH Pegirikan,2023-12-08,Daging Sapi,Kota Surabaya,kg,95000,False,95000,2023,12,Jumat,0,0,,0,0
RPH Pegirikan,2023-12-09,Daging Sapi,Kota Surabaya,kg,95000,False,95000,2023,12,Sabtu,1,0,,0,0
RPH Pegirikan,2023-12-10,Daging Sapi,Kota Surabaya,kg,95000,False,95000,2023,12,Minggu,1,0,,0,0
RPH Pegirikan,2023-12-11,Daging Sapi,Kota Surabaya,kg,95000,False,95000,2023,12,Senin,0,0,,0,0
RPH Pegirikan,2023-12-12,Daging Sapi,Kota Surabaya,kg,95000,False,95000,2023,12,Selasa,0,0,,0,0
RPH Pegirikan,2023-12-13,Daging Sapi,Kota Surabaya,kg,95000,False,95000,2023,12,Rabu,0,0,,0,0
RPH Pegirikan,2023-12-14,Daging Sapi,Kota Surabaya,kg,95000,False,95000,2023,12,Kamis,0,0,,0,0
RPH Pegirikan,2023-12-15,Daging Sapi,Kota Surabaya,kg,95000,False,95000,2023,12,Jumat,0,0,,0,0
RPH Pegirikan,2023-12-16,Daging Sapi,Kota Surabaya,kg,95000,False,95000,2023,12,Sabtu,1,0,,0,0
RPH Pegirikan,2023-12-17,Daging Sapi,Kota Surabaya,kg,95000,False,95000,2023,12,Minggu,1,0,,0,0
RPH Pegirikan,2023-12-18,Daging Sapi,Kota Surabaya,kg,95000,False,95000,2023,12,Senin,0,0,,0,0
RPH Pegirikan,2023-12-19,Daging Sapi,Kota Surabaya,kg,95000,False,95000,2023,12,Selasa,0,0,,0,0
RPH Pegirikan,2023-12-20,Daging Sapi,Kota Surabaya,kg,95000,False,95000,2023,12,Rabu,0,0,,0,0
RPH Pegirikan,2023-12-21,Daging Sapi,Kota Surabaya,kg,95000,False,95000,2023,12,Kamis,0,0,,0,0
RPH Pegirikan,2023-12-22,Daging Sapi,Kota Surabaya,kg,95000,False,95000,2023,12,Jumat,0,0,,0,0
RPH Pegirikan,2023-12-23,Daging Sapi,Kota Surabaya,kg,95000,False,95000,2023,12,Sabtu,1,0,,0,0
RPH Pegirikan,2023-12-24,Daging Sapi,Kota Surabaya,kg,95000,False,95000,2023,12,Minggu,1,0,,0,0
RPH Pegirikan,2023-12-25,Daging Sapi,Kota Surabaya,kg,95000,False,95000,2023,12,Senin,0,1,Hari Raya Natal,0,0
RPH Pegirikan,2023-12-26,Daging Sapi,Kota Surabaya,kg,95000,False,95000,2023,12,Selasa,0,1,Cuti Bersama Hari Raya Natal,0,0
RPH Pegirikan,2023-12-27,Daging Sapi,Kota Surabaya,kg,95000,False,95000,2023,12,Rabu,0,0,,0,0
RPH Pegirikan,2023-12-28,Daging Sapi,Kota Surabaya,kg,95000,False,95000,2023,12,Kamis,0,0,,0,0
RPH Pegirikan,2023-12-29,Daging Sapi,Kota Surabaya,kg,95000,False,95000,2023,12,Jumat,0,0,,0,0
RPH Pegirikan,2023-12-30,Daging Sapi,Kota Surabaya,kg,95000,False,95000,2023,12,Sabtu,1,0,,0,0
RPH Pegirikan,2023-12-31,Daging Sapi,Kota Surabaya,kg,95000,False,95000,2023,12,Minggu,1,0,,0,0
RPH Pegirikan,2024-01-01,Daging Sapi,Kota Surabaya,kg,95000,False,95000,2024,1,Senin,0,1,Tahun Baru Masehi,0,0
RPH Pegirikan,2024-01-02,Daging Sapi,Kota Surabaya,kg,95000,False,95000,2024,1,Selasa,0,0,,0,0
RPH Pegirikan,2024-01-03,Daging Sapi,Kota Surabaya,kg,95000,False,95000,2024,1,Rabu,0,0,,0,0
RPH Pegirikan,2024-01-04,Daging Sapi,Kota Surabaya,kg,95000,False,95000,2024,1,Kamis,0,0,,0,0
RPH Pegirikan,2024-01-05,Daging Sapi,Kota Surabaya,kg,95000,False,95000,2024,1,Jumat,0,0,,0,0
RPH Pegirikan,2024-01-06,Daging Sapi,Kota Surabaya,kg,95000,False,95000,2024,1,Sabtu,1,0,,0,0
RPH Pegirikan,2024-01-07,Daging Sapi,Kota Surabaya,kg,95000,False,95000,2024,1,Minggu,1,0,,0,0
RPH Pegirikan,2024-01-08,Daging Sapi,Kota Surabaya,kg,95000,False,95000,2024,1,Senin,0,0,,0,0
RPH Pegirikan,2024-01-09,Daging Sapi,Kota Surabaya,kg,95000,False,95000,2024,1,Selasa,0,0,,0,0
RPH Pegirikan,2024-01-10,Daging Sapi,Kota Surabaya,kg,95000,False,95000,2024,1,Rabu,0,0,,0,0
RPH Pegirikan,2024-01-11,Daging Sapi,Kota Surabaya,kg,95000,False,95000,2024,1,Kamis,0,0,,0,0
RPH Pegirikan,2024-01-12,Daging Sapi,Kota Surabaya,kg,95000,False,95000,2024,1,Jumat,0,0,,0,0
RPH Pegirikan,2024-01-13,Daging Sapi,Kota Surabaya,kg,95000,False,95000,2024,1,Sabtu,1,0,,0,0
RPH Pegirikan,2024-01-14,Daging Sapi,Kota Surabaya,kg,95000,False,95000,2024,1,Minggu,1,0,,0,0
RPH Pegirikan,2024-01-15,Daging Sapi,Kota Surabaya,kg,95000,False,95000,2024,1,Senin,0,0,,0,0
RPH Pegirikan,2024-01-16,Daging Sapi,Kota Surabaya,kg,95000,False,95000,2024,1,Selasa,0,0,,0,0
RPH Pegirikan,2024-01-17,Daging Sapi,Kota Surabaya,kg,95000,False,95000,2024,1,Rabu,0,0,,0,0
RPH Pegirikan,2024-01-18,Daging Sapi,Kota Surabaya,kg,95000,False,95000,2024,1,Kamis,0,0,,0,0
RPH Pegirikan,2024-01-19,Daging Sapi,Kota Surabaya,kg,95000,False,95000,2024,1,Jumat,0,0,,0,0
RPH Pegirikan,2024-01-20,Daging Sapi,Kota Surabaya,kg,95000,False,95000,2024,1,Sabtu,1,0,,0,0
RPH Pegirikan,2024-01-21,Daging Sapi,Kota Surabaya,kg,95000,False,95000,2024,1,Minggu,1,0,,0,0
RPH Pegirikan,2024-01-22,Daging Sapi,Kota Surabaya,kg,95000,False,95000,2024,1,Senin,0,0,,0,0
RPH Pegirikan,2024-01-23,Daging Sapi,Kota Surabaya,kg,95000,False,95000,2024,1,Selasa,0,0,,0,0
RPH Pegirikan,2024-01-24,Daging Sapi,Kota Surabaya,kg,95000,False,95000,2024,1,Rabu,0,0,,0,0
RPH Pegirikan,2024-01-25,Daging Sapi,Kota Surabaya,kg,95000,False,95000,2024,1,Kamis,0,0,,0,0
RPH Pegirikan,2024-01-26,Daging Sapi,Kota Surabaya,kg,95000,False,95000,2024,1,Jumat,0,0,,0,0
RPH Pegirikan,2024-01-27,Daging Sapi,Kota Surabaya,kg,95000,False,95000,2024,1,Sabtu,1,0,,0,0
RPH Pegirikan,2024-01-28,Daging Sapi,Kota Surabaya,kg,95000,False,95000,2024,1,Minggu,1,0,,0,0
RPH Pegirikan,2024-01-29,Daging Sapi,Kota Surabaya,kg,95000,False,95000,2024,1,Senin,0,0,,0,0
RPH Pegirikan,2024-01-30,Daging Sapi,Kota Surabaya,kg,95000,False,95000,2024,1,Selasa,0,0,,0,0
RPH Pegirikan,2024-01-31,Daging Sapi,Kota Surabaya,kg,95000,False,95000,2024,1,Rabu,0,0,,0,0
RPH Pegirikan,2024-02-01,Daging Sapi,Kota Surabaya,kg,95000,False,95000,2024,2,Kamis,0,0,,0,0
RPH Pegirikan,2024-02-02,Daging Sapi,Kota Surabaya,kg,95000,False,95000,2024,2,Jumat,0,0,,0,0
RPH Pegirikan,2024-02-03,Daging Sapi,Kota Surabaya,kg,95000,False,95000,2024,2,Sabtu,1,0,,0,0
RPH Pegirikan,2024-02-04,Daging Sapi,Kota Surabaya,kg,95000,False,95000,2024,2,Minggu,1,0,,0,0
RPH Pegirikan,2024-02-05,Daging Sapi,Kota Surabaya,kg,95000,False,95000,2024,2,Senin,0,0,,0,0
RPH Pegirikan,2024-02-06,Daging Sapi,Kota Surabaya,kg,95000,False,95000,2024,2,Selasa,0,0,,0,0
RPH Pegirikan,2024-02-07,Daging Sapi,Kota Surabaya,kg,95000,False,95000,2024,2,Rabu,0,0,,0,0
RPH Pegirikan,2024-02-08,Daging Sapi,Kota Surabaya,kg,95000,False,95000,2024,2,Kamis,0,1,Isra Mikraj Nabi Muhammad,0,0
RPH Pegirikan,2024-02-09,Daging Sapi,Kota Surabaya,kg,95000,False,95000,2024,2,Jumat,0,1,Cuti Bersama Tahun Baru Imlek,0,0
RPH Pegirikan,2024-02-10,Daging Sapi,Kota Surabaya,kg,95000,False,95000,2024,2,Sabtu,1,1,Tahun Baru Imlek,0,0
RPH Pegirikan,2024-02-11,Daging Sapi,Kota Surabaya,kg,95000,False,95000,2024,2,Minggu,1,0,,0,0
RPH Pegirikan,2024-02-12,Daging Sapi,Kota Surabaya,kg,95000,False,95000,2024,2,Senin,0,0,,0,0
RPH Pegirikan,2024-02-13,Daging Sapi,Kota Surabaya,kg,95000,False,95000,2024,2,Selasa,0,0,,0,0
RPH Pegirikan,2024-02-14,Daging Sapi,Kota Surabaya,kg,95000,False,95000,2024,2,Rabu,0,1,Hari Pemilihan Umum,0,0
RPH Pegirikan,2024-02-15,Daging Sapi,Kota Surabaya,kg,95000,False,95000,2024,2,Kamis,0,0,,0,0
RPH Pegirikan,2024-02-16,Daging Sapi,Kota Surabaya,kg,95000,False,95000,2024,2,Jumat,0,0,,0,0
RPH Pegirikan,2024-02-17,Daging Sapi,Kota Surabaya,kg,95000,False,95000,2024,2,Sabtu,1,0,,0,0
RPH Pegirikan,2024-02-18,Daging Sapi,Kota Surabaya,kg,95000,False,95000,2024,2,Minggu,1,0,,0,0
RPH Pegirikan,2024-02-19,Daging Sapi,Kota Surabaya,kg,95000,False,95000,2024,2,Senin,0,0,,0,0
RPH Pegirikan,2024-02-20,Daging Sapi,Kota Surabaya,kg,95000,False,95000,2024,2,Selasa,0,0,,0,0
RPH Pegirikan,2024-02-21,Daging Sapi,Kota Surabaya,kg,95000,False,95000,2024,2,Rabu,0,0,,0,0
RPH Pegirikan,2024-02-22,Daging Sapi,Kota Surabaya,kg,95000,False,95000,2024,2,Kamis,0,0,,0,0
RPH Pegirikan,2024-02-23,Daging Sapi,Kota Surabaya,kg,95000,False,95000,2024,2,Jumat,0,0,,0,0
RPH Pegirikan,2024-02-24,Daging Sapi,Kota Surabaya,kg,95000,False,95000,2024,2,Sabtu,1,0,,0,0
RPH Pegirikan,2024-02-25,Daging Sapi,Kota Surabaya,kg,95000,False,95000,2024,2,Minggu,1,0,,0,0
RPH Pegirikan,2024-02-26,Daging Sapi,Kota Surabaya,kg,95000,False,95000,2024,2,Senin,0,0,,0,0
RPH Pegirikan,2024-02-27,Daging Sapi,Kota Surabaya,kg,95000,False,95000,2024,2,Selasa,0,0,,0,1
RPH Pegirikan,2024-02-28,Daging Sapi,Kota Surabaya,kg,95000,False,95000,2024,2,Rabu,0,0,,0,1
RPH Pegirikan,2024-02-29,Daging Sapi,Kota Surabaya,kg,95000,False,95000,2024,2,Kamis,0,0,,0,1
RPH Pegirikan,2024-03-01,Daging Sapi,Kota Surabaya,kg,95000,False,95000,2024,3,Jumat,0,0,,0,1
RPH Pegirikan,2024-03-02,Daging Sapi,Kota Surabaya,kg,95000,False,95000,2024,3,Sabtu,1,0,,0,1
RPH Pegirikan,2024-03-03,Daging Sapi,Kota Surabaya,kg,95000,False,95000,2024,3,Minggu,1,0,,0,1
RPH Pegirikan,2024-03-04,Daging Sapi,Kota Surabaya,kg,95000,False,95000,2024,3,Senin,0,0,,0,1
RPH Pegirikan,2024-03-05,Daging Sapi,Kota Surabaya,kg,95000,False,95000,2024,3,Selasa,0,0,,0,1
RPH Pegirikan,2024-03-06,Daging Sapi,Kota Surabaya,kg,95000,False,95000,2024,3,Rabu,0,0,,0,1
RPH Pegirikan,2024-03-07,Daging Sapi,Kota Surabaya,kg,95000,False,95000,2024,3,Kamis,0,0,,0,1
RPH Pegirikan,2024-03-08,Daging Sapi,Kota Surabaya,kg,95000,False,95000,2024,3,Jumat,0,0,,0,1
RPH Pegirikan,2024-03-09,Daging Sapi,Kota Surabaya,kg,95000,False,95000,2024,3,Sabtu,1,0,,0,1
RPH Pegirikan,2024-03-10,Daging Sapi,Kota Surabaya,kg,95000,False,95000,2024,3,Minggu,1,0,,0,1
RPH Pegirikan,2024-03-11,Daging Sapi,Kota Surabaya,kg,95000,False,95000,2024,3,Senin,0,1,Hari Suci Nyepi,0,1
RPH Pegirikan,2024-03-12,Daging Sapi,Kota Surabaya,kg,95000,False,95000,2024,3,Selasa,0,1,Cuti Bersama Hari Suci Nyepi,1,0
RPH Pegirikan,2024-03-13,Daging Sapi,Kota Surabaya,kg,95000,False,95000,2024,3,Rabu,0,0,,1,0
RPH Pegirikan,2024-03-14,Daging Sapi,Kota Surabaya,kg,95000,False,95000,2024,3,Kamis,0,0,,1,0
RPH Pegirikan,2024-03-15,Daging Sapi,Kota Surabaya,kg,95000,False,95000,2024,3,Jumat,0,0,,1,0
RPH Pegirikan,2024-03-16,Daging Sapi,Kota Surabaya,kg,95000,False,95000,2024,3,Sabtu,1,0,,1,0
RPH Pegirikan,2024-03-17,Daging Sapi,Kota Surabaya,kg,95000,False,95000,2024,3,Minggu,1,0,,1,0
RPH Pegirikan,2024-03-18,Daging Sapi,Kota Surabaya,kg,95000,False,95000,2024,3,Senin,0,0,,1,0
RPH Pegirikan,2024-03-19,Daging Sapi,Kota Surabaya,kg,95000,False,95000,2024,3,Selasa,0,0,,1,0
RPH Pegirikan,2024-03-20,Daging Sapi,Kota Surabaya,kg,95000,False,95000,2024,3,Rabu,0,0,,1,0
RPH Pegirikan,2024-03-21,Daging Sapi,Kota Surabaya,kg,95000,False,95000,2024,3,Kamis,0,0,,1,0
RPH Pegirikan,2024-03-22,Daging Sapi,Kota Surabaya,kg,95000,False,95000,2024,3,Jumat,0,0,,1,0
RPH Pegirikan,2024-03-23,Daging Sapi,Kota Surabaya,kg,95000,False,95000,2024,3,Sabtu,1,0,,1,0
RPH Pegirikan,2024-03-24,Daging Sapi,Kota Surabaya,kg,95000,False,95000,2024,3,Minggu,1,0,,1,0
RPH Pegirikan,2024-03-25,Daging Sapi,Kota Surabaya,kg,95000,False,95000,2024,3,Senin,0,0,,1,0
RPH Pegirikan,2024-03-26,Daging Sapi,Kota Surabaya,kg,95000,False,95000,2024,3,Selasa,0,0,,1,0
RPH Pegirikan,2024-03-27,Daging Sapi,Kota Surabaya,kg,95000,False,95000,2024,3,Rabu,0,0,,1,0
RPH Pegirikan,2024-03-28,Daging Sapi,Kota Surabaya,kg,95000,False,95000,2024,3,Kamis,0,0,,1,0
RPH Pegirikan,2024-03-29,Daging Sapi,Kota Surabaya,kg,95000,False,95000,2024,3,Jumat,0,1,Wafat Yesus Kristus,1,0
RPH Pegirikan,2024-03-30,Daging Sapi,Kota Surabaya,kg,95000,False,95000,2024,3,Sabtu,1,0,,1,0
RPH Pegirikan,2024-03-31,Daging Sapi,Kota Surabaya,kg,95000,False,95000,2024,3,Minggu,1,1,Kebangkitan Yesus Kristus,1,0
RPH Pegirikan,2024-04-01,Daging Sapi,Kota Surabaya,kg,95000,False,95000,2024,4,Senin,0,0,,1,0
RPH Pegirikan,2024-04-02,Daging Sapi,Kota Surabaya,kg,110000,False,110000,2024,4,Selasa,0,0,,1,0
RPH Pegirikan,2024-04-03,Daging Sapi,Kota Surabaya,kg,110000,False,110000,2024,4,Rabu,0,0,,1,0
RPH Pegirikan,2024-04-04,Daging Sapi,Kota Surabaya,kg,110000,False,110000,2024,4,Kamis,0,0,,1,0
RPH Pegirikan,2024-04-05,Daging Sapi,Kota Surabaya,kg,100000,False,100000,2024,4,Jumat,0,0,,1,0
RPH Pegirikan,2024-04-06,Daging Sapi,Kota Surabaya,kg,100000,False,100000,2024,4,Sabtu,1,0,,1,0
RPH Pegirikan,2024-04-07,Daging Sapi,Kota Surabaya,kg,100000,False,100000,2024,4,Minggu,1,0,,1,0
RPH Pegirikan,2024-04-08,Daging Sapi,Kota Surabaya,kg,100000,False,100000,2024,4,Senin,0,1,Cuti Bersama Hari Raya Idul Fitri,1,0
RPH Pegirikan,2024-04-09,Daging Sapi,Kota Surabaya,kg,100000,False,100000,2024,4,Selasa,0,1,Cuti Bersama Hari Raya Idul Fitri,1,0
RPH Pegirikan,2024-04-10,Daging Sapi,Kota Surabaya,kg,100000,False,100000,2024,4,Rabu,0,1,Hari Raya Idul Fitri,0,0
RPH Pegirikan,2024-04-11,Daging Sapi,Kota Surabaya,kg,100000,False,100000,2024,4,Kamis,0,1,Hari kedua dari Hari Raya Idul Fitri,0,0
RPH Pegirikan,2024-04-12,Daging Sapi,Kota Surabaya,kg,100000,False,100000,2024,4,Jumat,0,1,Cuti Bersama Hari Raya Idul Fitri,0,0
RPH Pegirikan,2024-04-13,Daging Sapi,Kota Surabaya,kg,100000,False,100000,2024,4,Sabtu,1,0,,0,0
RPH Pegirikan,2024-04-14,Daging Sapi,Kota Surabaya,kg,100000,False,100000,2024,4,Minggu,1,0,,0,0
RPH Pegirikan,2024-04-15,Daging Sapi,Kota Surabaya,kg,100000,False,100000,2024,4,Senin,0,1,Cuti Bersama Hari Raya Idul Fitri,0,0
RPH Pegirikan,2024-04-16,Daging Sapi,Kota Surabaya,kg,100000,False,100000,2024,4,Selasa,0,0,,0,0
RPH Pegirikan,2024-04-17,Daging Sapi,Kota Surabaya,kg,100000,False,100000,2024,4,Rabu,0,0,,0,0
RPH Pegirikan,2024-04-18,Daging Sapi,Kota Surabaya,kg,100000,False,100000,2024,4,Kamis,0,0,,0,0
RPH Pegirikan,2024-04-19,Daging Sapi,Kota Surabaya,kg,100000,False,100000,2024,4,Jumat,0,0,,0,0
RPH Pegirikan,2024-04-20,Daging Sapi,Kota Surabaya,kg,100000,False,100000,2024,4,Sabtu,1,0,,0,0
RPH Pegirikan,2024-04-21,Daging Sapi,Kota Surabaya,kg,100000,False,100000,2024,4,Minggu,1,0,,0,0
RPH Pegirikan,2024-04-22,Daging Sapi,Kota Surabaya,kg,100000,False,100000,2024,4,Senin,0,0,,0,0
RPH Pegirikan,2024-04-23,Daging Sapi,Kota Surabaya,kg,100000,False,100000,2024,4,Selasa,0,0,,0,0
RPH Pegirikan,2024-04-24,Daging Sapi,Kota Surabaya,kg,100000,False,100000,2024,4,Rabu,0,0,,0,0
RPH Pegirikan,2024-04-25,Daging Sapi,Kota Surabaya,kg,100000,False,100000,2024,4,Kamis,0,0,,0,0
RPH Pegirikan,2024-04-26,Daging Sapi,Kota Surabaya,kg,100000,False,100000,2024,4,Jumat,0,0,,0,0
RPH Pegirikan,2024-04-27,Daging Sapi,Kota Surabaya,kg,100000,False,100000,2024,4,Sabtu,1,0,,0,0
RPH Pegirikan,2024-04-28,Daging Sapi,Kota Surabaya,kg,100000,False,100000,2024,4,Minggu,1,0,,0,0
RPH Pegirikan,2024-04-29,Daging Sapi,Kota Surabaya,kg,100000,False,100000,2024,4,Senin,0,0,,0,0
RPH Pegirikan,2024-04-30,Daging Sapi,Kota Surabaya,kg,100000,False,100000,2024,4,Selasa,0,0,,0,0
RPH Pegirikan,2024-05-01,Daging Sapi,Kota Surabaya,kg,100000,False,100000,2024,5,Rabu,0,1,Hari Buruh Internasional,0,0
RPH Pegirikan,2024-05-02,Daging Sapi,Kota Surabaya,kg,100000,False,100000,2024,5,Kamis,0,0,,0,0
RPH Pegirikan,2024-05-03,Daging Sapi,Kota Surabaya,kg,100000,False,100000,2024,5,Jumat,0,0,,0,0
RPH Pegirikan,2024-05-04,Daging Sapi,Kota Surabaya,kg,100000,False,100000,2024,5,Sabtu,1,0,,0,0
RPH Pegirikan,2024-05-05,Daging Sapi,Kota Surabaya,kg,100000,False,100000,2024,5,Minggu,1,0,,0,0
RPH Pegirikan,2024-05-06,Daging Sapi,Kota Surabaya,kg,100000,False,100000,2024,5,Senin,0,0,,0,0
RPH Pegirikan,2024-05-07,Daging Sapi,Kota Surabaya,kg,100000,False,100000,2024,5,Selasa,0,0,,0,0
RPH Pegirikan,2024-05-08,Daging Sapi,Kota Surabaya,kg,100000,False,100000,2024,5,Rabu,0,0,,0,0
RPH Pegirikan,2024-05-09,Daging Sapi,Kota Surabaya,kg,100000,False,100000,2024,5,Kamis,0,1,Kenaikan Yesus Kristus,0,0
RPH Pegirikan,2024-05-10,Daging Sapi,Kota Surabaya,kg,100000,False,100000,2024,5,Jumat,0,1,Cuti Bersama Kenaikan Yesus Kristus,0,0
RPH Pegirikan,2024-05-11,Daging Sapi,Kota Surabaya,kg,100000,False,100000,2024,5,Sabtu,1,0,,0,0
RPH Pegirikan,2024-05-12,Daging Sapi,Kota Surabaya,kg,100000,False,100000,2024,5,Minggu,1,0,,0,0
RPH Pegirikan,2024-05-13,Daging Sapi,Kota Surabaya,kg,100000,False,100000,2024,5,Senin,0,0,,0,0
RPH Pegirikan,2024-05-14,Daging Sapi,Kota Surabaya,kg,100000,False,100000,2024,5,Selasa,0,0,,0,0
RPH Pegirikan,2024-05-15,Daging Sapi,Kota Surabaya,kg,100000,False,100000,2024,5,Rabu,0,0,,0,0
RPH Pegirikan,2024-05-16,Daging Sapi,Kota Surabaya,kg,100000,False,100000,2024,5,Kamis,0,0,,0,0
RPH Pegirikan,2024-05-17,Daging Sapi,Kota Surabaya,kg,100000,False,100000,2024,5,Jumat,0,0,,0,0
RPH Pegirikan,2024-05-18,Daging Sapi,Kota Surabaya,kg,100000,False,100000,2024,5,Sabtu,1,0,,0,0
RPH Pegirikan,2024-05-19,Daging Sapi,Kota Surabaya,kg,100000,False,100000,2024,5,Minggu,1,0,,0,0
RPH Pegirikan,2024-05-20,Daging Sapi,Kota Surabaya,kg,100000,False,100000,2024,5,Senin,0,0,,0,0
RPH Pegirikan,2024-05-21,Daging Sapi,Kota Surabaya,kg,100000,False,100000,2024,5,Selasa,0,0,,0,0
RPH Pegirikan,2024-05-22,Daging Sapi,Kota Surabaya,kg,100000,False,100000,2024,5,Rabu,0,0,,0,0
RPH Pegirikan,2024-05-23,Daging Sapi,Kota Surabaya,kg,100000,False,100000,2024,5,Kamis,0,1,Hari Raya Waisak,0,0
RPH Pegirikan,2024-05-24,Daging Sapi,Kota Surabaya,kg,100000,False,100000,2024,5,Jumat,0,1,Cuti Bersama Hari Raya Waisak,0,0
RPH Pegirikan,2024-05-25,Daging Sapi,Kota Surabaya,kg,100000,False,100000,2024,5,Sabtu,1,0,,0,0
RPH Pegirikan,2024-05-26,Daging Sapi,Kota Surabaya,kg,100000,False,100000,2024,5,Minggu,1,0,,0,0
RPH Pegirikan,2024-05-27,Daging Sapi,Kota Surabaya,kg,100000,False,100000,2024,5,Senin,0,0,,0,0
RPH Pegirikan,2024-05-28,Daging Sapi,Kota Surabaya,kg,100000,False,100000,2024,5,Selasa,0,0,,0,0
RPH Pegirikan,2024-05-29,Daging Sapi,Kota Surabaya,kg,100000,False,100000,2024,5,Rabu,0,0,,0,0
RPH Pegirikan,2024-05-30,Daging Sapi,Kota Surabaya,kg,100000,False,100000,2024,5,Kamis,0,0,,0,0
RPH Pegirikan,2024-05-31,Daging Sapi,Kota Surabaya,kg,100000,False,100000,2024,5,Jumat,0,0,,0,0
RPH Pegirikan,2024-06-01,Daging Sapi,Kota Surabaya,kg,100000,False,100000,2024,6,Sabtu,1,1,Hari Lahir Pancasila,0,0
RPH Pegirikan,2024-06-02,Daging Sapi,Kota Surabaya,kg,100000,False,100000,2024,6,Minggu,1,0,,0,0
RPH Pegirikan,2024-06-03,Daging Sapi,Kota Surabaya,kg,100000,False,100000,2024,6,Senin,0,0,,0,0
RPH Pegirikan,2024-06-04,Daging Sapi,Kota Surabaya,kg,100000,False,100000,2024,6,Selasa,0,0,,0,0
RPH Pegirikan,2024-06-05,Daging Sapi,Kota Surabaya,kg,100000,False,100000,2024,6,Rabu,0,0,,0,0
RPH Pegirikan,2024-06-06,Daging Sapi,Kota Surabaya,kg,100000,False,100000,2024,6,Kamis,0,0,,0,0
RPH Pegirikan,2024-06-07,Daging Sapi,Kota Surabaya,kg,100000,False,100000,2024,6,Jumat,0,0,,0,0
RPH Pegirikan,2024-06-08,Daging Sapi,Kota Surabaya,kg,120000,False,120000,2024,6,Sabtu,1,0,,0,0
RPH Pegirikan,2024-06-09,Daging Sapi,Kota Surabaya,kg,120000,False,120000,2024,6,Minggu,1,0,,0,0
RPH Pegirikan,2024-06-10,Daging Sapi,Kota Surabaya,kg,120000,False,120000,2024,6,Senin,0,0,,0,0
RPH Pegirikan,2024-06-11,Daging Sapi,Kota Surabaya,kg,120000,False,120000,2024,6,Selasa,0,0,,0,0
RPH Pegirikan,2024-06-12,Daging Sapi,Kota Surabaya,kg,120000,False,120000,2024,6,Rabu,0,0,,0,0
RPH Pegirikan,2024-06-13,Daging Sapi,Kota Surabaya,kg,120000,False,120000,2024,6,Kamis,0,0,,0,0
RPH Pegirikan,2024-06-14,Daging Sapi,Kota Surabaya,kg,120000,False,120000,2024,6,Jumat,0,0,,0,0
RPH Pegirikan,2024-06-15,Daging Sapi,Kota Surabaya,kg,120000,False,120000,2024,6,Sabtu,1,0,,0,0
RPH Pegirikan,2024-06-16,Daging Sapi,Kota Surabaya,kg,120000,False,120000,2024,6,Minggu,1,0,,0,0
RPH Pegirikan,2024-06-17,Daging Sapi,Kota Surabaya,kg,120000,False,120000,2024,6,Senin,0,1,Hari Raya Idul Adha,0,0
RPH Pegirikan,2024-06-18,Daging Sapi,Kota Surabaya,kg,120000,False,120000,2024,6,Selasa,0,1,Cuti Bersama Hari Raya Idul Adha,0,0
RPH Pegirikan,2024-06-19,Daging Sapi,Kota Surabaya,kg,120000,False,120000,2024,6,Rabu,0,0,,0,0
RPH Pegirikan,2024-06-20,Daging Sapi,Kota Surabaya,kg,120000,False,120000,2024,6,Kamis,0,0,,0,0
RPH Pegirikan,2024-06-21,Daging Sapi,Kota Surabaya,kg,120000,False,120000,2024,6,Jumat,0,0,,0,0
RPH Pegirikan,2024-06-22,Daging Sapi,Kota Surabaya,kg,120000,False,120000,2024,6,Sabtu,1,0,,0,0
RPH Pegirikan,2024-06-23,Daging Sapi,Kota Surabaya,kg,120000,False,120000,2024,6,Minggu,1,0,,0,0
RPH Pegirikan,2024-06-24,Daging Sapi,Kota Surabaya,kg,120000,False,120000,2024,6,Senin,0,0,,0,0
RPH Pegirikan,2024-06-25,Daging Sapi,Kota Surabaya,kg,120000,False,120000,2024,6,Selasa,0,0,,0,0
RPH Pegirikan,2024-06-26,Daging Sapi,Kota Surabaya,kg,120000,False,120000,2024,6,Rabu,0,0,,0,0
RPH Pegirikan,2024-06-27,Daging Sapi,Kota Surabaya,kg,120000,False,120000,2024,6,Kamis,0,0,,0,0
RPH Pegirikan,2024-06-28,Daging Sapi,Kota Surabaya,kg,120000,False,120000,2024,6,Jumat,0,0,,0,0
RPH Pegirikan,2024-06-29,Daging Sapi,Kota Surabaya,kg,120000,False,120000,2024,6,Sabtu,1,0,,0,0
RPH Pegirikan,2024-06-30,Daging Sapi,Kota Surabaya,kg,120000,False,120000,2024,6,Minggu,1,0,,0,0
RPH Pegirikan,2024-07-01,Daging Sapi,Kota Surabaya,kg,95000,False,95000,2024,7,Senin,0,0,,0,0
RPH Pegirikan,2024-07-02,Daging Sapi,Kota Surabaya,kg,95000,False,95000,2024,7,Selasa,0,0,,0,0
RPH Pegirikan,2024-07-03,Daging Sapi,Kota Surabaya,kg,95000,False,95000,2024,7,Rabu,0,0,,0,0
RPH Pegirikan,2024-07-04,Daging Sapi,Kota Surabaya,kg,95000,False,95000,2024,7,Kamis,0,0,,0,0
RPH Pegirikan,2024-07-05,Daging Sapi,Kota Surabaya,kg,95000,False,95000,2024,7,Jumat,0,0,,0,0
RPH Pegirikan,2024-07-06,Daging Sapi,Kota Surabaya,kg,95000,False,95000,2024,7,Sabtu,1,0,,0,0
RPH Pegirikan,2024-07-07,Daging Sapi,Kota Surabaya,kg,95000,False,95000,2024,7,Minggu,1,1,Tahun Baru Islam,0,0
RPH Pegirikan,2024-07-08,Daging Sapi,Kota Surabaya,kg,95000,False,95000,2024,7,Senin,0,0,,0,0
RPH Pegirikan,2024-07-09,Daging Sapi,Kota Surabaya,kg,95000,False,95000,2024,7,Selasa,0,0,,0,0
RPH Pegirikan,2024-07-10,Daging Sapi,Kota Surabaya,kg,95000,False,95000,2024,7,Rabu,0,0,,0,0
RPH Pegirikan,2024-07-11,Daging Sapi,Kota Surabaya,kg,95000,False,95000,2024,7,Kamis,0,0,,0,0
RPH Pegirikan,2024-07-12,Daging Sapi,Kota Surabaya,kg,95000,False,95000,2024,7,Jumat,0,0,,0,0
RPH Pegirikan,2024-07-13,Daging Sapi,Kota Surabaya,kg,95000,False,95000,2024,7,Sabtu,1,0,,0,0
RPH Pegirikan,2024-07-14,Daging Sapi,Kota Surabaya,kg,95000,False,95000,2024,7,Minggu,1,0,,0,0
RPH Pegirikan,2024-07-15,Daging Sapi,Kota Surabaya,kg,95000,False,95000,2024,7,Senin,0,0,,0,0
RPH Pegirikan,2024-07-16,Daging Sapi,Kota Surabaya,kg,95000,False,95000,2024,7,Selasa,0,0,,0,0
RPH Pegirikan,2024-07-17,Daging Sapi,Kota Surabaya,kg,95000,False,95000,2024,7,Rabu,0,0,,0,0
RPH Pegirikan,2024-07-18,Daging Sapi,Kota Surabaya,kg,95000,False,95000,2024,7,Kamis,0,0,,0,0
RPH Pegirikan,2024-07-19,Daging Sapi,Kota Surabaya,kg,95000,False,95000,2024,7,Jumat,0,0,,0,0
RPH Pegirikan,2024-07-20,Daging Sapi,Kota Surabaya,kg,95000,False,95000,2024,7,Sabtu,1,0,,0,0
RPH Pegirikan,2024-07-21,Daging Sapi,Kota Surabaya,kg,95000,False,95000,2024,7,Minggu,1,0,,0,0
RPH Pegirikan,2024-07-22,Daging Sapi,Kota Surabaya,kg,95000,False,95000,2024,7,Senin,0,0,,0,0
RPH Pegirikan,2024-07-23,Daging Sapi,Kota Surabaya,kg,95000,False,95000,2024,7,Selasa,0,0,,0,0
RPH Pegirikan,2024-07-24,Daging Sapi,Kota Surabaya,kg,95000,False,95000,2024,7,Rabu,0,0,,0,0
RPH Pegirikan,2024-07-25,Daging Sapi,Kota Surabaya,kg,95000,False,95000,2024,7,Kamis,0,0,,0,0
RPH Pegirikan,2024-07-26,Daging Sapi,Kota Surabaya,kg,95000,False,95000,2024,7,Jumat,0,0,,0,0
RPH Pegirikan,2024-07-27,Daging Sapi,Kota Surabaya,kg,95000,False,95000,2024,7,Sabtu,1,0,,0,0
RPH Pegirikan,2024-07-28,Daging Sapi,Kota Surabaya,kg,95000,False,95000,2024,7,Minggu,1,0,,0,0
RPH Pegirikan,2024-07-29,Daging Sapi,Kota Surabaya,kg,95000,False,95000,2024,7,Senin,0,0,,0,0
RPH Pegirikan,2024-07-30,Daging Sapi,Kota Surabaya,kg,95000,False,95000,2024,7,Selasa,0,0,,0,0
RPH Pegirikan,2024-07-31,Daging Sapi,Kota Surabaya,kg,95000,False,95000,2024,7,Rabu,0,0,,0,0
RPH Pegirikan,2024-08-01,Daging Sapi,Kota Surabaya,kg,95000,False,95000,2024,8,Kamis,0,0,,0,0
RPH Pegirikan,2024-08-02,Daging Sapi,Kota Surabaya,kg,95000,False,95000,2024,8,Jumat,0,0,,0,0
RPH Pegirikan,2024-08-03,Daging Sapi,Kota Surabaya,kg,95000,False,95000,2024,8,Sabtu,1,0,,0,0
RPH Pegirikan,2024-08-04,Daging Sapi,Kota Surabaya,kg,95000,False,95000,2024,8,Minggu,1,0,,0,0
RPH Pegirikan,2024-08-05,Daging Sapi,Kota Surabaya,kg,95000,False,95000,2024,8,Senin,0,0,,0,0
RPH Pegirikan,2024-08-06,Daging Sapi,Kota Surabaya,kg,95000,False,95000,2024,8,Selasa,0,0,,0,0
RPH Pegirikan,2024-08-07,Daging Sapi,Kota Surabaya,kg,95000,False,95000,2024,8,Rabu,0,0,,0,0
RPH Pegirikan,2024-08-08,Daging Sapi,Kota Surabaya,kg,95000,False,95000,2024,8,Kamis,0,0,,0,0
RPH Pegirikan,2024-08-09,Daging Sapi,Kota Surabaya,kg,95000,False,95000,2024,8,Jumat,0,0,,0,0
RPH Pegirikan,2024-08-10,Daging Sapi,Kota Surabaya,kg,95000,False,95000,2024,8,Sabtu,1,0,,0,0
RPH Pegirikan,2024-08-11,Daging Sapi,Kota Surabaya,kg,95000,False,95000,2024,8,Minggu,1,0,,0,0
RPH Pegirikan,2024-08-12,Daging Sapi,Kota Surabaya,kg,95000,False,95000,2024,8,Senin,0,0,,0,0
RPH Pegirikan,2024-08-13,Daging Sapi,Kota Surabaya,kg,95000,False,95000,2024,8,Selasa,0,0,,0,0
RPH Pegirikan,2024-08-14,Daging Sapi,Kota Surabaya,kg,95000,False,95000,2024,8,Rabu,0,0,,0,0
RPH Pegirikan,2024-08-15,Daging Sapi,Kota Surabaya,kg,95000,False,95000,2024,8,Kamis,0,0,,0,0
RPH Pegirikan,2024-08-16,Daging Sapi,Kota Surabaya,kg,95000,False,95000,2024,8,Jumat,0,0,,0,0
RPH Pegirikan,2024-08-17,Daging Sapi,Kota Surabaya,kg,95000,False,95000,2024,8,Sabtu,1,1,Hari Kemerdekaan Republik Indonesia,0,0
RPH Pegirikan,2024-08-18,Daging Sapi,Kota Surabaya,kg,95000,False,95000,2024,8,Minggu,1,0,,0,0
RPH Pegirikan,2024-08-19,Daging Sapi,Kota Surabaya,kg,95000,False,95000,2024,8,Senin,0,0,,0,0
RPH Pegirikan,2024-08-20,Daging Sapi,Kota Surabaya,kg,95000,False,95000,2024,8,Selasa,0,0,,0,0
RPH Pegirikan,2024-08-21,Daging Sapi,Kota Surabaya,kg,95000,False,95000,2024,8,Rabu,0,0,,0,0
RPH Pegirikan,2024-08-22,Daging Sapi,Kota Surabaya,kg,95000,False,95000,2024,8,Kamis,0,0,,0,0
RPH Pegirikan,2024-08-23,Daging Sapi,Kota Surabaya,kg,95000,False,95000,2024,8,Jumat,0,0,,0,0
RPH Pegirikan,2024-08-24,Daging Sapi,Kota Surabaya,kg,95000,False,95000,2024,8,Sabtu,1,0,,0,0
RPH Pegirikan,2024-08-25,Daging Sapi,Kota Surabaya,kg,95000,False,95000,2024,8,Minggu,1,0,,0,0
RPH Pegirikan,2024-08-26,Daging Sapi,Kota Surabaya,kg,95000,False,95000,2024,8,Senin,0,0,,0,0
RPH Pegirikan,2024-08-27,Daging Sapi,Kota Surabaya,kg,95000,False,95000,2024,8,Selasa,0,0,,0,0
RPH Pegirikan,2024-08-28,Daging Sapi,Kota Surabaya,kg,95000,False,95000,2024,8,Rabu,0,0,,0,0
RPH Pegirikan,2024-08-29,Daging Sapi,Kota Surabaya,kg,95000,False,95000,2024,8,Kamis,0,0,,0,0
RPH Pegirikan,2024-08-30,Daging Sapi,Kota Surabaya,kg,95000,False,95000,2024,8,Jumat,0,0,,0,0
RPH Pegirikan,2024-08-31,Daging Sapi,Kota Surabaya,kg,95000,False,95000,2024,8,Sabtu,1,0,,0,0
RPH Pegirikan,2024-09-01,Daging Sapi,Kota Surabaya,kg,95000,False,95000,2024,9,Minggu,1,0,,0,0
RPH Pegirikan,2024-09-02,Daging Sapi,Kota Surabaya,kg,95000,False,95000,2024,9,Senin,0,0,,0,0
RPH Pegirikan,2024-09-03,Daging Sapi,Kota Surabaya,kg,95000,False,95000,2024,9,Selasa,0,0,,0,0
RPH Pegirikan,2024-09-04,Daging Sapi,Kota Surabaya,kg,95000,False,95000,2024,9,Rabu,0,0,,0,0
RPH Pegirikan,2024-09-05,Daging Sapi,Kota Surabaya,kg,95000,False,95000,2024,9,Kamis,0,0,,0,0
RPH Pegirikan,2024-09-06,Daging Sapi,Kota Surabaya,kg,95000,False,95000,2024,9,Jumat,0,0,,0,0
RPH Pegirikan,2024-09-07,Daging Sapi,Kota Surabaya,kg,95000,False,95000,2024,9,Sabtu,1,0,,0,0
RPH Pegirikan,2024-09-08,Daging Sapi,Kota Surabaya,kg,95000,False,95000,2024,9,Minggu,1,0,,0,0
RPH Pegirikan,2024-09-09,Daging Sapi,Kota Surabaya,kg,95000,False,95000,2024,9,Senin,0,0,,0,0
RPH Pegirikan,2024-09-10,Daging Sapi,Kota Surabaya,kg,95000,False,95000,2024,9,Selasa,0,0,,0,0
RPH Pegirikan,2024-09-11,Daging Sapi,Kota Surabaya,kg,95000,False,95000,2024,9,Rabu,0,0,,0,0
RPH Pegirikan,2024-09-12,Daging Sapi,Kota Surabaya,kg,95000,False,95000,2024,9,Kamis,0,0,,0,0
RPH Pegirikan,2024-09-13,Daging Sapi,Kota Surabaya,kg,95000,False,95000,2024,9,Jumat,0,0,,0,0
RPH Pegirikan,2024-09-14,Daging Sapi,Kota Surabaya,kg,95000,False,95000,2024,9,Sabtu,1,0,,0,0
RPH Pegirikan,2024-09-15,Daging Sapi,Kota Surabaya,kg,95000,False,95000,2024,9,Minggu,1,0,,0,0
RPH Pegirikan,2024-09-16,Daging Sapi,Kota Surabaya,kg,95000,False,95000,2024,9,Senin,0,1,Maulid Nabi Muhammad,0,0
RPH Pegirikan,2024-09-17,Daging Sapi,Kota Surabaya,kg,95000,False,95000,2024,9,Selasa,0,0,,0,0
RPH Pegirikan,2024-09-18,Daging Sapi,Kota Surabaya,kg,95000,False,95000,2024,9,Rabu,0,0,,0,0
RPH Pegirikan,2024-09-19,Daging Sapi,Kota Surabaya,kg,95000,False,95000,2024,9,Kamis,0,0,,0,0
RPH Pegirikan,2024-09-20,Daging Sapi,Kota Surabaya,kg,95000,False,95000,2024,9,Jumat,0,0,,0,0
RPH Pegirikan,2024-09-21,Daging Sapi,Kota Surabaya,kg,95000,False,95000,2024,9,Sabtu,1,0,,0,0
RPH Pegirikan,2024-09-22,Daging Sapi,Kota Surabaya,kg,95000,False,95000,2024,9,Minggu,1,0,,0,0
RPH Pegirikan,2024-09-23,Daging Sapi,Kota Surabaya,kg,95000,False,95000,2024,9,Senin,0,0,,0,0
RPH Pegirikan,2024-09-24,Daging Sapi,Kota Surabaya,kg,95000,False,95000,2024,9,Selasa,0,0,,0,0
RPH Pegirikan,2024-09-25,Daging Sapi,Kota Surabaya,kg,95000,False,95000,2024,9,Rabu,0,0,,0,0
RPH Pegirikan,2024-09-26,Daging Sapi,Kota Surabaya,kg,95000,False,95000,2024,9,Kamis,0,0,,0,0
RPH Pegirikan,2024-09-27,Daging Sapi,Kota Surabaya,kg,95000,False,95000,2024,9,Jumat,0,0,,0,0
RPH Pegirikan,2024-09-28,Daging Sapi,Kota Surabaya,kg,95000,False,95000,2024,9,Sabtu,1,0,,0,0
RPH Pegirikan,2024-09-29,Daging Sapi,Kota Surabaya,kg,95000,False,95000,2024,9,Minggu,1,0,,0,0
RPH Pegirikan,2024-09-30,Daging Sapi,Kota Surabaya,kg,95000,False,95000,2024,9,Senin,0,0,,0,0
RPH Pegirikan,2024-10-01,Daging Sapi,Kota Surabaya,kg,95000,False,95000,2024,10,Selasa,0,0,,0,0
RPH Pegirikan,2024-10-02,Daging Sapi,Kota Surabaya,kg,95000,False,95000,2024,10,Rabu,0,0,,0,0
RPH Pegirikan,2024-10-03,Daging Sapi,Kota Surabaya,kg,95000,False,95000,2024,10,Kamis,0,0,,0,0
RPH Pegirikan,2024-10-04,Daging Sapi,Kota Surabaya,kg,95000,False,95000,2024,10,Jumat,0,0,,0,0
RPH Pegirikan,2024-10-05,Daging Sapi,Kota Surabaya,kg,95000,False,95000,2024,10,Sabtu,1,0,,0,0
RPH Pegirikan,2024-10-06,Daging Sapi,Kota Surabaya,kg,95000,False,95000,2024,10,Minggu,1,0,,0,0
RPH Pegirikan,2024-10-07,Daging Sapi,Kota Surabaya,kg,95000,False,95000,2024,10,Senin,0,0,,0,0
RPH Pegirikan,2024-10-08,Daging Sapi,Kota Surabaya,kg,95000,False,95000,2024,10,Selasa,0,0,,0,0
RPH Pegirikan,2024-10-09,Daging Sapi,Kota Surabaya,kg,95000,False,95000,2024,10,Rabu,0,0,,0,0
RPH Pegirikan,2024-10-10,Daging Sapi,Kota Surabaya,kg,95000,False,95000,2024,10,Kamis,0,0,,0,0
RPH Pegirikan,2024-10-11,Daging Sapi,Kota Surabaya,kg,95000,False,95000,2024,10,Jumat,0,0,,0,0
RPH Pegirikan,2024-10-12,Daging Sapi,Kota Surabaya,kg,95000,False,95000,2024,10,Sabtu,1,0,,0,0
RPH Pegirikan,2024-10-13,Daging Sapi,Kota Surabaya,kg,95000,False,95000,2024,10,Minggu,1,0,,0,0
RPH Pegirikan,2024-10-14,Daging Sapi,Kota Surabaya,kg,95000,False,95000,2024,10,Senin,0,0,,0,0
RPH Pegirikan,2024-10-15,Daging Sapi,Kota Surabaya,kg,95000,False,95000,2024,10,Selasa,0,0,,0,0
RPH Pegirikan,2024-10-16,Daging Sapi,Kota Surabaya,kg,95000,False,95000,2024,10,Rabu,0,0,,0,0
RPH Pegirikan,2024-10-17,Daging Sapi,Kota Surabaya,kg,95000,False,95000,2024,10,Kamis,0,0,,0,0
RPH Pegirikan,2024-10-18,Daging Sapi,Kota Surabaya,kg,95000,False,95000,2024,10,Jumat,0,0,,0,0
RPH Pegirikan,2024-10-19,Daging Sapi,Kota Surabaya,kg,95000,False,95000,2024,10,Sabtu,1,0,,0,0
RPH Pegirikan,2024-10-20,Daging Sapi,Kota Surabaya,kg,95000,False,95000,2024,10,Minggu,1,0,,0,0
RPH Pegirikan,2024-10-21,Daging Sapi,Kota Surabaya,kg,95000,False,95000,2024,10,Senin,0,0,,0,0
RPH Pegirikan,2024-10-22,Daging Sapi,Kota Surabaya,kg,95000,False,95000,2024,10,Selasa,0,0,,0,0
RPH Pegirikan,2024-10-23,Daging Sapi,Kota Surabaya,kg,95000,False,95000,2024,10,Rabu,0,0,,0,0
RPH Pegirikan,2024-10-24,Daging Sapi,Kota Surabaya,kg,95000,False,95000,2024,10,Kamis,0,0,,0,0
RPH Pegirikan,2024-10-25,Daging Sapi,Kota Surabaya,kg,95000,False,95000,2024,10,Jumat,0,0,,0,0
RPH Pegirikan,2024-10-26,Daging Sapi,Kota Surabaya,kg,95000,False,95000,2024,10,Sabtu,1,0,,0,0
RPH Pegirikan,2024-10-27,Daging Sapi,Kota Surabaya,kg,95000,False,95000,2024,10,Minggu,1,0,,0,0
RPH Pegirikan,2024-10-28,Daging Sapi,Kota Surabaya,kg,95000,False,95000,2024,10,Senin,0,0,,0,0
RPH Pegirikan,2024-10-29,Daging Sapi,Kota Surabaya,kg,95000,False,95000,2024,10,Selasa,0,0,,0,0
RPH Pegirikan,2024-10-30,Daging Sapi,Kota Surabaya,kg,95000,False,95000,2024,10,Rabu,0,0,,0,0
RPH Pegirikan,2024-10-31,Daging Sapi,Kota Surabaya,kg,95000,False,95000,2024,10,Kamis,0,0,,0,0
RPH Pegirikan,2024-11-01,Daging Sapi,Kota Surabaya,kg,90000,False,90000,2024,11,Jumat,0,0,,0,0
RPH Pegirikan,2024-11-02,Daging Sapi,Kota Surabaya,kg,95000,False,95000,2024,11,Sabtu,1,0,,0,0
RPH Pegirikan,2024-11-03,Daging Sapi,Kota Surabaya,kg,90000,False,90000,2024,11,Minggu,1,0,,0,0
RPH Pegirikan,2024-11-04,Daging Sapi,Kota Surabaya,kg,90000,False,90000,2024,11,Senin,0,0,,0,0
RPH Pegirikan,2024-11-05,Daging Sapi,Kota Surabaya,kg,90000,False,90000,2024,11,Selasa,0,0,,0,0
RPH Pegirikan,2024-11-06,Daging Sapi,Kota Surabaya,kg,90000,False,90000,2024,11,Rabu,0,0,,0,0
RPH Pegirikan,2024-11-07,Daging Sapi,Kota Surabaya,kg,90000,False,90000,2024,11,Kamis,0,0,,0,0
RPH Pegirikan,2024-11-08,Daging Sapi,Kota Surabaya,kg,90000,False,90000,2024,11,Jumat,0,0,,0,0
RPH Pegirikan,2024-11-09,Daging Sapi,Kota Surabaya,kg,90000,False,90000,2024,11,Sabtu,1,0,,0,0
RPH Pegirikan,2024-11-10,Daging Sapi,Kota Surabaya,kg,90000,False,90000,2024,11,Minggu,1,0,,0,0
RPH Pegirikan,2024-11-11,Daging Sapi,Kota Surabaya,kg,90000,False,90000,2024,11,Senin,0,0,,0,0
RPH Pegirikan,2024-11-12,Daging Sapi,Kota Surabaya,kg,90000,False,90000,2024,11,Selasa,0,0,,0,0
RPH Pegirikan,2024-11-13,Daging Sapi,Kota Surabaya,kg,95000,False,95000,2024,11,Rabu,0,0,,0,0
RPH Pegirikan,2024-11-14,Daging Sapi,Kota Surabaya,kg,90000,False,90000,2024,11,Kamis,0,0,,0,0
RPH Pegirikan,2024-11-15,Daging Sapi,Kota Surabaya,kg,90000,False,90000,2024,11,Jumat,0,0,,0,0
RPH Pegirikan,2024-11-16,Daging Sapi,Kota Surabaya,kg,90000,False,90000,2024,11,Sabtu,1,0,,0,0
RPH Pegirikan,2024-11-17,Daging Sapi,Kota Surabaya,kg,90000,False,90000,2024,11,Minggu,1,0,,0,0
RPH Pegirikan,2024-11-18,Daging Sapi,Kota Surabaya,kg,90000,False,90000,2024,11,Senin,0,0,,0,0
RPH Pegirikan,2024-11-19,Daging Sapi,Kota Surabaya,kg,90000,False,90000,2024,11,Selasa,0,0,,0,0
RPH Pegirikan,2024-11-20,Daging Sapi,Kota Surabaya,kg,90000,False,90000,2024,11,Rabu,0,0,,0,0
RPH Pegirikan,2024-11-21,Daging Sapi,Kota Surabaya,kg,90000,False,90000,2024,11,Kamis,0,0,,0,0
RPH Pegirikan,2024-11-22,Daging Sapi,Kota Surabaya,kg,90000,False,90000,2024,11,Jumat,0,0,,0,0
RPH Pegirikan,2024-11-23,Daging Sapi,Kota Surabaya,kg,90000,False,90000,2024,11,Sabtu,1,0,,0,0
RPH Pegirikan,2024-11-24,Daging Sapi,Kota Surabaya,kg,90000,False,90000,2024,11,Minggu,1,0,,0,0
RPH Pegirikan,2024-11-25,Daging Sapi,Kota Surabaya,kg,90000,False,90000,2024,11,Senin,0,0,,0,0
RPH Pegirikan,2024-11-26,Daging Sapi,Kota Surabaya,kg,90000,False,90000,2024,11,Selasa,0,0,,0,0
RPH Pegirikan,2024-11-27,Daging Sapi,Kota Surabaya,kg,90000,False,90000,2024,11,Rabu,0,1,Hari Pemilihan Kepala Daerah,0,0
RPH Pegirikan,2024-11-28,Daging Sapi,Kota Surabaya,kg,90000,False,90000,2024,11,Kamis,0,0,,0,0
RPH Pegirikan,2024-11-29,Daging Sapi,Kota Surabaya,kg,90000,False,90000,2024,11,Jumat,0,0,,0,0
RPH Pegirikan,2024-11-30,Daging Sapi,Kota Surabaya,kg,90000,False,90000,2024,11,Sabtu,1,0,,0,0
RPH Pegirikan,2024-12-01,Daging Sapi,Kota Surabaya,kg,90000,False,90000,2024,12,Minggu,1,0,,0,0
RPH Pegirikan,2024-12-02,Daging Sapi,Kota Surabaya,kg,90000,False,90000,2024,12,Senin,0,0,,0,0
RPH Pegirikan,2024-12-03,Daging Sapi,Kota Surabaya,kg,90000,False,90000,2024,12,Selasa,0,0,,0,0
RPH Pegirikan,2024-12-04,Daging Sapi,Kota Surabaya,kg,90000,False,90000,2024,12,Rabu,0,0,,0,0
RPH Pegirikan,2024-12-05,Daging Sapi,Kota Surabaya,kg,90000,False,90000,2024,12,Kamis,0,0,,0,0
RPH Pegirikan,2024-12-06,Daging Sapi,Kota Surabaya,kg,90000,False,90000,2024,12,Jumat,0,0,,0,0
RPH Pegirikan,2024-12-07,Daging Sapi,Kota Surabaya,kg,90000,False,90000,2024,12,Sabtu,1,0,,0,0
RPH Pegirikan,2024-12-08,Daging Sapi,Kota Surabaya,kg,90000,False,90000,2024,12,Minggu,1,0,,0,0
RPH Pegirikan,2024-12-09,Daging Sapi,Kota Surabaya,kg,90000,False,90000,2024,12,Senin,0,0,,0,0
RPH Pegirikan,2024-12-10,Daging Sapi,Kota Surabaya,kg,90000,False,90000,2024,12,Selasa,0,0,,0,0
RPH Pegirikan,2024-12-11,Daging Sapi,Kota Surabaya,kg,90000,False,90000,2024,12,Rabu,0,0,,0,0
RPH Pegirikan,2024-12-12,Daging Sapi,Kota Surabaya,kg,90000,False,90000,2024,12,Kamis,0,0,,0,0
RPH Pegirikan,2024-12-13,Daging Sapi,Kota Surabaya,kg,90000,False,90000,2024,12,Jumat,0,0,,0,0
RPH Pegirikan,2024-12-14,Daging Sapi,Kota Surabaya,kg,90000,False,90000,2024,12,Sabtu,1,0,,0,0
RPH Pegirikan,2024-12-15,Daging Sapi,Kota Surabaya,kg,90000,False,90000,2024,12,Minggu,1,0,,0,0
RPH Pegirikan,2024-12-16,Daging Sapi,Kota Surabaya,kg,90000,False,90000,2024,12,Senin,0,0,,0,0
RPH Pegirikan,2024-12-17,Daging Sapi,Kota Surabaya,kg,90000,False,90000,2024,12,Selasa,0,0,,0,0
RPH Pegirikan,2024-12-18,Daging Sapi,Kota Surabaya,kg,90000,False,90000,2024,12,Rabu,0,0,,0,0
RPH Pegirikan,2024-12-19,Daging Sapi,Kota Surabaya,kg,90000,False,90000,2024,12,Kamis,0,0,,0,0
RPH Pegirikan,2024-12-20,Daging Sapi,Kota Surabaya,kg,90000,False,90000,2024,12,Jumat,0,0,,0,0
RPH Pegirikan,2024-12-21,Daging Sapi,Kota Surabaya,kg,90000,False,90000,2024,12,Sabtu,1,0,,0,0
RPH Pegirikan,2024-12-22,Daging Sapi,Kota Surabaya,kg,90000,False,90000,2024,12,Minggu,1,0,,0,0
RPH Pegirikan,2024-12-23,Daging Sapi,Kota Surabaya,kg,90000,False,90000,2024,12,Senin,0,0,,0,0
RPH Pegirikan,2024-12-24,Daging Sapi,Kota Surabaya,kg,90000,False,90000,2024,12,Selasa,0,0,,0,0
RPH Pegirikan,2024-12-25,Daging Sapi,Kota Surabaya,kg,90000,False,90000,2024,12,Rabu,0,1,Hari Raya Natal,0,0
RPH Pegirikan,2024-12-26,Daging Sapi,Kota Surabaya,kg,90000,False,90000,2024,12,Kamis,0,1,Cuti Bersama Hari Raya Natal,0,0
RPH Pegirikan,2024-12-27,Daging Sapi,Kota Surabaya,kg,90000,False,90000,2024,12,Jumat,0,0,,0,0
RPH Pegirikan,2024-12-28,Daging Sapi,Kota Surabaya,kg,90000,False,90000,2024,12,Sabtu,1,0,,0,0
RPH Pegirikan,2024-12-29,Daging Sapi,Kota Surabaya,kg,90000,False,90000,2024,12,Minggu,1,0,,0,0
RPH Pegirikan,2024-12-30,Daging Sapi,Kota Surabaya,kg,90000,False,90000,2024,12,Senin,0,0,,0,0
RPH Pegirikan,2024-12-31,Daging Sapi,Kota Surabaya,kg,90000,False,90000,2024,12,Selasa,0,0,,0,0
RPH Pegirikan,2025-01-01,Daging Sapi,Kota Surabaya,kg,90000,False,90000,2025,1,Rabu,0,1,Tahun Baru Masehi,0,0
RPH Pegirikan,2025-01-02,Daging Sapi,Kota Surabaya,kg,90000,False,90000,2025,1,Kamis,0,0,,0,0
RPH Pegirikan,2025-01-03,Daging Sapi,Kota Surabaya,kg,90000,False,90000,2025,1,Jumat,0,0,,0,0
RPH Pegirikan,2025-01-04,Daging Sapi,Kota Surabaya,kg,90000,False,90000,2025,1,Sabtu,1,0,,0,0
RPH Pegirikan,2025-01-05,Daging Sapi,Kota Surabaya,kg,90000,False,90000,2025,1,Minggu,1,0,,0,0
RPH Pegirikan,2025-01-06,Daging Sapi,Kota Surabaya,kg,90000,False,90000,2025,1,Senin,0,0,,0,0
RPH Pegirikan,2025-01-07,Daging Sapi,Kota Surabaya,kg,90000,False,90000,2025,1,Selasa,0,0,,0,0
RPH Pegirikan,2025-01-08,Daging Sapi,Kota Surabaya,kg,90000,False,90000,2025,1,Rabu,0,0,,0,0
RPH Pegirikan,2025-01-09,Daging Sapi,Kota Surabaya,kg,90000,False,90000,2025,1,Kamis,0,0,,0,0
RPH Pegirikan,2025-01-10,Daging Sapi,Kota Surabaya,kg,90000,False,90000,2025,1,Jumat,0,0,,0,0
RPH Pegirikan,2025-01-11,Daging Sapi,Kota Surabaya,kg,90000,False,90000,2025,1,Sabtu,1,0,,0,0
RPH Pegirikan,2025-01-12,Daging Sapi,Kota Surabaya,kg,90000,False,90000,2025,1,Minggu,1,0,,0,0
RPH Pegirikan,2025-01-13,Daging Sapi,Kota Surabaya,kg,90000,False,90000,2025,1,Senin,0,0,,0,0
RPH Pegirikan,2025-01-14,Daging Sapi,Kota Surabaya,kg,90000,False,90000,2025,1,Selasa,0,0,,0,0
RPH Pegirikan,2025-01-15,Daging Sapi,Kota Surabaya,kg,90000,False,90000,2025,1,Rabu,0,0,,0,0
RPH Pegirikan,2025-01-16,Daging Sapi,Kota Surabaya,kg,90000,False,90000,2025,1,Kamis,0,0,,0,0
RPH Pegirikan,2025-01-17,Daging Sapi,Kota Surabaya,kg,90000,False,90000,2025,1,Jumat,0,0,,0,0
RPH Pegirikan,2025-01-18,Daging Sapi,Kota Surabaya,kg,95000,False,95000,2025,1,Sabtu,1,0,,0,0
RPH Pegirikan,2025-01-19,Daging Sapi,Kota Surabaya,kg,95000,False,95000,2025,1,Minggu,1,0,,0,0
RPH Pegirikan,2025-01-20,Daging Sapi,Kota Surabaya,kg,90000,False,90000,2025,1,Senin,0,0,,0,0
RPH Pegirikan,2025-01-21,Daging Sapi,Kota Surabaya,kg,90000,False,90000,2025,1,Selasa,0,0,,0,0
RPH Pegirikan,2025-01-22,Daging Sapi,Kota Surabaya,kg,90000,False,90000,2025,1,Rabu,0,0,,0,0
RPH Pegirikan,2025-01-23,Daging Sapi,Kota Surabaya,kg,90000,False,90000,2025,1,Kamis,0,0,,0,0
RPH Pegirikan,2025-01-24,Daging Sapi,Kota Surabaya,kg,90000,False,90000,2025,1,Jumat,0,0,,0,0
RPH Pegirikan,2025-01-25,Daging Sapi,Kota Surabaya,kg,90000,False,90000,2025,1,Sabtu,1,0,,0,0
RPH Pegirikan,2025-01-26,Daging Sapi,Kota Surabaya,kg,90000,False,90000,2025,1,Minggu,1,0,,0,0
RPH Pegirikan,2025-01-27,Daging Sapi,Kota Surabaya,kg,90000,False,90000,2025,1,Senin,0,1,Isra Mikraj Nabi Muhammad,0,0
RPH Pegirikan,2025-01-28,Daging Sapi,Kota Surabaya,kg,90000,False,90000,2025,1,Selasa,0,1,Cuti Bersama Tahun Baru Imlek,0,0
RPH Pegirikan,2025-01-29,Daging Sapi,Kota Surabaya,kg,90000,False,90000,2025,1,Rabu,0,1,Tahun Baru Imlek,0,0
RPH Pegirikan,2025-01-30,Daging Sapi,Kota Surabaya,kg,90000,False,90000,2025,1,Kamis,0,0,,0,0
RPH Pegirikan,2025-01-31,Daging Sapi,Kota Surabaya,kg,90000,False,90000,2025,1,Jumat,0,0,,0,0
RPH Pegirikan,2025-02-01,Daging Sapi,Kota Surabaya,kg,90000,False,90000,2025,2,Sabtu,1,0,,0,0
RPH Pegirikan,2025-02-02,Daging Sapi,Kota Surabaya,kg,90000,False,90000,2025,2,Minggu,1,0,,0,0
RPH Pegirikan,2025-02-03,Daging Sapi,Kota Surabaya,kg,90000,False,90000,2025,2,Senin,0,0,,0,0
RPH Pegirikan,2025-02-04,Daging Sapi,Kota Surabaya,kg,90000,False,90000,2025,2,Selasa,0,0,,0,0
RPH Pegirikan,2025-02-05,Daging Sapi,Kota Surabaya,kg,90000,False,90000,2025,2,Rabu,0,0,,0,0
RPH Pegirikan,2025-02-06,Daging Sapi,Kota Surabaya,kg,90000,False,90000,2025,2,Kamis,0,0,,0,0
RPH Pegirikan,2025-02-07,Daging Sapi,Kota Surabaya,kg,90000,False,90000,2025,2,Jumat,0,0,,0,0
RPH Pegirikan,2025-02-08,Daging Sapi,Kota Surabaya,kg,90000,False,90000,2025,2,Sabtu,1,0,,0,0
RPH Pegirikan,2025-02-09,Daging Sapi,Kota Surabaya,kg,90000,False,90000,2025,2,Minggu,1,0,,0,0
RPH Pegirikan,2025-02-10,Daging Sapi,Kota Surabaya,kg,90000,False,90000,2025,2,Senin,0,0,,0,0
RPH Pegirikan,2025-02-11,Daging Sapi,Kota Surabaya,kg,90000,False,90000,2025,2,Selasa,0,0,,0,0
RPH Pegirikan,2025-02-12,Daging Sapi,Kota Surabaya,kg,90000,False,90000,2025,2,Rabu,0,0,,0,0
RPH Pegirikan,2025-02-13,Daging Sapi,Kota Surabaya,kg,90000,False,90000,2025,2,Kamis,0,0,,0,0
RPH Pegirikan,2025-02-14,Daging Sapi,Kota Surabaya,kg,90000,False,90000,2025,2,Jumat,0,0,,0,0
RPH Pegirikan,2025-02-15,Daging Sapi,Kota Surabaya,kg,90000,False,90000,2025,2,Sabtu,1,0,,0,1
RPH Pegirikan,2025-02-16,Daging Sapi,Kota Surabaya,kg,90000,False,90000,2025,2,Minggu,1,0,,0,1
RPH Pegirikan,2025-02-17,Daging Sapi,Kota Surabaya,kg,90000,False,90000,2025,2,Senin,0,0,,0,1
RPH Pegirikan,2025-02-18,Daging Sapi,Kota Surabaya,kg,90000,False,90000,2025,2,Selasa,0,0,,0,1
RPH Pegirikan,2025-02-19,Daging Sapi,Kota Surabaya,kg,90000,False,90000,2025,2,Rabu,0,0,,0,1
RPH Pegirikan,2025-02-20,Daging Sapi,Kota Surabaya,kg,90000,False,90000,2025,2,Kamis,0,0,,0,1
RPH Pegirikan,2025-02-21,Daging Sapi,Kota Surabaya,kg,90000,False,90000,2025,2,Jumat,0,0,,0,1
RPH Pegirikan,2025-02-22,Daging Sapi,Kota Surabaya,kg,90000,False,90000,2025,2,Sabtu,1,0,,0,1
RPH Pegirikan,2025-02-23,Daging Sapi,Kota Surabaya,kg,90000,False,90000,2025,2,Minggu,1,0,,0,1
RPH Pegirikan,2025-02-24,Daging Sapi,Kota Surabaya,kg,90000,False,90000,2025,2,Senin,0,0,,0,1
RPH Pegirikan,2025-02-25,Daging Sapi,Kota Surabaya,kg,90000,False,90000,2025,2,Selasa,0,0,,0,1
RPH Pegirikan,2025-02-26,Daging Sapi,Kota Surabaya,kg,90000,False,90000,2025,2,Rabu,0,0,,0,1
RPH Pegirikan,2025-02-27,Daging Sapi,Kota Surabaya,kg,90000,False,90000,2025,2,Kamis,0,0,,0,1
RPH Pegirikan,2025-02-28,Daging Sapi,Kota Surabaya,kg,90000,False,90000,2025,2,Jumat,0,0,,0,1
RPH Pegirikan,2025-03-01,Daging Sapi,Kota Surabaya,kg,90000,False,90000,2025,3,Sabtu,1,0,,1,0
RPH Pegirikan,2025-03-02,Daging Sapi,Kota Surabaya,kg,90000,False,90000,2025,3,Minggu,1,0,,1,0
RPH Pegirikan,2025-03-03,Daging Sapi,Kota Surabaya,kg,90000,False,90000,2025,3,Senin,0,0,,1,0
RPH Pegirikan,2025-03-04,Daging Sapi,Kota Surabaya,kg,90000,False,90000,2025,3,Selasa,0,0,,1,0
RPH Pegirikan,2025-03-05,Daging Sapi,Kota Surabaya,kg,90000,False,90000,2025,3,Rabu,0,0,,1,0
RPH Pegirikan,2025-03-06,Daging Sapi,Kota Surabaya,kg,90000,False,90000,2025,3,Kamis,0,0,,1,0
RPH Pegirikan,2025-03-07,Daging Sapi,Kota Surabaya,kg,90000,False,90000,2025,3,Jumat,0,0,,1,0
RPH Pegirikan,2025-03-08,Daging Sapi,Kota Surabaya,kg,90000,False,90000,2025,3,Sabtu,1,0,,1,0
RPH Pegirikan,2025-03-09,Daging Sapi,Kota Surabaya,kg,90000,False,90000,2025,3,Minggu,1,0,,1,0
RPH Pegirikan,2025-03-10,Daging Sapi,Kota Surabaya,kg,90000,False,90000,2025,3,Senin,0,0,,1,0
RPH Pegirikan,2025-03-11,Daging Sapi,Kota Surabaya,kg,90000,False,90000,2025,3,Selasa,0,0,,1,0
RPH Pegirikan,2025-03-12,Daging Sapi,Kota Surabaya,kg,90000,False,90000,2025,3,Rabu,0,0,,1,0
RPH Pegirikan,2025-03-13,Daging Sapi,Kota Surabaya,kg,90000,False,90000,2025,3,Kamis,0,0,,1,0
RPH Pegirikan,2025-03-14,Daging Sapi,Kota Surabaya,kg,90000,False,90000,2025,3,Jumat,0,0,,1,0
RPH Pegirikan,2025-03-15,Daging Sapi,Kota Surabaya,kg,90000,False,90000,2025,3,Sabtu,1,0,,1,0
RPH Pegirikan,2025-03-16,Daging Sapi,Kota Surabaya,kg,90000,False,90000,2025,3,Minggu,1,0,,1,0
RPH Pegirikan,2025-03-17,Daging Sapi,Kota Surabaya,kg,90000,False,90000,2025,3,Senin,0,0,,1,0
RPH Pegirikan,2025-03-18,Daging Sapi,Kota Surabaya,kg,90000,False,90000,2025,3,Selasa,0,0,,1,0
RPH Pegirikan,2025-03-19,Daging Sapi,Kota Surabaya,kg,90000,False,90000,2025,3,Rabu,0,0,,1,0
RPH Pegirikan,2025-03-20,Daging Sapi,Kota Surabaya,kg,90000,False,90000,2025,3,Kamis,0,0,,1,0
RPH Pegirikan,2025-03-21,Daging Sapi,Kota Surabaya,kg,90000,False,90000,2025,3,Jumat,0,0,,1,0
RPH Pegirikan,2025-03-22,Daging Sapi,Kota Surabaya,kg,95000,False,95000,2025,3,Sabtu,1,0,,1,0
RPH Pegirikan,2025-03-23,Daging Sapi,Kota Surabaya,kg,95000,False,95000,2025,3,Minggu,1,0,,1,0
RPH Pegirikan,2025-03-24,Daging Sapi,Kota Surabaya,kg,90000,False,90000,2025,3,Senin,0,0,,1,0
RPH Pegirikan,2025-03-25,Daging Sapi,Kota Surabaya,kg,90000,False,90000,2025,3,Selasa,0,0,,1,0
RPH Pegirikan,2025-03-26,Daging Sapi,Kota Surabaya,kg,90000,False,90000,2025,3,Rabu,0,0,,1,0
RPH Pegirikan,2025-03-27,Daging Sapi,Kota Surabaya,kg,90000,False,90000,2025,3,Kamis,0,0,,1,0
RPH Pegirikan,2025-03-28,Daging Sapi,Kota Surabaya,kg,95000,False,95000,2025,3,Jumat,0,1,Cuti Bersama Hari Suci Nyepi,1,0
RPH Pegirikan,2025-03-29,Daging Sapi,Kota Surabaya,kg,95000,False,95000,2025,3,Sabtu,1,1,Hari Suci Nyepi,1,0
RPH Pegirikan,2025-03-30,Daging Sapi,Kota Surabaya,kg,95000,False,95000,2025,3,Minggu,1,0,,1,0
RPH Pegirikan,2025-03-31,Daging Sapi,Kota Surabaya,kg,95000,False,95000,2025,3,Senin,0,1,Hari Raya Idul Fitri,0,0
RPH Pegirikan,2025-04-01,Daging Sapi,Kota Surabaya,kg,95000,False,95000,2025,4,Selasa,0,1,Hari kedua dari Hari Raya Idul Fitri,0,0
RPH Pegirikan,2025-04-02,Daging Sapi,Kota Surabaya,kg,95000,False,95000,2025,4,Rabu,0,1,Cuti Bersama Hari Raya Idul Fitri,0,0
RPH Pegirikan,2025-04-03,Daging Sapi,Kota Surabaya,kg,95000,False,95000,2025,4,Kamis,0,1,Cuti Bersama Hari Raya Idul Fitri,0,0
RPH Pegirikan,2025-04-04,Daging Sapi,Kota Surabaya,kg,,True,95000,2025,4,Jumat,0,1,Cuti Bersama Hari Raya Idul Fitri,0,0
RPH Pegirikan,2025-04-05,Daging Sapi,Kota Surabaya,kg,95000,False,95000,2025,4,Sabtu,1,0,,0,0
RPH Pegirikan,2025-04-06,Daging Sapi,Kota Surabaya,kg,95000,False,95000,2025,4,Minggu,1,0,,0,0
RPH Pegirikan,2025-04-07,Daging Sapi,Kota Surabaya,kg,95000,False,95000,2025,4,Senin,0,1,Cuti Bersama Hari Raya Idul Fitri,0,0
RPH Pegirikan,2025-04-08,Daging Sapi,Kota Surabaya,kg,95000,False,95000,2025,4,Selasa,0,0,,0,0
RPH Pegirikan,2025-04-09,Daging Sapi,Kota Surabaya,kg,95000,False,95000,2025,4,Rabu,0,0,,0,0
RPH Pegirikan,2025-04-10,Daging Sapi,Kota Surabaya,kg,95000,False,95000,2025,4,Kamis,0,0,,0,0
RPH Pegirikan,2025-04-11,Daging Sapi,Kota Surabaya,kg,95000,False,95000,2025,4,Jumat,0,0,,0,0
RPH Pegirikan,2025-04-12,Daging Sapi,Kota Surabaya,kg,95000,False,95000,2025,4,Sabtu,1,0,,0,0
RPH Pegirikan,2025-04-13,Daging Sapi,Kota Surabaya,kg,95000,False,95000,2025,4,Minggu,1,0,,0,0
RPH Pegirikan,2025-04-14,Daging Sapi,Kota Surabaya,kg,95000,False,95000,2025,4,Senin,0,0,,0,0
RPH Pegirikan,2025-04-15,Daging Sapi,Kota Surabaya,kg,95000,False,95000,2025,4,Selasa,0,0,,0,0
RPH Pegirikan,2025-04-16,Daging Sapi,Kota Surabaya,kg,95000,False,95000,2025,4,Rabu,0,0,,0,0
RPH Pegirikan,2025-04-17,Daging Sapi,Kota Surabaya,kg,95000,False,95000,2025,4,Kamis,0,0,,0,0
RPH Pegirikan,2025-04-18,Daging Sapi,Kota Surabaya,kg,95000,False,95000,2025,4,Jumat,0,1,Wafat Yesus Kristus,0,0
RPH Pegirikan,2025-04-19,Daging Sapi,Kota Surabaya,kg,95000,False,95000,2025,4,Sabtu,1,0,,0,0
RPH Pegirikan,2025-04-20,Daging Sapi,Kota Surabaya,kg,95000,False,95000,2025,4,Minggu,1,1,Kebangkitan Yesus Kristus,0,0
RPH Pegirikan,2025-04-21,Daging Sapi,Kota Surabaya,kg,95000,False,95000,2025,4,Senin,0,0,,0,0
RPH Pegirikan,2025-04-22,Daging Sapi,Kota Surabaya,kg,95000,False,95000,2025,4,Selasa,0,0,,0,0
RPH Pegirikan,2025-04-23,Daging Sapi,Kota Surabaya,kg,95000,False,95000,2025,4,Rabu,0,0,,0,0
RPH Pegirikan,2025-04-24,Daging Sapi,Kota Surabaya,kg,95000,False,95000,2025,4,Kamis,0,0,,0,0
RPH Pegirikan,2025-04-25,Daging Sapi,Kota Surabaya,kg,95000,False,95000,2025,4,Jumat,0,0,,0,0
RPH Pegirikan,2025-04-26,Daging Sapi,Kota Surabaya,kg,95000,False,95000,2025,4,Sabtu,1,0,,0,0
RPH Pegirikan,2025-04-27,Daging Sapi,Kota Surabaya,kg,95000,False,95000,2025,4,Minggu,1,0,,0,0
RPH Pegirikan,2025-04-28,Daging Sapi,Kota Surabaya,kg,95000,False,95000,2025,4,Senin,0,0,,0,0
RPH Pegirikan,2025-04-29,Daging Sapi,Kota Surabaya,kg,95000,False,95000,2025,4,Selasa,0,0,,0,0
RPH Pegirikan,2025-04-30,Daging Sapi,Kota Surabaya,kg,95000,False,95000,2025,4,Rabu,0,0,,0,0
RPH Pegirikan,2025-05-01,Daging Sapi,Kota Surabaya,kg,95000,False,95000,2025,5,Kamis,0,1,Hari Buruh Internasional,0,0
RPH Pegirikan,2025-05-02,Daging Sapi,Kota Surabaya,kg,95000,False,95000,2025,5,Jumat,0,0,,0,0
RPH Pegirikan,2025-05-03,Daging Sapi,Kota Surabaya,kg,95000,False,95000,2025,5,Sabtu,1,0,,0,0
RPH Pegirikan,2025-05-04,Daging Sapi,Kota Surabaya,kg,95000,False,95000,2025,5,Minggu,1,0,,0,0
RPH Pegirikan,2025-05-05,Daging Sapi,Kota Surabaya,kg,95000,False,95000,2025,5,Senin,0,0,,0,0
RPH Pegirikan,2025-05-06,Daging Sapi,Kota Surabaya,kg,95000,False,95000,2025,5,Selasa,0,0,,0,0
RPH Pegirikan,2025-05-07,Daging Sapi,Kota Surabaya,kg,115000,False,115000,2025,5,Rabu,0,0,,0,0
RPH Pegirikan,2025-05-08,Daging Sapi,Kota Surabaya,kg,115000,False,115000,2025,5,Kamis,0,0,,0,0
RPH Pegirikan,2025-05-09,Daging Sapi,Kota Surabaya,kg,115000,False,115000,2025,5,Jumat,0,0,,0,0
RPH Pegirikan,2025-05-10,Daging Sapi,Kota Surabaya,kg,115000,False,115000,2025,5,Sabtu,1,0,,0,0
RPH Pegirikan,2025-05-11,Daging Sapi,Kota Surabaya,kg,115000,False,115000,2025,5,Minggu,1,0,,0,0
RPH Pegirikan,2025-05-12,Daging Sapi,Kota Surabaya,kg,115000,False,115000,2025,5,Senin,0,1,Hari Raya Waisak,0,0
RPH Pegirikan,2025-05-13,Daging Sapi,Kota Surabaya,kg,115000,False,115000,2025,5,Selasa,0,1,Cuti Bersama Hari Raya Waisak,0,0
RPH Pegirikan,2025-05-14,Daging Sapi,Kota Surabaya,kg,115000,False,115000,2025,5,Rabu,0,0,,0,0
RPH Pegirikan,2025-05-15,Daging Sapi,Kota Surabaya,kg,115000,False,115000,2025,5,Kamis,0,0,,0,0
RPH Pegirikan,2025-05-16,Daging Sapi,Kota Surabaya,kg,115000,False,115000,2025,5,Jumat,0,0,,0,0
RPH Pegirikan,2025-05-17,Daging Sapi,Kota Surabaya,kg,115000,False,115000,2025,5,Sabtu,1,0,,0,0
RPH Pegirikan,2025-05-18,Daging Sapi,Kota Surabaya,kg,115000,False,115000,2025,5,Minggu,1,0,,0,0
RPH Pegirikan,2025-05-19,Daging Sapi,Kota Surabaya,kg,115000,False,115000,2025,5,Senin,0,0,,0,0
RPH Pegirikan,2025-05-20,Daging Sapi,Kota Surabaya,kg,115000,False,115000,2025,5,Selasa,0,0,,0,0
RPH Pegirikan,2025-05-21,Daging Sapi,Kota Surabaya,kg,115000,False,115000,2025,5,Rabu,0,0,,0,0
RPH Pegirikan,2025-05-22,Daging Sapi,Kota Surabaya,kg,115000,False,115000,2025,5,Kamis,0,0,,0,0
RPH Pegirikan,2025-05-23,Daging Sapi,Kota Surabaya,kg,115000,False,115000,2025,5,Jumat,0,0,,0,0
RPH Pegirikan,2025-05-24,Daging Sapi,Kota Surabaya,kg,115000,False,115000,2025,5,Sabtu,1,0,,0,0
RPH Pegirikan,2025-05-25,Daging Sapi,Kota Surabaya,kg,115000,False,115000,2025,5,Minggu,1,0,,0,0
RPH Pegirikan,2025-05-26,Daging Sapi,Kota Surabaya,kg,115000,False,115000,2025,5,Senin,0,0,,0,0
RPH Pegirikan,2025-05-27,Daging Sapi,Kota Surabaya,kg,115000,False,115000,2025,5,Selasa,0,0,,0,0
RPH Pegirikan,2025-05-28,Daging Sapi,Kota Surabaya,kg,115000,False,115000,2025,5,Rabu,0,0,,0,0
RPH Pegirikan,2025-05-29,Daging Sapi,Kota Surabaya,kg,115000,False,115000,2025,5,Kamis,0,1,Kenaikan Yesus Kristus,0,0
RPH Pegirikan,2025-05-30,Daging Sapi,Kota Surabaya,kg,115000,False,115000,2025,5,Jumat,0,1,Cuti Bersama Kenaikan Yesus Kristus,0,0
RPH Pegirikan,2025-05-31,Daging Sapi,Kota Surabaya,kg,115000,False,115000,2025,5,Sabtu,1,0,,0,0
RPH Pegirikan,2025-06-01,Daging Sapi,Kota Surabaya,kg,115000,False,115000,2025,6,Minggu,1,1,Hari Lahir Pancasila,0,0
RPH Pegirikan,2025-06-02,Daging Sapi,Kota Surabaya,kg,115000,False,115000,2025,6,Senin,0,0,,0,0
RPH Pegirikan,2025-06-03,Daging Sapi,Kota Surabaya,kg,115000,False,115000,2025,6,Selasa,0,0,,0,0
RPH Pegirikan,2025-06-04,Daging Sapi,Kota Surabaya,kg,115000,False,115000,2025,6,Rabu,0,0,,0,0
RPH Pegirikan,2025-06-05,Daging Sapi,Kota Surabaya,kg,115000,False,115000,2025,6,Kamis,0,0,,0,0
RPH Pegirikan,2025-06-06,Daging Sapi,Kota Surabaya,kg,115000,False,115000,2025,6,Jumat,0,1,Hari Raya Idul Adha,0,0
RPH Pegirikan,2025-06-07,Daging Sapi,Kota Surabaya,kg,115000,False,115000,2025,6,Sabtu,1,0,,0,0
RPH Pegirikan,2025-06-08,Daging Sapi,Kota Surabaya,kg,115000,False,115000,2025,6,Minggu,1,0,,0,0
RPH Pegirikan,2025-06-09,Daging Sapi,Kota Surabaya,kg,115000,False,115000,2025,6,Senin,0,1,Cuti Bersama Hari Raya Idul Adha,0,0
RPH Pegirikan,2025-06-10,Daging Sapi,Kota Surabaya,kg,115000,False,115000,2025,6,Selasa,0,0,,0,0
RPH Pegirikan,2025-06-11,Daging Sapi,Kota Surabaya,kg,115000,False,115000,2025,6,Rabu,0,0,,0,0
RPH Pegirikan,2025-06-12,Daging Sapi,Kota Surabaya,kg,115000,False,115000,2025,6,Kamis,0,0,,0,0
RPH Pegirikan,2025-06-13,Daging Sapi,Kota Surabaya,kg,115000,False,115000,2025,6,Jumat,0,0,,0,0
RPH Pegirikan,2025-06-14,Daging Sapi,Kota Surabaya,kg,115000,False,115000,2025,6,Sabtu,1,0,,0,0
RPH Pegirikan,2025-06-15,Daging Sapi,Kota Surabaya,kg,115000,False,115000,2025,6,Minggu,1,0,,0,0
RPH Pegirikan,2025-06-16,Daging Sapi,Kota Surabaya,kg,115000,False,115000,2025,6,Senin,0,0,,0,0
RPH Pegirikan,2025-06-17,Daging Sapi,Kota Surabaya,kg,115000,False,115000,2025,6,Selasa,0,0,,0,0
RPH Pegirikan,2025-06-18,Daging Sapi,Kota Surabaya,kg,115000,False,115000,2025,6,Rabu,0,0,,0,0
RPH Pegirikan,2025-06-19,Daging Sapi,Kota Surabaya,kg,115000,False,115000,2025,6,Kamis,0,0,,0,0
RPH Pegirikan,2025-06-20,Daging Sapi,Kota Surabaya,kg,115000,False,115000,2025,6,Jumat,0,0,,0,0
RPH Pegirikan,2025-06-21,Daging Sapi,Kota Surabaya,kg,115000,False,115000,2025,6,Sabtu,1,0,,0,0
RPH Pegirikan,2025-06-22,Daging Sapi,Kota Surabaya,kg,115000,False,115000,2025,6,Minggu,1,0,,0,0
RPH Pegirikan,2025-06-23,Daging Sapi,Kota Surabaya,kg,115000,False,115000,2025,6,Senin,0,0,,0,0
RPH Pegirikan,2025-06-24,Daging Sapi,Kota Surabaya,kg,115000,False,115000,2025,6,Selasa,0,0,,0,0
RPH Pegirikan,2025-06-25,Daging Sapi,Kota Surabaya,kg,115000,False,115000,2025,6,Rabu,0,0,,0,0
RPH Pegirikan,2025-06-26,Daging Sapi,Kota Surabaya,kg,115000,False,115000,2025,6,Kamis,0,0,,0,0
RPH Pegirikan,2025-06-27,Daging Sapi,Kota Surabaya,kg,115000,False,115000,2025,6,Jumat,0,1,Tahun Baru Islam,0,0
RPH Pegirikan,2025-06-28,Daging Sapi,Kota Surabaya,kg,115000,False,115000,2025,6,Sabtu,1,0,,0,0
RPH Pegirikan,2025-06-29,Daging Sapi,Kota Surabaya,kg,115000,False,115000,2025,6,Minggu,1,0,,0,0
RPH Pegirikan,2025-06-30,Daging Sapi,Kota Surabaya,kg,115000,False,115000,2025,6,Senin,0,0,,0,0
RPH Pegirikan,2025-07-01,Daging Sapi,Kota Surabaya,kg,115000,False,115000,2025,7,Selasa,0,0,,0,0
RPH Pegirikan,2025-07-02,Daging Sapi,Kota Surabaya,kg,115000,False,115000,2025,7,Rabu,0,0,,0,0
RPH Pegirikan,2025-07-03,Daging Sapi,Kota Surabaya,kg,115000,False,115000,2025,7,Kamis,0,0,,0,0
RPH Pegirikan,2025-07-04,Daging Sapi,Kota Surabaya,kg,115000,False,115000,2025,7,Jumat,0,0,,0,0
RPH Pegirikan,2025-07-05,Daging Sapi,Kota Surabaya,kg,115000,False,115000,2025,7,Sabtu,1,0,,0,0
RPH Pegirikan,2025-07-06,Daging Sapi,Kota Surabaya,kg,115000,False,115000,2025,7,Minggu,1,0,,0,0
RPH Pegirikan,2025-07-07,Daging Sapi,Kota Surabaya,kg,115000,False,115000,2025,7,Senin,0,0,,0,0
RPH Pegirikan,2025-07-08,Daging Sapi,Kota Surabaya,kg,115000,False,115000,2025,7,Selasa,0,0,,0,0
RPH Pegirikan,2025-07-09,Daging Sapi,Kota Surabaya,kg,115000,False,115000,2025,7,Rabu,0,0,,0,0
RPH Pegirikan,2025-07-10,Daging Sapi,Kota Surabaya,kg,115000,False,115000,2025,7,Kamis,0,0,,0,0
RPH Pegirikan,2025-07-11,Daging Sapi,Kota Surabaya,kg,115000,False,115000,2025,7,Jumat,0,0,,0,0
RPH Pegirikan,2025-07-12,Daging Sapi,Kota Surabaya,kg,115000,False,115000,2025,7,Sabtu,1,0,,0,0
RPH Pegirikan,2025-07-13,Daging Sapi,Kota Surabaya,kg,115000,False,115000,2025,7,Minggu,1,0,,0,0
RPH Pegirikan,2025-07-14,Daging Sapi,Kota Surabaya,kg,115000,False,115000,2025,7,Senin,0,0,,0,0
RPH Pegirikan,2025-07-15,Daging Sapi,Kota Surabaya,kg,115000,False,115000,2025,7,Selasa,0,0,,0,0
RPH Pegirikan,2025-07-16,Daging Sapi,Kota Surabaya,kg,115000,False,115000,2025,7,Rabu,0,0,,0,0
RPH Pegirikan,2025-07-17,Daging Sapi,Kota Surabaya,kg,115000,False,115000,2025,7,Kamis,0,0,,0,0
RPH Pegirikan,2025-07-18,Daging Sapi,Kota Surabaya,kg,115000,False,115000,2025,7,Jumat,0,0,,0,0
RPH Pegirikan,2025-07-19,Daging Sapi,Kota Surabaya,kg,115000,False,115000,2025,7,Sabtu,1,0,,0,0
RPH Pegirikan,2025-07-20,Daging Sapi,Kota Surabaya,kg,115000,False,115000,2025,7,Minggu,1,0,,0,0
RPH Pegirikan,2025-07-21,Daging Sapi,Kota Surabaya,kg,115000,False,115000,2025,7,Senin,0,0,,0,0
RPH Pegirikan,2025-07-22,Daging Sapi,Kota Surabaya,kg,115000,False,115000,2025,7,Selasa,0,0,,0,0
RPH Pegirikan,2025-07-23,Daging Sapi,Kota Surabaya,kg,115000,False,115000,2025,7,Rabu,0,0,,0,0
RPH Pegirikan,2025-07-24,Daging Sapi,Kota Surabaya,kg,115000,False,115000,2025,7,Kamis,0,0,,0,0
RPH Pegirikan,2025-07-25,Daging Sapi,Kota Surabaya,kg,115000,False,115000,2025,7,Jumat,0,0,,0,0
RPH Pegirikan,2025-07-26,Daging Sapi,Kota Surabaya,kg,115000,False,115000,2025,7,Sabtu,1,0,,0,0
RPH Pegirikan,2025-07-27,Daging Sapi,Kota Surabaya,kg,115000,False,115000,2025,7,Minggu,1,0,,0,0
RPH Pegirikan,2025-07-28,Daging Sapi,Kota Surabaya,kg,115000,False,115000,2025,7,Senin,0,0,,0,0
RPH Pegirikan,2025-07-29,Daging Sapi,Kota Surabaya,kg,115000,False,115000,2025,7,Selasa,0,0,,0,0
RPH Pegirikan,2025-07-30,Daging Sapi,Kota Surabaya,kg,115000,False,115000,2025,7,Rabu,0,0,,0,0
RPH Pegirikan,2025-07-31,Daging Sapi,Kota Surabaya,kg,115000,False,115000,2025,7,Kamis,0,0,,0,0
RPH Pegirikan,2025-08-01,Daging Sapi,Kota Surabaya,kg,115000,False,115000,2025,8,Jumat,0,0,,0,0
RPH Pegirikan,2025-08-02,Daging Sapi,Kota Surabaya,kg,115000,False,115000,2025,8,Sabtu,1,0,,0,0
RPH Pegirikan,2025-08-03,Daging Sapi,Kota Surabaya,kg,115000,False,115000,2025,8,Minggu,1,0,,0,0
RPH Pegirikan,2025-08-04,Daging Sapi,Kota Surabaya,kg,115000,False,115000,2025,8,Senin,0,0,,0,0
RPH Pegirikan,2025-08-05,Daging Sapi,Kota Surabaya,kg,115000,False,115000,2025,8,Selasa,0,0,,0,0
RPH Pegirikan,2025-08-06,Daging Sapi,Kota Surabaya,kg,115000,False,115000,2025,8,Rabu,0,0,,0,0
RPH Pegirikan,2025-08-07,Daging Sapi,Kota Surabaya,kg,115000,False,115000,2025,8,Kamis,0,0,,0,0
RPH Pegirikan,2025-08-08,Daging Sapi,Kota Surabaya,kg,115000,False,115000,2025,8,Jumat,0,0,,0,0
RPH Pegirikan,2025-08-09,Daging Sapi,Kota Surabaya,kg,115000,False,115000,2025,8,Sabtu,1,0,,0,0
RPH Pegirikan,2025-08-10,Daging Sapi,Kota Surabaya,kg,115000,False,115000,2025,8,Minggu,1,0,,0,0
RPH Pegirikan,2025-08-11,Daging Sapi,Kota Surabaya,kg,115000,False,115000,2025,8,Senin,0,0,,0,0
RPH Pegirikan,2025-08-12,Daging Sapi,Kota Surabaya,kg,115000,False,115000,2025,8,Selasa,0,0,,0,0
RPH Pegirikan,2025-08-13,Daging Sapi,Kota Surabaya,kg,115000,False,115000,2025,8,Rabu,0,0,,0,0
RPH Pegirikan,2025-08-14,Daging Sapi,Kota Surabaya,kg,115000,False,115000,2025,8,Kamis,0,0,,0,0
RPH Pegirikan,2025-08-15,Daging Sapi,Kota Surabaya,kg,115000,False,115000,2025,8,Jumat,0,0,,0,0
RPH Pegirikan,2025-08-16,Daging Sapi,Kota Surabaya,kg,115000,False,115000,2025,8,Sabtu,1,0,,0,0
RPH Pegirikan,2025-08-17,Daging Sapi,Kota Surabaya,kg,115000,False,115000,2025,8,Minggu,1,1,Hari Kemerdekaan Republik Indonesia,0,0
RPH Pegirikan,2025-08-18,Daging Sapi,Kota Surabaya,kg,115000,False,115000,2025,8,Senin,0,1,Cuti Bersama Hari Kemerdekaan Republik Indonesia,0,0
RPH Pegirikan,2025-08-19,Daging Sapi,Kota Surabaya,kg,115000,False,115000,2025,8,Selasa,0,0,,0,0
RPH Pegirikan,2025-08-20,Daging Sapi,Kota Surabaya,kg,115000,False,115000,2025,8,Rabu,0,0,,0,0
RPH Pegirikan,2025-08-21,Daging Sapi,Kota Surabaya,kg,115000,False,115000,2025,8,Kamis,0,0,,0,0
RPH Pegirikan,2025-08-22,Daging Sapi,Kota Surabaya,kg,115000,False,115000,2025,8,Jumat,0,0,,0,0
RPH Pegirikan,2025-08-23,Daging Sapi,Kota Surabaya,kg,115000,False,115000,2025,8,Sabtu,1,0,,0,0
RPH Pegirikan,2025-08-24,Daging Sapi,Kota Surabaya,kg,115000,False,115000,2025,8,Minggu,1,0,,0,0
RPH Pegirikan,2025-08-25,Daging Sapi,Kota Surabaya,kg,115000,False,115000,2025,8,Senin,0,0,,0,0
RPH Pegirikan,2025-08-26,Daging Sapi,Kota Surabaya,kg,115000,False,115000,2025,8,Selasa,0,0,,0,0
RPH Pegirikan,2025-08-27,Daging Sapi,Kota Surabaya,kg,115000,False,115000,2025,8,Rabu,0,0,,0,0
RPH Pegirikan,2025-08-28,Daging Sapi,Kota Surabaya,kg,115000,False,115000,2025,8,Kamis,0,0,,0,0
RPH Pegirikan,2025-08-29,Daging Sapi,Kota Surabaya,kg,115000,False,115000,2025,8,Jumat,0,0,,0,0
RPH Pegirikan,2025-08-30,Daging Sapi,Kota Surabaya,kg,115000,False,115000,2025,8,Sabtu,1,0,,0,0
RPH Pegirikan,2025-08-31,Daging Sapi,Kota Surabaya,kg,115000,False,115000,2025,8,Minggu,1,0,,0,0
RPH Pegirikan,2025-09-01,Daging Sapi,Kota Surabaya,kg,115000,False,115000,2025,9,Senin,0,0,,0,0
RPH Pegirikan,2025-09-02,Daging Sapi,Kota Surabaya,kg,115000,False,115000,2025,9,Selasa,0,0,,0,0
RPH Pegirikan,2025-09-03,Daging Sapi,Kota Surabaya,kg,115000,False,115000,2025,9,Rabu,0,0,,0,0
RPH Pegirikan,2025-09-04,Daging Sapi,Kota Surabaya,kg,115000,False,115000,2025,9,Kamis,0,0,,0,0
RPH Pegirikan,2025-09-05,Daging Sapi,Kota Surabaya,kg,115000,False,115000,2025,9,Jumat,0,1,Maulid Nabi Muhammad,0,0
RPH Pegirikan,2025-09-06,Daging Sapi,Kota Surabaya,kg,115000,False,115000,2025,9,Sabtu,1,0,,0,0
RPH Pegirikan,2025-09-07,Daging Sapi,Kota Surabaya,kg,115000,False,115000,2025,9,Minggu,1,0,,0,0
RPH Pegirikan,2025-09-08,Daging Sapi,Kota Surabaya,kg,115000,False,115000,2025,9,Senin,0,0,,0,0
RPH Pegirikan,2025-09-09,Daging Sapi,Kota Surabaya,kg,115000,False,115000,2025,9,Selasa,0,0,,0,0
RPH Pegirikan,2025-09-10,Daging Sapi,Kota Surabaya,kg,115000,False,115000,2025,9,Rabu,0,0,,0,0
RPH Pegirikan,2025-09-11,Daging Sapi,Kota Surabaya,kg,115000,False,115000,2025,9,Kamis,0,0,,0,0
RPH Pegirikan,2025-09-12,Daging Sapi,Kota Surabaya,kg,115000,False,115000,2025,9,Jumat,0,0,,0,0
RPH Pegirikan,2025-09-13,Daging Sapi,Kota Surabaya,kg,115000,False,115000,2025,9,Sabtu,1,0,,0,0
RPH Pegirikan,2025-09-14,Daging Sapi,Kota Surabaya,kg,115000,False,115000,2025,9,Minggu,1,0,,0,0
RPH Pegirikan,2025-09-15,Daging Sapi,Kota Surabaya,kg,115000,False,115000,2025,9,Senin,0,0,,0,0
RPH Pegirikan,2025-09-16,Daging Sapi,Kota Surabaya,kg,115000,False,115000,2025,9,Selasa,0,0,,0,0
RPH Pegirikan,2025-09-17,Daging Sapi,Kota Surabaya,kg,115000,False,115000,2025,9,Rabu,0,0,,0,0
RPH Pegirikan,2025-09-18,Daging Sapi,Kota Surabaya,kg,115000,False,115000,2025,9,Kamis,0,0,,0,0
RPH Pegirikan,2025-09-19,Daging Sapi,Kota Surabaya,kg,115000,False,115000,2025,9,Jumat,0,0,,0,0
RPH Pegirikan,2025-09-20,Daging Sapi,Kota Surabaya,kg,115000,False,115000,2025,9,Sabtu,1,0,,0,0
RPH Pegirikan,2025-09-21,Daging Sapi,Kota Surabaya,kg,115000,False,115000,2025,9,Minggu,1,0,,0,0
RPH Pegirikan,2025-09-22,Daging Sapi,Kota Surabaya,kg,115000,False,115000,2025,9,Senin,0,0,,0,0
RPH Pegirikan,2025-09-23,Daging Sapi,Kota Surabaya,kg,115000,False,115000,2025,9,Selasa,0,0,,0,0
RPH Pegirikan,2025-09-24,Daging Sapi,Kota Surabaya,kg,115000,False,115000,2025,9,Rabu,0,0,,0,0
RPH Pegirikan,2025-09-25,Daging Sapi,Kota Surabaya,kg,115000,False,115000,2025,9,Kamis,0,0,,0,0
RPH Pegirikan,2025-09-26,Daging Sapi,Kota Surabaya,kg,115000,False,115000,2025,9,Jumat,0,0,,0,0
RPH Pegirikan,2025-09-27,Daging Sapi,Kota Surabaya,kg,115000,False,115000,2025,9,Sabtu,1,0,,0,0
RPH Pegirikan,2025-09-28,Daging Sapi,Kota Surabaya,kg,115000,False,115000,2025,9,Minggu,1,0,,0,0
RPH Pegirikan,2025-09-29,Daging Sapi,Kota Surabaya,kg,95000,False,95000,2025,9,Senin,0,0,,0,0
RPH Pegirikan,2025-09-30,Daging Sapi,Kota Surabaya,kg,115000,False,115000,2025,9,Selasa,0,0,,0,0
RPH Pegirikan,2025-10-01,Daging Sapi,Kota Surabaya,kg,115000,False,115000,2025,10,Rabu,0,0,,0,0
RPH Pegirikan,2025-10-02,Daging Sapi,Kota Surabaya,kg,115000,False,115000,2025,10,Kamis,0,0,,0,0
RPH Pegirikan,2025-10-03,Daging Sapi,Kota Surabaya,kg,115000,False,115000,2025,10,Jumat,0,0,,0,0
RPH Pegirikan,2025-10-04,Daging Sapi,Kota Surabaya,kg,115000,False,115000,2025,10,Sabtu,1,0,,0,0
RPH Pegirikan,2025-10-05,Daging Sapi,Kota Surabaya,kg,115000,False,115000,2025,10,Minggu,1,0,,0,0
RPH Pegirikan,2025-10-06,Daging Sapi,Kota Surabaya,kg,115000,False,115000,2025,10,Senin,0,0,,0,0
RPH Pegirikan,2025-10-07,Daging Sapi,Kota Surabaya,kg,115000,False,115000,2025,10,Selasa,0,0,,0,0
RPH Pegirikan,2025-10-08,Daging Sapi,Kota Surabaya,kg,115000,False,115000,2025,10,Rabu,0,0,,0,0
RPH Pegirikan,2025-10-09,Daging Sapi,Kota Surabaya,kg,115000,False,115000,2025,10,Kamis,0,0,,0,0
RPH Pegirikan,2025-10-10,Daging Sapi,Kota Surabaya,kg,115000,False,115000,2025,10,Jumat,0,0,,0,0
RPH Pegirikan,2025-10-11,Daging Sapi,Kota Surabaya,kg,115000,False,115000,2025,10,Sabtu,1,0,,0,0
RPH Pegirikan,2025-10-12,Daging Sapi,Kota Surabaya,kg,115000,False,115000,2025,10,Minggu,1,0,,0,0
RPH Pegirikan,2025-10-13,Daging Sapi,Kota Surabaya,kg,115000,False,115000,2025,10,Senin,0,0,,0,0
RPH Pegirikan,2025-10-14,Daging Sapi,Kota Surabaya,kg,115000,False,115000,2025,10,Selasa,0,0,,0,0
RPH Pegirikan,2025-10-15,Daging Sapi,Kota Surabaya,kg,115000,False,115000,2025,10,Rabu,0,0,,0,0
RPH Pegirikan,2025-10-16,Daging Sapi,Kota Surabaya,kg,115000,False,115000,2025,10,Kamis,0,0,,0,0
RPH Pegirikan,2025-10-17,Daging Sapi,Kota Surabaya,kg,115000,False,115000,2025,10,Jumat,0,0,,0,0
RPH Pegirikan,2025-10-18,Daging Sapi,Kota Surabaya,kg,115000,False,115000,2025,10,Sabtu,1,0,,0,0
RPH Pegirikan,2025-10-19,Daging Sapi,Kota Surabaya,kg,115000,False,115000,2025,10,Minggu,1,0,,0,0
RPH Pegirikan,2025-10-20,Daging Sapi,Kota Surabaya,kg,115000,False,115000,2025,10,Senin,0,0,,0,0
RPH Pegirikan,2025-10-21,Daging Sapi,Kota Surabaya,kg,115000,False,115000,2025,10,Selasa,0,0,,0,0
RPH Pegirikan,2025-10-22,Daging Sapi,Kota Surabaya,kg,115000,False,115000,2025,10,Rabu,0,0,,0,0
RPH Pegirikan,2025-10-23,Daging Sapi,Kota Surabaya,kg,115000,False,115000,2025,10,Kamis,0,0,,0,0
RPH Pegirikan,2025-10-24,Daging Sapi,Kota Surabaya,kg,115000,False,115000,2025,10,Jumat,0,0,,0,0
RPH Pegirikan,2025-10-25,Daging Sapi,Kota Surabaya,kg,115000,False,115000,2025,10,Sabtu,1,0,,0,0
RPH Pegirikan,2025-10-26,Daging Sapi,Kota Surabaya,kg,115000,False,115000,2025,10,Minggu,1,0,,0,0
RPH Pegirikan,2025-10-27,Daging Sapi,Kota Surabaya,kg,115000,False,115000,2025,10,Senin,0,0,,0,0
RPH Pegirikan,2025-10-28,Daging Sapi,Kota Surabaya,kg,115000,False,115000,2025,10,Selasa,0,0,,0,0
RPH Pegirikan,2025-10-29,Daging Sapi,Kota Surabaya,kg,115000,False,115000,2025,10,Rabu,0,0,,0,0
RPH Pegirikan,2025-10-30,Daging Sapi,Kota Surabaya,kg,115000,False,115000,2025,10,Kamis,0,0,,0,0
RPH Pegirikan,2025-10-31,Daging Sapi,Kota Surabaya,kg,115000,False,115000,2025,10,Jumat,0,0,,0,0
RPH Pegirikan,2025-11-01,Daging Sapi,Kota Surabaya,kg,115000,False,115000,2025,11,Sabtu,1,0,,0,0
RPH Pegirikan,2025-11-02,Daging Sapi,Kota Surabaya,kg,115000,False,115000,2025,11,Minggu,1,0,,0,0
RPH Pegirikan,2025-11-03,Daging Sapi,Kota Surabaya,kg,115000,False,115000,2025,11,Senin,0,0,,0,0
RPH Pegirikan,2025-11-04,Daging Sapi,Kota Surabaya,kg,115000,False,115000,2025,11,Selasa,0,0,,0,0
RPH Pegirikan,2025-11-05,Daging Sapi,Kota Surabaya,kg,95000,False,95000,2025,11,Rabu,0,0,,0,0
RPH Pegirikan,2025-11-06,Daging Sapi,Kota Surabaya,kg,115000,False,115000,2025,11,Kamis,0,0,,0,0
RPH Pegirikan,2025-11-07,Daging Sapi,Kota Surabaya,kg,115000,False,115000,2025,11,Jumat,0,0,,0,0
RPH Pegirikan,2025-11-08,Daging Sapi,Kota Surabaya,kg,115000,False,115000,2025,11,Sabtu,1,0,,0,0
RPH Pegirikan,2025-11-09,Daging Sapi,Kota Surabaya,kg,115000,False,115000,2025,11,Minggu,1,0,,0,0
RPH Pegirikan,2025-11-10,Daging Sapi,Kota Surabaya,kg,115000,False,115000,2025,11,Senin,0,0,,0,0
RPH Pegirikan,2025-11-11,Daging Sapi,Kota Surabaya,kg,115000,False,115000,2025,11,Selasa,0,0,,0,0
RPH Pegirikan,2025-11-12,Daging Sapi,Kota Surabaya,kg,115000,False,115000,2025,11,Rabu,0,0,,0,0
RPH Pegirikan,2025-11-13,Daging Sapi,Kota Surabaya,kg,115000,False,115000,2025,11,Kamis,0,0,,0,0
RPH Pegirikan,2025-11-14,Daging Sapi,Kota Surabaya,kg,115000,False,115000,2025,11,Jumat,0,0,,0,0
RPH Pegirikan,2025-11-15,Daging Sapi,Kota Surabaya,kg,115000,False,115000,2025,11,Sabtu,1,0,,0,0
RPH Pegirikan,2025-11-16,Daging Sapi,Kota Surabaya,kg,115000,False,115000,2025,11,Minggu,1,0,,0,0
RPH Pegirikan,2025-11-17,Daging Sapi,Kota Surabaya,kg,115000,False,115000,2025,11,Senin,0,0,,0,0
RPH Pegirikan,2025-11-18,Daging Sapi,Kota Surabaya,kg,115000,False,115000,2025,11,Selasa,0,0,,0,0
RPH Pegirikan,2025-11-19,Daging Sapi,Kota Surabaya,kg,115000,False,115000,2025,11,Rabu,0,0,,0,0
RPH Pegirikan,2025-11-20,Daging Sapi,Kota Surabaya,kg,115000,False,115000,2025,11,Kamis,0,0,,0,0
RPH Pegirikan,2025-11-21,Daging Sapi,Kota Surabaya,kg,115000,False,115000,2025,11,Jumat,0,0,,0,0
RPH Pegirikan,2025-11-22,Daging Sapi,Kota Surabaya,kg,115000,False,115000,2025,11,Sabtu,1,0,,0,0
RPH Pegirikan,2025-11-23,Daging Sapi,Kota Surabaya,kg,115000,False,115000,2025,11,Minggu,1,0,,0,0
RPH Pegirikan,2025-11-24,Daging Sapi,Kota Surabaya,kg,115000,False,115000,2025,11,Senin,0,0,,0,0
RPH Pegirikan,2025-11-25,Daging Sapi,Kota Surabaya,kg,115000,False,115000,2025,11,Selasa,0,0,,0,0
RPH Pegirikan,2025-11-26,Daging Sapi,Kota Surabaya,kg,115000,False,115000,2025,11,Rabu,0,0,,0,0
RPH Pegirikan,2025-11-27,Daging Sapi,Kota Surabaya,kg,115000,False,115000,2025,11,Kamis,0,0,,0,0
RPH Pegirikan,2025-11-28,Daging Sapi,Kota Surabaya,kg,115000,False,115000,2025,11,Jumat,0,0,,0,0
RPH Pegirikan,2025-11-29,Daging Sapi,Kota Surabaya,kg,115000,False,115000,2025,11,Sabtu,1,0,,0,0
RPH Pegirikan,2025-11-30,Daging Sapi,Kota Surabaya,kg,115000,False,115000,2025,11,Minggu,1,0,,0,0
RPH Pegirikan,2025-12-01,Daging Sapi,Kota Surabaya,kg,115000,False,115000,2025,12,Senin,0,0,,0,0
RPH Pegirikan,2025-12-02,Daging Sapi,Kota Surabaya,kg,115000,False,115000,2025,12,Selasa,0,0,,0,0
RPH Pegirikan,2025-12-03,Daging Sapi,Kota Surabaya,kg,115000,False,115000,2025,12,Rabu,0,0,,0,0
RPH Pegirikan,2025-12-04,Daging Sapi,Kota Surabaya,kg,115000,False,115000,2025,12,Kamis,0,0,,0,0
RPH Pegirikan,2025-12-05,Daging Sapi,Kota Surabaya,kg,115000,False,115000,2025,12,Jumat,0,0,,0,0
RPH Pegirikan,2025-12-06,Daging Sapi,Kota Surabaya,kg,115000,False,115000,2025,12,Sabtu,1,0,,0,0
RPH Pegirikan,2025-12-07,Daging Sapi,Kota Surabaya,kg,115000,False,115000,2025,12,Minggu,1,0,,0,0
RPH Pegirikan,2025-12-08,Daging Sapi,Kota Surabaya,kg,115000,False,115000,2025,12,Senin,0,0,,0,0
RPH Pegirikan,2025-12-09,Daging Sapi,Kota Surabaya,kg,115000,False,115000,2025,12,Selasa,0,0,,0,0
RPH Pegirikan,2025-12-10,Daging Sapi,Kota Surabaya,kg,115000,False,115000,2025,12,Rabu,0,0,,0,0
RPH Pegirikan,2025-12-11,Daging Sapi,Kota Surabaya,kg,115000,False,115000,2025,12,Kamis,0,0,,0,0
RPH Pegirikan,2025-12-12,Daging Sapi,Kota Surabaya,kg,115000,False,115000,2025,12,Jumat,0,0,,0,0
RPH Pegirikan,2025-12-13,Daging Sapi,Kota Surabaya,kg,115000,False,115000,2025,12,Sabtu,1,0,,0,0
RPH Pegirikan,2025-12-14,Daging Sapi,Kota Surabaya,kg,115000,False,115000,2025,12,Minggu,1,0,,0,0
RPH Pegirikan,2025-12-15,Daging Sapi,Kota Surabaya,kg,115000,False,115000,2025,12,Senin,0,0,,0,0
RPH Pegirikan,2025-12-16,Daging Sapi,Kota Surabaya,kg,115000,False,115000,2025,12,Selasa,0,0,,0,0
RPH Pegirikan,2025-12-17,Daging Sapi,Kota Surabaya,kg,115000,False,115000,2025,12,Rabu,0,0,,0,0
RPH Pegirikan,2025-12-18,Daging Sapi,Kota Surabaya,kg,115000,False,115000,2025,12,Kamis,0,0,,0,0
RPH Pegirikan,2025-12-19,Daging Sapi,Kota Surabaya,kg,115000,False,115000,2025,12,Jumat,0,0,,0,0
RPH Pegirikan,2025-12-20,Daging Sapi,Kota Surabaya,kg,115000,False,115000,2025,12,Sabtu,1,0,,0,0
RPH Pegirikan,2025-12-21,Daging Sapi,Kota Surabaya,kg,115000,False,115000,2025,12,Minggu,1,0,,0,0
RPH Pegirikan,2025-12-22,Daging Sapi,Kota Surabaya,kg,115000,False,115000,2025,12,Senin,0,0,,0,0
RPH Pegirikan,2025-12-23,Daging Sapi,Kota Surabaya,kg,115000,False,115000,2025,12,Selasa,0,0,,0,0
RPH Pegirikan,2025-12-24,Daging Sapi,Kota Surabaya,kg,115000,False,115000,2025,12,Rabu,0,0,,0,0
RPH Pegirikan,2025-12-25,Daging Sapi,Kota Surabaya,kg,115000,False,115000,2025,12,Kamis,0,1,Hari Raya Natal,0,0
RPH Pegirikan,2025-12-26,Daging Sapi,Kota Surabaya,kg,115000,False,115000,2025,12,Jumat,0,1,Cuti Bersama Hari Raya Natal,0,0
RPH Pegirikan,2025-12-27,Daging Sapi,Kota Surabaya,kg,115000,False,115000,2025,12,Sabtu,1,0,,0,0
RPH Pegirikan,2025-12-28,Daging Sapi,Kota Surabaya,kg,115000,False,115000,2025,12,Minggu,1,0,,0,0
RPH Pegirikan,2025-12-29,Daging Sapi,Kota Surabaya,kg,115000,False,115000,2025,12,Senin,0,0,,0,0
RPH Pegirikan,2025-12-30,Daging Sapi,Kota Surabaya,kg,115000,False,115000,2025,12,Selasa,0,0,,0,0
RPH Pegirikan,2025-12-31,Daging Sapi,Kota Surabaya,kg,115000,False,115000,2025,12,Rabu,0,0,,0,0
RPH Pegirikan,2026-01-01,Daging Sapi,Kota Surabaya,kg,,True,115000,2026,1,Kamis,0,1,Tahun Baru Masehi,0,0
RPH Pegirikan,2026-01-02,Daging Sapi,Kota Surabaya,kg,,True,115000,2026,1,Jumat,0,0,,0,0
RPH Pegirikan,2026-01-03,Daging Sapi,Kota Surabaya,kg,,True,115000,2026,1,Sabtu,1,0,,0,0
RPH Pegirikan,2026-01-04,Daging Sapi,Kota Surabaya,kg,,True,115000,2026,1,Minggu,1,0,,0,0
RPH Pegirikan,2026-01-05,Daging Sapi,Kota Surabaya,kg,,True,115000,2026,1,Senin,0,0,,0,0
RPH Pegirikan,2026-01-06,Daging Sapi,Kota Surabaya,kg,,True,115000,2026,1,Selasa,0,0,,0,0
RPH Pegirikan,2026-01-07,Daging Sapi,Kota Surabaya,kg,,True,115000,2026,1,Rabu,0,0,,0,0
RPH Pegirikan,2026-01-08,Daging Sapi,Kota Surabaya,kg,,True,115000,2026,1,Kamis,0,0,,0,0
RPH Pegirikan,2026-01-09,Daging Sapi,Kota Surabaya,kg,,True,115000,2026,1,Jumat,0,0,,0,0
RPH Pegirikan,2026-01-10,Daging Sapi,Kota Surabaya,kg,,True,115000,2026,1,Sabtu,1,0,,0,0
RPH Pegirikan,2026-01-11,Daging Sapi,Kota Surabaya,kg,,True,115000,2026,1,Minggu,1,0,,0,0
RPH Pegirikan,2026-01-12,Daging Sapi,Kota Surabaya,kg,,True,115000,2026,1,Senin,0,0,,0,0
RPH Pegirikan,2026-01-13,Daging Sapi,Kota Surabaya,kg,,True,115000,2026,1,Selasa,0,0,,0,0
RPH Pegirikan,2026-01-14,Daging Sapi,Kota Surabaya,kg,,True,115000,2026,1,Rabu,0,0,,0,0
RPH Pegirikan,2026-01-15,Daging Sapi,Kota Surabaya,kg,,True,115000,2026,1,Kamis,0,0,,0,0
RPH Pegirikan,2026-01-16,Daging Sapi,Kota Surabaya,kg,,True,115000,2026,1,Jumat,0,1,Isra Mikraj Nabi Muhammad,0,0
RPH Pegirikan,2026-01-17,Daging Sapi,Kota Surabaya,kg,,True,115000,2026,1,Sabtu,1,0,,0,0
RPH Pegirikan,2026-01-18,Daging Sapi,Kota Surabaya,kg,,True,115000,2026,1,Minggu,1,0,,0,0
RPH Pegirikan,2026-01-19,Daging Sapi,Kota Surabaya,kg,,True,115000,2026,1,Senin,0,0,,0,0
RPH Pegirikan,2026-01-20,Daging Sapi,Kota Surabaya,kg,,True,115000,2026,1,Selasa,0,0,,0,0
RPH Pegirikan,2026-01-21,Daging Sapi,Kota Surabaya,kg,,True,115000,2026,1,Rabu,0,0,,0,0
RPH Pegirikan,2026-01-22,Daging Sapi,Kota Surabaya,kg,,True,115000,2026,1,Kamis,0,0,,0,0
RPH Pegirikan,2026-01-23,Daging Sapi,Kota Surabaya,kg,,True,115000,2026,1,Jumat,0,0,,0,0
RPH Pegirikan,2026-01-24,Daging Sapi,Kota Surabaya,kg,,True,115000,2026,1,Sabtu,1,0,,0,0
RPH Pegirikan,2026-01-25,Daging Sapi,Kota Surabaya,kg,,True,115000,2026,1,Minggu,1,0,,0,0
RPH Pegirikan,2026-01-26,Daging Sapi,Kota Surabaya,kg,,True,115000,2026,1,Senin,0,0,,0,0
RPH Pegirikan,2026-01-27,Daging Sapi,Kota Surabaya,kg,,True,115000,2026,1,Selasa,0,0,,0,0
RPH Pegirikan,2026-01-28,Daging Sapi,Kota Surabaya,kg,,True,115000,2026,1,Rabu,0,0,,0,0
RPH Pegirikan,2026-01-29,Daging Sapi,Kota Surabaya,kg,,True,115000,2026,1,Kamis,0,0,,0,0
RPH Pegirikan,2026-01-30,Daging Sapi,Kota Surabaya,kg,,True,115000,2026,1,Jumat,0,0,,0,0
RPH Pegirikan,2026-01-31,Daging Sapi,Kota Surabaya,kg,,True,115000,2026,1,Sabtu,1,0,,0,0
RPH Pegirikan,2026-02-01,Daging Sapi,Kota Surabaya,kg,,True,115000,2026,2,Minggu,1,0,,0,0
RPH Pegirikan,2026-02-02,Daging Sapi,Kota Surabaya,kg,,True,115000,2026,2,Senin,0,0,,0,0
RPH Pegirikan,2026-02-03,Daging Sapi,Kota Surabaya,kg,,True,115000,2026,2,Selasa,0,0,,0,0
RPH Pegirikan,2026-02-04,Daging Sapi,Kota Surabaya,kg,,True,115000,2026,2,Rabu,0,0,,0,0
RPH Pegirikan,2026-02-05,Daging Sapi,Kota Surabaya,kg,,True,115000,2026,2,Kamis,0,0,,0,1
RPH Pegirikan,2026-02-06,Daging Sapi,Kota Surabaya,kg,,True,115000,2026,2,Jumat,0,0,,0,1
RPH Pegirikan,2026-02-07,Daging Sapi,Kota Surabaya,kg,,True,115000,2026,2,Sabtu,1,0,,0,1
RPH Pegirikan,2026-02-08,Daging Sapi,Kota Surabaya,kg,,True,115000,2026,2,Minggu,1,0,,0,1
RPH Pegirikan,2026-02-09,Daging Sapi,Kota Surabaya,kg,,True,115000,2026,2,Senin,0,0,,0,1
RPH Pegirikan,2026-02-10,Daging Sapi,Kota Surabaya,kg,,True,115000,2026,2,Selasa,0,0,,0,1
RPH Pegirikan,2026-02-11,Daging Sapi,Kota Surabaya,kg,,True,115000,2026,2,Rabu,0,0,,0,1
RPH Pegirikan,2026-02-12,Daging Sapi,Kota Surabaya,kg,,True,115000,2026,2,Kamis,0,0,,0,1
RPH Pegirikan,2026-02-13,Daging Sapi,Kota Surabaya,kg,,True,115000,2026,2,Jumat,0,0,,0,1
RPH Pegirikan,2026-02-14,Daging Sapi,Kota Surabaya,kg,,True,115000,2026,2,Sabtu,1,0,,0,1
RPH Pegirikan,2026-02-15,Daging Sapi,Kota Surabaya,kg,,True,115000,2026,2,Minggu,1,0,,0,1
RPH Pegirikan,2026-02-16,Daging Sapi,Kota Surabaya,kg,,True,115000,2026,2,Senin,0,1,Cuti Bersama Tahun Baru Imlek,0,1
RPH Pegirikan,2026-02-17,Daging Sapi,Kota Surabaya,kg,,True,115000,2026,2,Selasa,0,1,Tahun Baru Imlek,0,1
RPH Pegirikan,2026-02-18,Daging Sapi,Kota Surabaya,kg,,True,115000,2026,2,Rabu,0,0,,0,1
RPH Pegirikan,2026-02-19,Daging Sapi,Kota Surabaya,kg,,True,115000,2026,2,Kamis,0,0,,1,0
RPH Pegirikan,2026-02-20,Daging Sapi,Kota Surabaya,kg,,True,115000,2026,2,Jumat,0,0,,1,0
RPH Pegirikan,2026-02-21,Daging Sapi,Kota Surabaya,kg,,True,115000,2026,2,Sabtu,1,0,,1,0
RPH Pegirikan,2026-02-22,Daging Sapi,Kota Surabaya,kg,,True,115000,2026,2,Minggu,1,0,,1,0
RPH Pegirikan,2026-02-23,Daging Sapi,Kota Surabaya,kg,,True,115000,2026,2,Senin,0,0,,1,0
RPH Pegirikan,2026-02-24,Daging Sapi,Kota Surabaya,kg,,True,115000,2026,2,Selasa,0,0,,1,0
RPH Pegirikan,2026-02-25,Daging Sapi,Kota Surabaya,kg,,True,115000,2026,2,Rabu,0,0,,1,0
RPH Pegirikan,2026-02-26,Daging Sapi,Kota Surabaya,kg,,True,115000,2026,2,Kamis,0,0,,1,0
RPH Pegirikan,2026-02-27,Daging Sapi,Kota Surabaya,kg,,True,115000,2026,2,Jumat,0,0,,1,0
RPH Pegirikan,2026-02-28,Daging Sapi,Kota Surabaya,kg,,True,115000,2026,2,Sabtu,1,0,,1,0
RPH Pegirikan,2026-03-01,Daging Sapi,Kota Surabaya,kg,,True,115000,2026,3,Minggu,1,0,,1,0
RPH Pegirikan,2026-03-02,Daging Sapi,Kota Surabaya,kg,,True,115000,2026,3,Senin,0,0,,1,0
RPH Pegirikan,2026-03-03,Daging Sapi,Kota Surabaya,kg,,True,115000,2026,3,Selasa,0,0,,1,0
RPH Pegirikan,2026-03-04,Daging Sapi,Kota Surabaya,kg,,True,115000,2026,3,Rabu,0,0,,1,0
RPH Pegirikan,2026-03-05,Daging Sapi,Kota Surabaya,kg,,True,115000,2026,3,Kamis,0,0,,1,0
RPH Pegirikan,2026-03-06,Daging Sapi,Kota Surabaya,kg,,True,115000,2026,3,Jumat,0,0,,1,0
RPH Pegirikan,2026-03-07,Daging Sapi,Kota Surabaya,kg,,True,115000,2026,3,Sabtu,1,0,,1,0
RPH Pegirikan,2026-03-08,Daging Sapi,Kota Surabaya,kg,,True,115000,2026,3,Minggu,1,0,,1,0
RPH Pegirikan,2026-03-09,Daging Sapi,Kota Surabaya,kg,,True,115000,2026,3,Senin,0,0,,1,0
RPH Pegirikan,2026-03-10,Daging Sapi,Kota Surabaya,kg,,True,115000,2026,3,Selasa,0,0,,1,0
RPH Pegirikan,2026-03-11,Daging Sapi,Kota Surabaya,kg,,True,115000,2026,3,Rabu,0,0,,1,0
RPH Pegirikan,2026-03-12,Daging Sapi,Kota Surabaya,kg,,True,115000,2026,3,Kamis,0,0,,1,0
RPH Pegirikan,2026-03-13,Daging Sapi,Kota Surabaya,kg,,True,115000,2026,3,Jumat,0,0,,1,0
RPH Pegirikan,2026-03-14,Daging Sapi,Kota Surabaya,kg,,True,115000,2026,3,Sabtu,1,0,,1,0
RPH Pegirikan,2026-03-15,Daging Sapi,Kota Surabaya,kg,,True,115000,2026,3,Minggu,1,0,,1,0
RPH Pegirikan,2026-03-16,Daging Sapi,Kota Surabaya,kg,,True,115000,2026,3,Senin,0,0,,1,0
RPH Pegirikan,2026-03-17,Daging Sapi,Kota Surabaya,kg,,True,115000,2026,3,Selasa,0,0,,1,0
RPH Pegirikan,2026-03-18,Daging Sapi,Kota Surabaya,kg,,True,115000,2026,3,Rabu,0,1,Cuti Bersama Hari Suci Nyepi,1,0
RPH Pegirikan,2026-03-19,Daging Sapi,Kota Surabaya,kg,,True,115000,2026,3,Kamis,0,1,Hari Suci Nyepi,1,0
RPH Pegirikan,2026-03-20,Daging Sapi,Kota Surabaya,kg,,True,115000,2026,3,Jumat,0,1,Cuti Bersama Hari Raya Idul Fitri,0,0
RPH Pegirikan,2026-03-21,Daging Sapi,Kota Surabaya,kg,,True,115000,2026,3,Sabtu,1,1,Hari Raya Idul Fitri,0,0
RPH Pegirikan,2026-03-22,Daging Sapi,Kota Surabaya,kg,,True,115000,2026,3,Minggu,1,1,Hari kedua dari Hari Raya Idul Fitri,0,0
RPH Pegirikan,2026-03-23,Daging Sapi,Kota Surabaya,kg,,True,115000,2026,3,Senin,0,1,Cuti Bersama Hari Raya Idul Fitri,0,0
RPH Pegirikan,2026-03-24,Daging Sapi,Kota Surabaya,kg,,True,115000,2026,3,Selasa,0,1,Cuti Bersama Hari Raya Idul Fitri,0,0
RPH Pegirikan,2026-03-25,Daging Sapi,Kota Surabaya,kg,,True,115000,2026,3,Rabu,0,0,,0,0
RPH Pegirikan,2026-03-26,Daging Sapi,Kota Surabaya,kg,,True,115000,2026,3,Kamis,0,0,,0,0
RPH Pegirikan,2026-03-27,Daging Sapi,Kota Surabaya,kg,,True,115000,2026,3,Jumat,0,0,,0,0
RPH Pegirikan,2026-03-28,Daging Sapi,Kota Surabaya,kg,,True,115000,2026,3,Sabtu,1,0,,0,0
RPH Pegirikan,2026-03-29,Daging Sapi,Kota Surabaya,kg,,True,115000,2026,3,Minggu,1,0,,0,0
RPH Pegirikan,2026-03-30,Daging Sapi,Kota Surabaya,kg,,True,115000,2026,3,Senin,0,0,,0,0
RPH Pegirikan,2026-03-31,Daging Sapi,Kota Surabaya,kg,,True,115000,2026,3,Selasa,0,0,,0,0
RPH Pegirikan,2026-04-01,Daging Sapi,Kota Surabaya,kg,,True,115000,2026,4,Rabu,0,0,,0,0
RPH Pegirikan,2026-04-02,Daging Sapi,Kota Surabaya,kg,,True,115000,2026,4,Kamis,0,0,,0,0
RPH Pegirikan,2026-04-03,Daging Sapi,Kota Surabaya,kg,,True,115000,2026,4,Jumat,0,1,Wafat Yesus Kristus,0,0
RPH Pegirikan,2026-04-04,Daging Sapi,Kota Surabaya,kg,,True,115000,2026,4,Sabtu,1,0,,0,0
RPH Pegirikan,2026-04-05,Daging Sapi,Kota Surabaya,kg,,True,115000,2026,4,Minggu,1,1,Kebangkitan Yesus Kristus,0,0
RPH Pegirikan,2026-04-06,Daging Sapi,Kota Surabaya,kg,,True,115000,2026,4,Senin,0,0,,0,0
RPH Pegirikan,2026-04-07,Daging Sapi,Kota Surabaya,kg,,True,115000,2026,4,Selasa,0,0,,0,0
RPH Pegirikan,2026-04-08,Daging Sapi,Kota Surabaya,kg,,True,115000,2026,4,Rabu,0,0,,0,0
RPH Pegirikan,2026-04-09,Daging Sapi,Kota Surabaya,kg,,True,115000,2026,4,Kamis,0,0,,0,0
RPH Pegirikan,2026-04-10,Daging Sapi,Kota Surabaya,kg,,True,115000,2026,4,Jumat,0,0,,0,0
RPH Pegirikan,2026-04-11,Daging Sapi,Kota Surabaya,kg,,True,115000,2026,4,Sabtu,1,0,,0,0
RPH Pegirikan,2026-04-12,Daging Sapi,Kota Surabaya,kg,,True,115000,2026,4,Minggu,1,0,,0,0
RPH Pegirikan,2026-04-13,Daging Sapi,Kota Surabaya,kg,,True,115000,2026,4,Senin,0,0,,0,0
RPH Pegirikan,2026-04-14,Daging Sapi,Kota Surabaya,kg,,True,115000,2026,4,Selasa,0,0,,0,0
RPH Pegirikan,2026-04-15,Daging Sapi,Kota Surabaya,kg,,True,115000,2026,4,Rabu,0,0,,0,0
RPH Pegirikan,2026-04-16,Daging Sapi,Kota Surabaya,kg,,True,115000,2026,4,Kamis,0,0,,0,0
RPH Pegirikan,2026-04-17,Daging Sapi,Kota Surabaya,kg,,True,115000,2026,4,Jumat,0,0,,0,0
RPH Pegirikan,2026-04-18,Daging Sapi,Kota Surabaya,kg,,True,115000,2026,4,Sabtu,1,0,,0,0
RPH Pegirikan,2026-04-19,Daging Sapi,Kota Surabaya,kg,,True,115000,2026,4,Minggu,1,0,,0,0
RPH Pegirikan,2026-04-20,Daging Sapi,Kota Surabaya,kg,,True,115000,2026,4,Senin,0,0,,0,0
RPH Pegirikan,2026-04-21,Daging Sapi,Kota Surabaya,kg,,True,115000,2026,4,Selasa,0,0,,0,0
RPH Pegirikan,2026-04-22,Daging Sapi,Kota Surabaya,kg,,True,115000,2026,4,Rabu,0,0,,0,0
RPH Pegirikan,2026-04-23,Daging Sapi,Kota Surabaya,kg,,True,115000,2026,4,Kamis,0,0,,0,0
RPH Pegirikan,2026-04-24,Daging Sapi,Kota Surabaya,kg,,True,115000,2026,4,Jumat,0,0,,0,0
RPH Pegirikan,2026-04-25,Daging Sapi,Kota Surabaya,kg,,True,115000,2026,4,Sabtu,1,0,,0,0
RPH Pegirikan,2026-04-26,Daging Sapi,Kota Surabaya,kg,,True,115000,2026,4,Minggu,1,0,,0,0
RPH Pegirikan,2026-04-27,Daging Sapi,Kota Surabaya,kg,,True,115000,2026,4,Senin,0,0,,0,0
RPH Pegirikan,2026-04-28,Daging Sapi,Kota Surabaya,kg,,True,115000,2026,4,Selasa,0,0,,0,0
RPH Pegirikan,2026-04-29,Daging Sapi,Kota Surabaya,kg,,True,115000,2026,4,Rabu,0,0,,0,0
RPH Pegirikan,2026-04-30,Daging Sapi,Kota Surabaya,kg,,True,115000,2026,4,Kamis,0,0,,0,0
RPH Pegirikan,2026-05-01,Daging Sapi,Kota Surabaya,kg,,True,115000,2026,5,Jumat,0,1,Hari Buruh Internasional,0,0
RPH Pegirikan,2026-05-02,Daging Sapi,Kota Surabaya,kg,,True,115000,2026,5,Sabtu,1,0,,0,0
RPH Pegirikan,2026-05-03,Daging Sapi,Kota Surabaya,kg,,True,115000,2026,5,Minggu,1,0,,0,0
RPH Pegirikan,2026-05-04,Daging Sapi,Kota Surabaya,kg,,True,115000,2026,5,Senin,0,0,,0,0
RPH Pegirikan,2026-05-05,Daging Sapi,Kota Surabaya,kg,,True,115000,2026,5,Selasa,0,0,,0,0
RPH Pegirikan,2026-05-06,Daging Sapi,Kota Surabaya,kg,,True,115000,2026,5,Rabu,0,0,,0,0
RPH Pegirikan,2026-05-07,Daging Sapi,Kota Surabaya,kg,,True,115000,2026,5,Kamis,0,0,,0,0
RPH Pegirikan,2026-05-08,Daging Sapi,Kota Surabaya,kg,,True,115000,2026,5,Jumat,0,0,,0,0
RPH Pegirikan,2026-05-09,Daging Sapi,Kota Surabaya,kg,,True,115000,2026,5,Sabtu,1,0,,0,0
RPH Pegirikan,2026-05-10,Daging Sapi,Kota Surabaya,kg,,True,115000,2026,5,Minggu,1,0,,0,0
RPH Pegirikan,2026-05-11,Daging Sapi,Kota Surabaya,kg,,True,115000,2026,5,Senin,0,0,,0,0
RPH Pegirikan,2026-05-12,Daging Sapi,Kota Surabaya,kg,,True,115000,2026,5,Selasa,0,0,,0,0
RPH Pegirikan,2026-05-13,Daging Sapi,Kota Surabaya,kg,,True,115000,2026,5,Rabu,0,0,,0,0
RPH Pegirikan,2026-05-14,Daging Sapi,Kota Surabaya,kg,,True,115000,2026,5,Kamis,0,1,Kenaikan Yesus Kristus,0,0
RPH Pegirikan,2026-05-15,Daging Sapi,Kota Surabaya,kg,,True,115000,2026,5,Jumat,0,1,Cuti Bersama Kenaikan Yesus Kristus,0,0
RPH Pegirikan,2026-05-16,Daging Sapi,Kota Surabaya,kg,,True,115000,2026,5,Sabtu,1,0,,0,0
RPH Pegirikan,2026-05-17,Daging Sapi,Kota Surabaya,kg,,True,115000,2026,5,Minggu,1,0,,0,0
RPH Pegirikan,2026-05-18,Daging Sapi,Kota Surabaya,kg,,True,115000,2026,5,Senin,0,0,,0,0
RPH Pegirikan,2026-05-19,Daging Sapi,Kota Surabaya,kg,,True,115000,2026,5,Selasa,0,0,,0,0
RPH Pegirikan,2026-05-20,Daging Sapi,Kota Surabaya,kg,,True,115000,2026,5,Rabu,0,0,,0,0
RPH Pegirikan,2026-05-21,Daging Sapi,Kota Surabaya,kg,,True,115000,2026,5,Kamis,0,0,,0,0
RPH Pegirikan,2026-05-22,Daging Sapi,Kota Surabaya,kg,,True,115000,2026,5,Jumat,0,0,,0,0
RPH Pegirikan,2026-05-23,Daging Sapi,Kota Surabaya,kg,,True,115000,2026,5,Sabtu,1,0,,0,0
RPH Pegirikan,2026-05-24,Daging Sapi,Kota Surabaya,kg,,True,115000,2026,5,Minggu,1,0,,0,0
RPH Pegirikan,2026-05-25,Daging Sapi,Kota Surabaya,kg,,True,115000,2026,5,Senin,0,0,,0,0
RPH Pegirikan,2026-05-26,Daging Sapi,Kota Surabaya,kg,,True,115000,2026,5,Selasa,0,0,,0,0
RPH Pegirikan,2026-05-27,Daging Sapi,Kota Surabaya,kg,,True,115000,2026,5,Rabu,0,1,Hari Raya Idul Adha,0,0
RPH Pegirikan,2026-05-28,Daging Sapi,Kota Surabaya,kg,,True,115000,2026,5,Kamis,0,1,Cuti Bersama Hari Raya Idul Adha,0,0
RPH Pegirikan,2026-05-29,Daging Sapi,Kota Surabaya,kg,,True,115000,2026,5,Jumat,0,0,,0,0
RPH Pegirikan,2026-05-30,Daging Sapi,Kota Surabaya,kg,,True,115000,2026,5,Sabtu,1,0,,0,0
RPH Pegirikan,2026-05-31,Daging Sapi,Kota Surabaya,kg,,True,115000,2026,5,Minggu,1,1,Hari Raya Waisak,0,0
RPH Pegirikan,2026-06-01,Daging Sapi,Kota Surabaya,kg,,True,115000,2026,6,Senin,0,1,Hari Lahir Pancasila,0,0
RPH Pegirikan,2026-06-02,Daging Sapi,Kota Surabaya,kg,,True,115000,2026,6,Selasa,0,0,,0,0
RPH Pegirikan,2026-06-03,Daging Sapi,Kota Surabaya,kg,,True,115000,2026,6,Rabu,0,0,,0,0
RPH Pegirikan,2026-06-04,Daging Sapi,Kota Surabaya,kg,,True,115000,2026,6,Kamis,0,0,,0,0
RPH Pegirikan,2026-06-05,Daging Sapi,Kota Surabaya,kg,,True,115000,2026,6,Jumat,0,0,,0,0
RPH Pegirikan,2026-06-06,Daging Sapi,Kota Surabaya,kg,,True,115000,2026,6,Sabtu,1,0,,0,0
RPH Pegirikan,2026-06-07,Daging Sapi,Kota Surabaya,kg,,True,115000,2026,6,Minggu,1,0,,0,0
RPH Pegirikan,2026-06-08,Daging Sapi,Kota Surabaya,kg,,True,115000,2026,6,Senin,0,0,,0,0
RPH Pegirikan,2026-06-09,Daging Sapi,Kota Surabaya,kg,,True,115000,2026,6,Selasa,0,0,,0,0
RPH Pegirikan,2026-06-10,Daging Sapi,Kota Surabaya,kg,,True,115000,2026,6,Rabu,0,0,,0,0
RPH Pegirikan,2026-06-11,Daging Sapi,Kota Surabaya,kg,,True,115000,2026,6,Kamis,0,0,,0,0
RPH Pegirikan,2026-06-12,Daging Sapi,Kota Surabaya,kg,,True,115000,2026,6,Jumat,0,0,,0,0
RPH Pegirikan,2026-06-13,Daging Sapi,Kota Surabaya,kg,,True,115000,2026,6,Sabtu,1,0,,0,0
RPH Pegirikan,2026-06-14,Daging Sapi,Kota Surabaya,kg,,True,115000,2026,6,Minggu,1,0,,0,0
RPH Pegirikan,2026-06-15,Daging Sapi,Kota Surabaya,kg,,True,115000,2026,6,Senin,0,0,,0,0
RPH Pegirikan,2026-06-16,Daging Sapi,Kota Surabaya,kg,,True,115000,2026,6,Selasa,0,1,Tahun Baru Islam,0,0
RPH Pegirikan,2026-06-17,Daging Sapi,Kota Surabaya,kg,,True,115000,2026,6,Rabu,0,0,,0,0
RPH Pegirikan,2026-06-18,Daging Sapi,Kota Surabaya,kg,,True,115000,2026,6,Kamis,0,0,,0,0
RPH Pegirikan,2026-06-19,Daging Sapi,Kota Surabaya,kg,,True,115000,2026,6,Jumat,0,0,,0,0
RPH Pegirikan,2026-06-20,Daging Sapi,Kota Surabaya,kg,,True,115000,2026,6,Sabtu,1,0,,0,0
RPH Pegirikan,2026-06-21,Daging Sapi,Kota Surabaya,kg,,True,115000,2026,6,Minggu,1,0,,0,0
RPH Pegirikan,2026-06-22,Daging Sapi,Kota Surabaya,kg,,True,115000,2026,6,Senin,0,0,,0,0
RPH Pegirikan,2026-06-23,Daging Sapi,Kota Surabaya,kg,,True,115000,2026,6,Selasa,0,0,,0,0
RPH Pegirikan,2026-06-24,Daging Sapi,Kota Surabaya,kg,,True,115000,2026,6,Rabu,0,0,,0,0
RPH Pegirikan,2026-06-25,Daging Sapi,Kota Surabaya,kg,,True,115000,2026,6,Kamis,0,0,,0,0
RPH Pegirikan,2026-06-26,Daging Sapi,Kota Surabaya,kg,,True,115000,2026,6,Jumat,0,0,,0,0
RPH Pegirikan,2026-06-27,Daging Sapi,Kota Surabaya,kg,,True,115000,2026,6,Sabtu,1,0,,0,0
RPH Pegirikan,2026-06-28,Daging Sapi,Kota Surabaya,kg,,True,115000,2026,6,Minggu,1,0,,0,0
RPH Pegirikan,2026-06-29,Daging Sapi,Kota Surabaya,kg,,True,115000,2026,6,Senin,0,0,,0,0
RPH Pegirikan,2026-06-30,Daging Sapi,Kota Surabaya,kg,,True,115000,2026,6,Selasa,0,0,,0,0
RPH Pegirikan,2026-07-01,Daging Sapi,Kota Surabaya,kg,,True,115000,2026,7,Rabu,0,0,,0,0
RPH Pegirikan,2026-07-02,Daging Sapi,Kota Surabaya,kg,,True,115000,2026,7,Kamis,0,0,,0,0
RPH Pegirikan,2026-07-03,Daging Sapi,Kota Surabaya,kg,,True,115000,2026,7,Jumat,0,0,,0,0
RPH Pegirikan,2026-07-04,Daging Sapi,Kota Surabaya,kg,,True,115000,2026,7,Sabtu,1,0,,0,0
RPH Pegirikan,2026-07-05,Daging Sapi,Kota Surabaya,kg,,True,115000,2026,7,Minggu,1,0,,0,0
RPH Pegirikan,2026-07-06,Daging Sapi,Kota Surabaya,kg,,True,115000,2026,7,Senin,0,0,,0,0
RPH Pegirikan,2026-07-07,Daging Sapi,Kota Surabaya,kg,,True,115000,2026,7,Selasa,0,0,,0,0
RPH Pegirikan,2026-07-08,Daging Sapi,Kota Surabaya,kg,,True,115000,2026,7,Rabu,0,0,,0,0
RPH Pegirikan,2026-07-09,Daging Sapi,Kota Surabaya,kg,,True,115000,2026,7,Kamis,0,0,,0,0
RPH Pegirikan,2026-07-10,Daging Sapi,Kota Surabaya,kg,,True,115000,2026,7,Jumat,0,0,,0,0
RPH Pegirikan,2026-07-11,Daging Sapi,Kota Surabaya,kg,,True,115000,2026,7,Sabtu,1,0,,0,0
RPH Pegirikan,2026-07-12,Daging Sapi,Kota Surabaya,kg,,True,115000,2026,7,Minggu,1,0,,0,0
RPH Pegirikan,2026-07-13,Daging Sapi,Kota Surabaya,kg,,True,115000,2026,7,Senin,0,0,,0,0
RPH Pegirikan,2026-07-14,Daging Sapi,Kota Surabaya,kg,,True,115000,2026,7,Selasa,0,0,,0,0
RPH Pegirikan,2026-07-15,Daging Sapi,Kota Surabaya,kg,,True,115000,2026,7,Rabu,0,0,,0,0
RPH Pegirikan,2026-07-16,Daging Sapi,Kota Surabaya,kg,,True,115000,2026,7,Kamis,0,0,,0,0
RPH Pegirikan,2026-07-17,Daging Sapi,Kota Surabaya,kg,,True,115000,2026,7,Jumat,0,0,,0,0
RPH Pegirikan,2026-07-18,Daging Sapi,Kota Surabaya,kg,,True,115000,2026,7,Sabtu,1,0,,0,0
RPH Pegirikan,2026-07-19,Daging Sapi,Kota Surabaya,kg,,True,115000,2026,7,Minggu,1,0,,0,0
RPH Pegirikan,2026-07-20,Daging Sapi,Kota Surabaya,kg,,True,115000,2026,7,Senin,0,0,,0,0
RPH Pegirikan,2026-07-21,Daging Sapi,Kota Surabaya,kg,,True,115000,2026,7,Selasa,0,0,,0,0
RPH Pegirikan,2026-07-22,Daging Sapi,Kota Surabaya,kg,,True,115000,2026,7,Rabu,0,0,,0,0
RPH Pegirikan,2026-07-23,Daging Sapi,Kota Surabaya,kg,,True,115000,2026,7,Kamis,0,0,,0,0
RPH Pegirikan,2026-07-24,Daging Sapi,Kota Surabaya,kg,,True,115000,2026,7,Jumat,0,0,,0,0
RPH Pegirikan,2026-07-25,Daging Sapi,Kota Surabaya,kg,,True,115000,2026,7,Sabtu,1,0,,0,0
RPH Pegirikan,2026-07-26,Daging Sapi,Kota Surabaya,kg,,True,115000,2026,7,Minggu,1,0,,0,0
RPH Pegirikan,2026-07-27,Daging Sapi,Kota Surabaya,kg,,True,115000,2026,7,Senin,0,0,,0,0
RPH Pegirikan,2026-07-28,Daging Sapi,Kota Surabaya,kg,,True,115000,2026,7,Selasa,0,0,,0,0
RPH Pegirikan,2026-07-29,Daging Sapi,Kota Surabaya,kg,,True,115000,2026,7,Rabu,0,0,,0,0
RPH Pegirikan,2026-07-30,Daging Sapi,Kota Surabaya,kg,,True,115000,2026,7,Kamis,0,0,,0,0
RPH Pegirikan,2026-07-31,Daging Sapi,Kota Surabaya,kg,,True,115000,2026,7,Jumat,0,0,,0,0
RPH Pegirikan,2026-08-01,Daging Sapi,Kota Surabaya,kg,,True,115000,2026,8,Sabtu,1,0,,0,0
RPH Pegirikan,2026-08-02,Daging Sapi,Kota Surabaya,kg,,True,115000,2026,8,Minggu,1,0,,0,0
RPH Pegirikan,2026-08-03,Daging Sapi,Kota Surabaya,kg,,True,115000,2026,8,Senin,0,0,,0,0
RPH Pegirikan,2026-08-04,Daging Sapi,Kota Surabaya,kg,,True,115000,2026,8,Selasa,0,0,,0,0
RPH Pegirikan,2026-08-05,Daging Sapi,Kota Surabaya,kg,,True,115000,2026,8,Rabu,0,0,,0,0
RPH Pegirikan,2026-08-06,Daging Sapi,Kota Surabaya,kg,,True,115000,2026,8,Kamis,0,0,,0,0
RPH Pegirikan,2026-08-07,Daging Sapi,Kota Surabaya,kg,,True,115000,2026,8,Jumat,0,0,,0,0
RPH Pegirikan,2026-08-08,Daging Sapi,Kota Surabaya,kg,,True,115000,2026,8,Sabtu,1,0,,0,0
RPH Pegirikan,2026-08-09,Daging Sapi,Kota Surabaya,kg,,True,115000,2026,8,Minggu,1,0,,0,0
RPH Pegirikan,2026-08-10,Daging Sapi,Kota Surabaya,kg,,True,115000,2026,8,Senin,0,0,,0,0
RPH Pegirikan,2026-08-11,Daging Sapi,Kota Surabaya,kg,,True,115000,2026,8,Selasa,0,0,,0,0
RPH Pegirikan,2026-08-12,Daging Sapi,Kota Surabaya,kg,,True,115000,2026,8,Rabu,0,0,,0,0
RPH Pegirikan,2026-08-13,Daging Sapi,Kota Surabaya,kg,,True,115000,2026,8,Kamis,0,0,,0,0
RPH Pegirikan,2026-08-14,Daging Sapi,Kota Surabaya,kg,,True,115000,2026,8,Jumat,0,0,,0,0
RPH Pegirikan,2026-08-15,Daging Sapi,Kota Surabaya,kg,,True,115000,2026,8,Sabtu,1,0,,0,0
RPH Pegirikan,2026-08-16,Daging Sapi,Kota Surabaya,kg,,True,115000,2026,8,Minggu,1,0,,0,0
RPH Pegirikan,2026-08-17,Daging Sapi,Kota Surabaya,kg,,True,115000,2026,8,Senin,0,1,Hari Kemerdekaan Republik Indonesia,0,0
RPH Pegirikan,2026-08-18,Daging Sapi,Kota Surabaya,kg,,True,115000,2026,8,Selasa,0,0,,0,0
RPH Pegirikan,2026-08-19,Daging Sapi,Kota Surabaya,kg,,True,115000,2026,8,Rabu,0,0,,0,0
RPH Pegirikan,2026-08-20,Daging Sapi,Kota Surabaya,kg,,True,115000,2026,8,Kamis,0,0,,0,0
RPH Pegirikan,2026-08-21,Daging Sapi,Kota Surabaya,kg,,True,115000,2026,8,Jumat,0,0,,0,0
RPH Pegirikan,2026-08-22,Daging Sapi,Kota Surabaya,kg,,True,115000,2026,8,Sabtu,1,0,,0,0
RPH Pegirikan,2026-08-23,Daging Sapi,Kota Surabaya,kg,,True,115000,2026,8,Minggu,1,0,,0,0
RPH Pegirikan,2026-08-24,Daging Sapi,Kota Surabaya,kg,,True,115000,2026,8,Senin,0,0,,0,0
RPH Pegirikan,2026-08-25,Daging Sapi,Kota Surabaya,kg,,True,115000,2026,8,Selasa,0,1,Maulid Nabi Muhammad,0,0
RPH Pegirikan,2026-08-26,Daging Sapi,Kota Surabaya,kg,,True,115000,2026,8,Rabu,0,0,,0,0
RPH Pegirikan,2026-08-27,Daging Sapi,Kota Surabaya,kg,,True,115000,2026,8,Kamis,0,0,,0,0
RPH Pegirikan,2026-08-28,Daging Sapi,Kota Surabaya,kg,,True,115000,2026,8,Jumat,0,0,,0,0
RPH Pegirikan,2026-08-29,Daging Sapi,Kota Surabaya,kg,,True,115000,2026,8,Sabtu,1,0,,0,0
RPH Pegirikan,2026-08-30,Daging Sapi,Kota Surabaya,kg,,True,115000,2026,8,Minggu,1,0,,0,0
RPH Pegirikan,2026-08-31,Daging Sapi,Kota Surabaya,kg,,True,115000,2026,8,Senin,0,0,,0,0
RPH Pegirikan,2026-09-01,Daging Sapi,Kota Surabaya,kg,,True,115000,2026,9,Selasa,0,0,,0,0
