tanggal,curah_hujan_mm,jam_hujan,hari_hujan,suhu_mean_c,suhu_max_c,suhu_min_c,kelembapan_mean_pct,angin_max_kmh
2020-01-01,26.8,24.0,1,25.6,27.6,24.5,92,13.2
2020-01-02,5.9,13.0,1,26.7,29.7,24.3,84,18.5
2020-01-03,2.3,8.0,1,27.7,31.6,25.2,79,19.2
2020-01-04,3.2,14.0,1,27.0,29.6,25.0,83,25.3
2020-01-05,14.6,8.0,1,27.4,30.2,25.7,82,17.3
2020-01-06,15.7,13.0,1,26.7,30.7,24.8,85,18.4
2020-01-07,6.5,16.0,1,26.4,30.6,24.6,87,18.4
2020-01-08,13.7,15.0,1,25.9,29.5,24.3,88,15.1
2020-01-09,7.8,11.0,1,26.8,31.1,24.0,85,13.7
2020-01-10,9.9,12.0,1,26.7,30.8,24.7,86,15.0
2020-01-11,26.0,11.0,1,26.6,30.9,24.9,86,15.3
2020-01-12,1.1,3.0,1,27.9,31.8,24.8,78,18.0
2020-01-13,1.6,9.0,1,27.9,31.9,24.9,78,19.2
2020-01-14,3.7,13.0,1,27.5,31.1,24.9,84,17.8
2020-01-15,3.7,15.0,1,27.6,31.3,25.2,85,7.0
2020-01-16,1.4,7.0,1,27.8,31.6,25.0,83,9.7
2020-01-17,1.2,4.0,1,28.5,32.5,24.6,77,9.2
2020-01-18,5.5,13.0,1,28.4,32.3,25.1,78,9.6
2020-01-19,5.0,14.0,1,27.9,32.2,25.1,82,10.0
2020-01-20,25.3,15.0,1,27.2,31.7,24.5,86,10.8
2020-01-21,13.3,18.0,1,26.7,31.0,24.2,87,10.7
2020-01-22,0.4,4.0,1,27.8,32.6,23.8,81,10.5
2020-01-23,10.9,19.0,1,27.3,31.4,25.2,85,7.1
2020-01-24,9.6,22.0,1,27.5,31.1,25.0,85,9.4
2020-01-25,6.9,19.0,1,27.2,31.5,24.3,85,8.8
2020-01-26,4.5,14.0,1,27.5,32.1,24.5,82,10.7
2020-01-27,12.1,8.0,1,27.3,30.1,24.3,85,11.4
2020-01-28,1.2,8.0,1,28.3,32.1,25.2,81,10.7
2020-01-29,3.1,5.0,1,28.3,32.8,25.1,79,13.9
2020-01-30,13.1,11.0,1,27.1,31.5,25.5,85,20.3
2020-01-31,19.9,12.0,1,26.7,30.3,25.2,86,14.8
2020-02-01,30.0,13.0,1,26.7,30.4,24.4,86,11.2
2020-02-02,10.6,14.0,1,26.5,29.8,24.1,87,11.6
2020-02-03,34.7,16.0,1,26.3,29.3,24.5,89,11.9
2020-02-04,1.6,9.0,1,27.2,31.2,23.8,83,7.9
2020-02-05,0.2,2.0,1,27.7,32.0,23.4,81,11.0
2020-02-06,8.8,10.0,1,27.1,30.3,24.6,84,15.3
2020-02-07,19.7,15.0,1,26.7,30.7,25.0,87,19.1
2020-02-08,4.5,16.0,1,26.5,28.6,24.6,88,16.3
2020-02-09,2.9,3.0,1,27.4,30.7,24.8,77,15.3
2020-02-10,18.3,11.0,1,26.8,31.6,24.3,85,14.0
2020-02-11,4.1,16.0,1,26.4,29.8,24.5,89,8.7
2020-02-12,12.7,16.0,1,27.1,30.3,25.0,87,8.7
2020-02-13,3.6,14.0,1,27.8,31.0,25.5,84,11.6
2020-02-14,2.8,12.0,1,27.4,30.2,24.9,86,6.5
2020-02-15,25.2,19.0,1,26.6,30.1,24.7,88,11.4
2020-02-16,45.9,14.0,1,26.5,30.8,24.3,89,9.4
2020-02-17,6.2,13.0,1,26.4,29.3,23.7,87,13.7
2020-02-18,4.6,14.0,1,26.0,29.5,24.4,89,13.7
2020-02-19,17.0,20.0,1,25.8,28.6,24.4,90,17.1
2020-02-20,6.1,18.0,1,25.9,28.2,24.3,89,17.6
2020-02-21,11.7,11.0,1,26.8,31.5,24.6,86,16.3
2020-02-22,12.1,15.0,1,26.5,31.4,23.4,89,12.9
2020-02-23,9.7,14.0,1,26.6,29.9,24.4,88,15.7
2020-02-24,8.1,22.0,1,26.6,29.6,24.7,89,14.3
2020-02-25,19.6,17.0,1,26.5,29.9,24.8,88,14.8
2020-02-26,8.7,13.0,1,26.5,29.8,24.1,88,10.8
2020-02-27,10.2,18.0,1,26.9,29.7,25.4,89,12.2
2020-02-28,14.8,12.0,1,27.0,30.7,25.1,88,15.0
2020-02-29,12.2,12.0,1,26.7,29.7,25.1,89,17.4
2020-03-01,29.4,17.0,1,26.3,29.4,25.0,91,14.5
2020-03-02,2.2,8.0,1,27.2,30.4,24.8,85,14.9
2020-03-03,14.6,12.0,1,26.8,30.6,24.9,89,11.2
2020-03-04,19.4,15.0,1,26.9,30.8,25.0,89,7.7
2020-03-05,10.0,13.0,1,26.4,28.9,25.1,90,13.7
2020-03-06,21.7,10.0,1,26.7,31.0,24.2,86,14.3
2020-03-07,19.3,19.0,1,26.3,29.9,24.5,90,13.0
2020-03-08,8.9,14.0,1,26.9,30.0,25.1,87,15.0
2020-03-09,9.9,12.0,1,27.1,30.9,24.7,84,15.6
2020-03-10,6.7,4.0,1,26.8,30.5,24.2,84,11.9
2020-03-11,3.3,8.0,1,27.5,31.0,24.6,85,14.4
2020-03-12,1.8,7.0,1,27.7,31.8,24.6,84,13.3
2020-03-13,8.1,7.0,1,27.3,31.3,24.7,86,9.4
2020-03-14,4.8,11.0,1,27.6,31.1,25.3,84,7.6
2020-03-15,20.8,11.0,1,27.4,31.6,25.4,86,9.0
2020-03-16,4.3,4.0,1,27.8,31.0,24.8,83,9.0
2020-03-17,7.2,17.0,1,27.2,30.7,25.1,88,12.2
2020-03-18,7.5,12.0,1,26.6,29.1,25.1,89,11.2
2020-03-19,18.9,20.0,1,26.6,29.6,25.0,89,9.0
2020-03-20,8.1,14.0,1,26.8,30.4,24.8,88,10.5
2020-03-21,0.6,5.0,1,27.0,29.9,24.1,86,10.8
2020-03-22,12.5,11.0,1,27.2,29.8,25.3,87,10.3
2020-03-23,3.3,9.0,1,26.7,30.5,24.4,87,8.4
2020-03-24,11.5,15.0,1,26.5,29.1,24.2,88,10.2
2020-03-25,2.4,14.0,1,27.3,31.0,24.5,87,8.9
2020-03-26,0.2,2.0,1,28.2,31.8,24.6,80,12.9
2020-03-27,5.8,11.0,1,28.1,32.0,25.1,82,7.4
2020-03-28,2.6,11.0,1,27.7,30.7,25.3,84,11.3
2020-03-29,9.8,14.0,1,26.9,29.5,25.8,89,8.7
2020-03-30,2.8,8.0,1,27.5,31.4,24.9,84,8.3
2020-03-31,16.3,15.0,1,26.9,29.8,25.1,89,12.3
2020-04-01,6.1,13.0,1,26.9,29.5,25.2,89,9.3
2020-04-02,9.9,18.0,1,27.4,30.4,25.5,88,11.0
2020-04-03,13.5,16.0,1,27.0,30.0,25.1,89,7.7
2020-04-04,18.6,10.0,1,27.0,30.3,24.5,87,10.4
2020-04-05,22.7,18.0,1,26.6,29.0,24.5,89,6.9
2020-04-06,22.0,23.0,1,26.0,28.5,24.3,91,6.7
2020-04-07,8.5,11.0,1,26.5,30.2,23.9,86,9.7
2020-04-08,8.5,13.0,1,26.8,30.4,24.1,86,6.1
2020-04-09,3.0,5.0,1,27.3,31.0,24.6,84,11.7
2020-04-10,5.9,13.0,1,27.4,31.2,24.4,84,9.8
2020-04-11,4.3,13.0,1,27.0,30.2,24.2,86,10.4
2020-04-12,13.2,15.0,1,26.9,30.2,24.3,86,7.1
2020-04-13,6.8,13.0,1,27.1,31.0,24.5,84,10.5
2020-04-14,7.2,12.0,1,26.8,30.0,23.9,88,9.5
2020-04-15,0.9,8.0,1,27.9,31.1,25.3,83,11.0
2020-04-16,0.7,6.0,1,28.0,31.3,25.3,84,8.7
2020-04-17,15.8,18.0,1,26.8,28.9,25.2,89,10.8
2020-04-18,12.9,13.0,1,26.8,29.4,25.0,90,10.4
2020-04-19,8.7,8.0,1,26.6,28.6,24.5,88,9.0
2020-04-20,1.0,7.0,1,28.2,31.2,25.8,84,9.5
2020-04-21,1.4,8.0,1,27.9,30.5,25.8,85,14.2
2020-04-22,1.2,7.0,1,28.5,30.8,26.4,81,18.1
2020-04-23,1.5,10.0,1,28.6,31.1,26.4,81,18.2
2020-04-24,0.1,1.0,1,28.3,31.1,25.8,78,14.8
2020-04-25,0.4,2.0,1,28.1,31.3,25.1,79,12.1
2020-04-26,6.6,16.0,1,27.4,29.1,26.2,86,9.3
2020-04-27,1.1,7.0,1,28.0,30.9,25.0,78,13.2
2020-04-28,0.6,3.0,1,27.7,30.0,25.2,76,10.8
2020-04-29,6.9,15.0,1,27.7,30.6,25.5,81,12.6
2020-04-30,13.5,8.0,1,27.8,30.6,25.5,79,12.6
2020-05-01,1.3,9.0,1,28.1,30.6,25.7,77,12.1
2020-05-02,1.0,4.0,1,27.9,31.6,24.8,77,10.9
2020-05-03,0.8,4.0,1,27.5,30.1,25.0,82,9.4
2020-05-04,0.7,6.0,1,28.6,31.2,26.5,78,17.6
2020-05-05,1.3,7.0,1,28.4,31.2,26.3,81,15.5
2020-05-06,0.1,1.0,1,28.7,31.6,25.5,77,14.0
2020-05-07,0.0,0.0,0,28.9,32.1,24.6,74,15.9
2020-05-08,1.4,8.0,1,28.7,31.6,25.8,81,17.7
2020-05-09,14.3,19.0,1,27.2,29.8,25.7,88,15.5
2020-05-10,3.6,11.0,1,28.3,30.8,26.1,81,16.1
2020-05-11,1.6,10.0,1,27.9,30.2,25.6,83,14.6
2020-05-12,0.5,4.0,1,28.5,31.2,25.6,75,13.8
2020-05-13,0.1,1.0,1,28.7,31.4,26.5,72,16.0
2020-05-14,0.0,0.0,0,28.5,31.6,24.7,72,16.8
2020-05-15,0.0,0.0,0,28.4,32.0,24.5,73,16.1
2020-05-16,0.0,0.0,0,29.0,32.4,24.7,72,16.7
2020-05-17,0.2,1.0,1,29.0,32.4,24.9,74,14.1
2020-05-18,4.2,9.0,1,28.1,31.9,25.7,81,12.5
2020-05-19,4.5,10.0,1,27.5,31.1,25.0,84,11.2
2020-05-20,5.2,12.0,1,27.7,31.1,25.6,84,19.8
2020-05-21,11.6,16.0,1,27.1,29.5,25.1,88,7.1
2020-05-22,2.6,5.0,1,27.8,30.8,25.5,84,8.2
2020-05-23,1.8,8.0,1,28.4,32.5,24.9,81,9.7
2020-05-24,1.1,7.0,1,28.7,31.5,25.8,80,8.0
2020-05-25,8.0,12.0,1,28.0,31.4,25.2,84,7.4
2020-05-26,3.8,17.0,1,27.1,30.7,25.1,87,8.4
2020-05-27,6.7,9.0,1,26.8,30.0,24.9,87,10.3
2020-05-28,16.2,22.0,1,26.3,28.2,24.8,91,8.9
2020-05-29,3.0,7.0,1,27.3,30.3,25.7,83,12.0
2020-05-30,1.5,7.0,1,28.1,31.2,26.2,81,14.1
2020-05-31,6.9,17.0,1,27.1,29.0,25.6,88,13.2
2020-06-01,4.6,4.0,1,27.5,29.9,25.3,86,8.7
2020-06-02,2.8,9.0,1,27.7,30.2,25.3,81,13.6
2020-06-03,0.7,4.0,1,28.3,30.4,25.9,75,22.7
2020-06-04,0.0,0.0,0,27.6,30.6,23.6,73,19.9
2020-06-05,0.0,0.0,0,27.3,30.8,23.2,75,12.2
2020-06-06,0.2,2.0,1,27.4,31.6,23.0,77,8.3
2020-06-07,0.2,2.0,1,27.3,30.7,24.1,79,10.6
2020-06-08,0.3,3.0,1,27.5,30.9,24.2,77,13.6
2020-06-09,0.4,3.0,1,28.0,31.2,25.1,71,16.2
2020-06-10,0.0,0.0,0,27.4,30.8,23.0,72,13.9
2020-06-11,0.3,2.0,1,27.4,31.1,23.8,72,13.9
2020-06-12,0.0,0.0,0,27.4,31.5,23.8,72,12.5
2020-06-13,0.0,0.0,0,27.6,31.7,22.8,72,13.7
2020-06-14,3.3,15.0,1,27.4,30.3,25.4,83,14.5
2020-06-15,6.9,16.0,1,27.7,30.5,25.8,82,15.0
2020-06-16,0.7,5.0,1,27.9,30.9,25.1,78,17.0
2020-06-17,0.0,0.0,0,28.2,32.3,23.3,70,17.2
2020-06-18,0.0,0.0,0,28.3,31.8,24.7,72,19.1
2020-06-19,0.0,0.0,0,28.1,32.0,24.0,73,23.7
2020-06-20,0.0,0.0,0,27.9,31.7,23.2,69,16.3
2020-06-21,0.0,0.0,0,28.2,32.0,23.6,70,14.9
2020-06-22,0.0,0.0,0,28.1,31.5,24.6,69,19.1
2020-06-23,0.0,0.0,0,27.9,32.3,23.3,68,18.6
2020-06-24,0.0,0.0,0,28.0,32.3,23.5,69,16.1
2020-06-25,0.0,0.0,0,28.0,31.9,23.8,67,18.1
2020-06-26,0.0,0.0,0,27.3,31.6,22.0,68,15.0
2020-06-27,0.0,0.0,0,27.7,32.3,22.5,67,15.2
2020-06-28,0.0,0.0,0,27.9,33.1,23.0,68,16.2
2020-06-29,0.0,0.0,0,28.1,31.9,23.9,71,19.1
2020-06-30,0.1,1.0,1,28.2,32.4,23.3,68,16.6
2020-07-01,0.0,0.0,0,28.3,32.7,23.2,66,21.5
2020-07-02,0.0,0.0,0,28.1,32.3,23.4,68,16.7
2020-07-03,0.0,0.0,0,27.8,32.2,23.8,68,22.3
2020-07-04,0.0,0.0,0,27.3,31.7,22.6,67,19.7
2020-07-05,0.0,0.0,0,28.0,31.5,23.8,66,18.8
2020-07-06,0.6,4.0,1,27.2,30.8,24.8,76,17.5
2020-07-07,2.4,5.0,1,27.5,31.6,24.5,75,18.4
2020-07-08,0.0,0.0,0,27.7,32.7,22.7,69,17.7
2020-07-09,0.0,0.0,0,28.0,33.0,23.4,68,20.5
2020-07-10,0.0,0.0,0,28.3,32.7,24.8,68,18.8
2020-07-11,0.0,0.0,0,28.2,32.7,23.2,66,15.6
2020-07-12,0.0,0.0,0,28.1,32.9,23.4,68,17.6
2020-07-13,0.0,0.0,0,28.4,32.7,24.1,66,17.8
2020-07-14,0.0,0.0,0,28.3,32.1,24.2,69,18.2
2020-07-15,1.3,5.0,1,27.7,30.5,24.9,74,15.1
2020-07-16,0.0,0.0,0,28.0,31.8,25.3,73,14.1
2020-07-17,0.0,0.0,0,28.2,31.8,25.4,72,18.6
2020-07-18,0.0,0.0,0,28.2,33.7,23.0,66,15.7
2020-07-19,0.0,0.0,0,28.4,33.4,23.4,66,20.4
2020-07-20,0.1,1.0,1,28.3,32.2,24.9,69,17.5
2020-07-21,1.7,12.0,1,27.9,31.5,24.9,76,20.3
2020-07-22,0.0,0.0,0,28.4,32.1,24.8,68,19.0
2020-07-23,0.0,0.0,0,28.3,33.0,23.7,67,17.7
2020-07-24,0.0,0.0,0,27.7,31.8,23.7,67,20.6
2020-07-25,0.0,0.0,0,27.3,32.3,22.4,60,17.6
2020-07-26,0.0,0.0,0,27.0,31.8,21.7,59,22.0
2020-07-27,0.0,0.0,0,27.1,32.1,21.2,62,19.2
2020-07-28,0.0,0.0,0,27.7,33.1,22.8,64,22.6
2020-07-29,0.0,0.0,0,27.3,31.8,23.4,61,23.2
2020-07-30,0.0,0.0,0,26.9,32.2,20.9,54,14.8
2020-07-31,0.0,0.0,0,27.3,32.9,21.9,64,19.1
2020-08-01,0.0,0.0,0,27.8,32.5,23.4,65,18.4
2020-08-02,0.0,0.0,0,27.4,31.5,23.0,65,18.3
2020-08-03,0.0,0.0,0,27.5,32.3,22.6,65,16.4
2020-08-04,0.3,1.0,1,27.5,30.5,26.0,69,17.0
2020-08-05,0.0,0.0,0,28.5,33.1,24.6,67,15.5
2020-08-06,0.1,1.0,1,28.2,32.2,24.5,67,19.1
2020-08-07,0.3,2.0,1,27.7,31.8,23.9,69,22.4
2020-08-08,0.0,0.0,0,27.8,31.8,24.2,69,17.3
2020-08-09,0.1,1.0,1,28.2,32.6,25.2,70,17.3
2020-08-10,0.3,2.0,1,28.2,31.7,24.9,74,17.6
2020-08-11,8.1,11.0,1,27.8,31.8,25.0,76,17.0
2020-08-12,4.0,8.0,1,27.7,31.6,24.7,77,16.9
2020-08-13,0.0,0.0,0,28.2,33.2,23.8,73,21.0
2020-08-14,0.0,0.0,0,28.3,32.3,24.4,72,15.0
2020-08-15,0.1,1.0,1,28.2,32.6,24.1,73,18.4
2020-08-16,1.0,7.0,1,28.3,32.7,25.2,72,18.7
2020-08-17,0.0,0.0,0,28.4,32.9,24.0,65,20.6
2020-08-18,0.0,0.0,0,28.4,33.2,23.5,64,21.5
2020-08-19,0.0,0.0,0,28.1,33.1,23.2,64,22.6
2020-08-20,0.0,0.0,0,27.8,31.5,23.9,67,18.8
2020-08-21,0.0,0.0,0,28.5,32.0,25.4,63,21.2
2020-08-22,0.0,0.0,0,29.0,33.2,25.5,56,24.9
2020-08-23,0.0,0.0,0,28.5,34.0,23.4,66,19.3
2020-08-24,0.0,0.0,0,28.1,33.0,22.6,63,26.2
2020-08-25,0.0,0.0,0,27.8,33.2,22.1,66,21.0
2020-08-26,0.0,0.0,0,28.5,34.0,23.3,62,29.6
2020-08-27,0.0,0.0,0,27.1,32.0,21.2,62,22.0
2020-08-28,0.0,0.0,0,27.9,32.5,22.7,65,19.7
2020-08-29,0.0,0.0,0,28.6,33.3,23.9,62,25.8
2020-08-30,0.0,0.0,0,28.2,33.3,22.7,59,23.7
2020-08-31,0.0,0.0,0,28.0,32.7,22.1,62,19.8
2020-09-01,0.0,0.0,0,28.8,34.1,23.2,64,19.7
2020-09-02,0.0,0.0,0,29.1,34.0,25.0,64,20.9
2020-09-03,0.0,0.0,0,29.0,33.1,25.9,65,21.3
2020-09-04,0.0,0.0,0,29.4,34.0,25.3,65,20.7
2020-09-05,0.0,0.0,0,29.1,33.6,24.8,64,21.8
2020-09-06,0.0,0.0,0,29.1,33.8,24.3,63,19.0
2020-09-07,0.0,0.0,0,28.8,33.5,23.7,63,19.5
2020-09-08,0.0,0.0,0,28.9,33.8,23.9,63,20.9
2020-09-09,0.0,0.0,0,29.0,34.4,24.8,64,20.8
2020-09-10,0.2,2.0,1,29.0,33.5,24.7,65,20.3
2020-09-11,0.0,0.0,0,28.7,33.6,23.6,62,22.4
2020-09-12,0.0,0.0,0,29.0,33.7,24.3,61,25.1
2020-09-13,0.0,0.0,0,29.3,34.2,24.3,60,20.3
2020-09-14,0.0,0.0,0,28.9,33.2,24.5,56,19.6
2020-09-15,0.0,0.0,0,28.8,33.9,23.4,57,21.8
2020-09-16,0.0,0.0,0,28.5,33.4,22.8,57,19.1
2020-09-17,0.0,0.0,0,28.6,33.1,24.0,62,19.5
2020-09-18,0.0,0.0,0,28.8,33.3,24.5,66,23.3
2020-09-19,0.0,0.0,0,29.5,33.6,26.6,63,25.5
2020-09-20,0.0,0.0,0,29.6,34.0,26.8,64,18.4
2020-09-21,0.0,0.0,0,29.8,35.2,25.3,65,25.4
2020-09-22,1.8,4.0,1,29.5,34.6,26.1,69,17.7
2020-09-23,0.0,0.0,0,29.7,34.4,25.6,68,19.6
2020-09-24,0.0,0.0,0,29.9,35.4,25.2,65,21.8
2020-09-25,0.0,0.0,0,30.0,35.6,24.8,61,21.7
2020-09-26,0.0,0.0,0,29.8,34.5,24.9,62,24.0
2020-09-27,0.0,0.0,0,30.0,34.7,25.3,61,21.4
2020-09-28,0.0,0.0,0,30.1,34.8,25.2,58,21.0
2020-09-29,0.0,0.0,0,29.7,35.0,25.2,59,21.0
2020-09-30,0.0,0.0,0,29.3,33.8,25.5,63,19.7
2020-10-01,0.0,0.0,0,29.9,35.5,25.1,62,19.7
2020-10-02,0.1,1.0,1,30.1,36.1,25.0,63,19.7
2020-10-03,0.0,0.0,0,29.9,34.3,25.6,62,18.7
2020-10-04,0.1,1.0,1,29.9,34.6,25.3,58,21.4
2020-10-05,0.0,0.0,0,29.8,33.8,26.0,58,17.4
2020-10-06,0.7,3.0,1,30.1,35.4,26.4,59,16.3
2020-10-07,0.3,2.0,1,29.7,34.1,25.8,60,17.4
2020-10-08,0.1,1.0,1,29.7,34.2,25.6,60,16.9
2020-10-09,0.0,0.0,0,29.7,34.6,24.6,59,16.3
2020-10-10,2.6,7.0,1,28.3,33.2,25.3,75,18.5
2020-10-11,0.1,1.0,1,28.9,33.9,24.0,70,22.9
2020-10-12,0.0,0.0,0,29.4,34.1,24.9,65,23.3
2020-10-13,0.0,0.0,0,29.1,33.3,24.5,65,26.2
2020-10-14,0.0,0.0,0,29.8,35.2,24.4,65,20.6
2020-10-15,0.1,1.0,1,30.0,35.6,24.5,62,20.6
2020-10-16,0.0,0.0,0,30.2,35.0,26.8,62,21.6
2020-10-17,0.0,0.0,0,29.7,35.2,24.6,61,18.8
2020-10-18,1.0,1.0,1,28.8,32.3,24.5,63,14.7
2020-10-19,12.5,12.0,1,27.1,31.9,25.3,78,16.0
2020-10-20,6.4,22.0,1,27.1,29.9,25.1,83,18.7
2020-10-21,1.9,8.0,1,27.8,31.8,24.3,80,11.8
2020-10-22,2.9,10.0,1,28.6,33.7,24.5,74,11.8
2020-10-23,3.1,12.0,1,27.9,32.7,24.3,77,10.1
2020-10-24,1.1,4.0,1,28.9,33.4,24.6,72,13.0
2020-10-25,8.0,8.0,1,28.9,33.1,25.6,75,10.6
2020-10-26,2.1,7.0,1,28.5,33.1,25.5,77,14.3
2020-10-27,18.1,17.0,1,26.4,29.1,24.9,85,12.4
2020-10-28,0.0,0.0,0,28.4,32.5,24.0,72,13.3
2020-10-29,0.1,1.0,1,29.0,32.8,24.9,72,16.5
2020-10-30,5.8,12.0,1,27.6,30.7,26.2,83,17.4
2020-10-31,41.8,15.0,1,26.6,30.0,24.9,86,13.4
2020-11-01,28.3,17.0,1,26.3,28.8,23.7,85,9.3
2020-11-02,15.7,22.0,1,26.1,28.6,24.1,88,12.7
2020-11-03,2.0,13.0,1,27.0,29.8,24.6,85,13.2
2020-11-04,0.3,2.0,1,28.1,31.6,24.4,77,14.1
2020-11-05,0.0,0.0,0,28.7,32.5,25.5,76,11.9
2020-11-06,0.0,0.0,0,28.6,32.7,24.4,75,14.0
2020-11-07,0.5,2.0,1,29.1,33.7,24.4,73,12.8
2020-11-08,0.2,2.0,1,28.6,32.8,24.4,73,10.5
2020-11-09,0.1,1.0,1,29.3,34.0,24.7,70,15.4
2020-11-10,0.1,1.0,1,29.4,34.0,24.9,68,16.4
2020-11-11,0.9,7.0,1,29.0,32.7,24.8,72,19.8
2020-11-12,1.7,12.0,1,29.3,32.1,27.3,74,20.1
2020-11-13,0.8,5.0,1,29.8,33.3,27.2,73,14.2
2020-11-14,0.2,2.0,1,30.0,34.5,25.8,69,17.3
2020-11-15,1.9,7.0,1,29.1,32.8,26.3,74,16.3
2020-11-16,0.0,0.0,0,30.5,34.7,26.5,66,16.2
2020-11-17,0.0,0.0,0,30.4,35.4,26.2,64,21.3
2020-11-18,0.0,0.0,0,30.2,34.5,25.7,63,18.8
2020-11-19,5.3,8.0,1,29.4,34.9,26.1,70,17.7
2020-11-20,2.7,6.0,1,27.9,32.5,24.6,81,10.8
2020-11-21,3.4,8.0,1,29.0,34.2,25.0,76,9.9
2020-11-22,3.2,11.0,1,28.0,32.6,25.3,80,10.2
2020-11-23,8.6,15.0,1,27.1,31.5,25.3,82,12.2
2020-11-24,13.5,13.0,1,27.5,31.3,24.8,83,10.1
2020-11-25,16.3,16.0,1,27.1,30.3,25.2,85,10.0
2020-11-26,3.8,12.0,1,27.3,29.7,25.3,84,10.5
2020-11-27,5.4,8.0,1,27.3,31.0,25.6,82,9.3
2020-11-28,2.0,12.0,1,27.1,30.3,24.6,84,8.2
2020-11-29,11.7,24.0,1,25.8,28.5,24.4,90,8.6
2020-11-30,11.8,21.0,1,25.2,26.4,24.2,91,9.3
2020-12-01,1.2,5.0,1,27.2,31.1,23.4,78,12.2
2020-12-02,4.4,16.0,1,26.8,30.4,24.3,87,10.6
2020-12-03,3.3,11.0,1,26.9,30.1,24.5,86,10.8
2020-12-04,6.0,8.0,1,27.1,31.5,24.9,83,9.3
2020-12-05,35.8,12.0,1,26.5,30.3,24.7,85,14.2
2020-12-06,23.1,24.0,1,25.9,29.1,24.7,90,17.7
2020-12-07,15.1,21.0,1,25.5,28.7,24.2,91,20.9
2020-12-08,7.2,18.0,1,26.9,29.9,24.0,85,19.3
2020-12-09,9.3,21.0,1,26.1,27.9,24.7,89,22.0
2020-12-10,9.6,18.0,1,26.5,29.8,24.2,87,21.7
2020-12-11,19.0,21.0,1,26.3,29.7,24.5,89,19.9
2020-12-12,29.4,21.0,1,25.7,28.3,24.5,91,13.1
2020-12-13,24.0,18.0,1,25.6,28.5,24.2,89,14.8
2020-12-14,15.6,17.0,1,25.8,28.6,24.0,88,6.6
2020-12-15,8.1,17.0,1,25.8,28.3,23.9,90,8.6
2020-12-16,31.0,18.0,1,25.9,29.2,24.1,88,6.6
2020-12-17,23.4,14.0,1,26.0,30.2,24.2,88,13.9
2020-12-18,10.2,12.0,1,26.3,30.2,24.3,84,14.6
2020-12-19,2.8,8.0,1,26.3,30.5,23.2,83,11.0
2020-12-20,1.1,6.0,1,27.6,31.4,24.5,75,18.1
2020-12-21,0.6,4.0,1,27.8,32.3,24.0,72,15.1
2020-12-22,0.3,1.0,1,28.0,32.0,24.0,77,8.8
2020-12-23,1.1,9.0,1,27.8,30.5,24.9,80,9.3
2020-12-24,2.8,12.0,1,27.7,31.0,25.2,79,7.6
2020-12-25,5.7,16.0,1,26.9,29.7,24.4,85,8.5
2020-12-26,8.9,17.0,1,26.2,28.5,24.3,88,9.0
2020-12-27,21.0,19.0,1,26.2,30.0,24.1,88,9.2
2020-12-28,26.0,21.0,1,26.3,30.5,24.7,89,11.3
2020-12-29,37.4,19.0,1,26.1,30.1,24.2,88,10.7
2020-12-30,32.7,19.0,1,25.4,28.7,24.1,91,11.3
2020-12-31,7.7,20.0,1,26.0,29.8,23.9,87,10.3
2021-01-01,4.8,14.0,1,25.9,29.1,23.9,89,13.9
2021-01-02,8.3,19.0,1,26.3,28.8,24.2,88,6.2
2021-01-03,13.5,10.0,1,26.7,30.4,24.1,86,9.8
2021-01-04,2.6,14.0,1,26.6,29.5,24.5,86,10.1
2021-01-05,19.5,17.0,1,25.9,29.2,24.6,89,15.5
2021-01-06,32.2,20.0,1,26.1,29.6,24.5,89,12.6
2021-01-07,25.7,20.0,1,26.0,29.8,24.3,89,10.2
2021-01-08,12.4,9.0,1,26.5,30.0,24.3,87,7.7
2021-01-09,14.5,13.0,1,26.5,29.6,24.3,87,11.6
2021-01-10,29.7,19.0,1,25.9,29.6,24.2,90,15.7
2021-01-11,24.5,16.0,1,26.2,28.5,24.7,91,11.2
2021-01-12,6.9,13.0,1,26.7,30.1,24.4,86,10.4
2021-01-13,3.2,11.0,1,27.1,30.7,24.7,84,15.2
2021-01-14,2.9,11.0,1,27.2,30.2,24.9,81,11.5
2021-01-15,16.6,12.0,1,26.7,30.7,24.9,84,13.8
2021-01-16,4.8,10.0,1,26.2,28.7,24.5,87,8.5
2021-01-17,24.7,14.0,1,26.0,29.7,24.4,87,15.1
2021-01-18,29.9,21.0,1,25.4,28.0,24.2,91,20.5
2021-01-19,14.8,22.0,1,25.2,27.0,23.9,91,20.2
2021-01-20,36.0,21.0,1,25.7,30.3,23.8,88,15.1
2021-01-21,10.3,14.0,1,26.5,30.9,24.3,86,11.9
2021-01-22,17.2,8.0,1,26.1,30.0,24.1,88,13.0
2021-01-23,10.9,7.0,1,26.3,29.8,23.8,87,12.5
2021-01-24,43.7,19.0,1,25.8,28.9,24.4,90,14.0
2021-01-25,13.0,17.0,1,25.5,28.1,24.1,89,10.5
2021-01-26,8.9,11.0,1,25.9,31.1,22.4,86,11.3
2021-01-27,12.5,14.0,1,25.7,28.1,24.3,90,12.2
2021-01-28,10.5,13.0,1,25.7,29.3,24.4,87,20.3
2021-01-29,11.9,19.0,1,25.4,28.9,23.9,89,25.7
2021-01-30,9.7,18.0,1,24.9,26.2,23.8,92,18.1
2021-01-31,5.5,11.0,1,25.6,28.3,23.7,87,19.2
2021-02-01,9.1,14.0,1,26.4,30.3,24.1,85,20.5
2021-02-02,21.4,18.0,1,26.0,29.5,24.1,89,18.4
2021-02-03,11.6,14.0,1,26.1,30.0,24.3,87,22.6
2021-02-04,16.6,21.0,1,25.3,28.2,24.0,91,18.0
2021-02-05,16.5,12.0,1,25.6,28.5,23.7,89,18.2
2021-02-06,8.9,10.0,1,25.9,28.4,23.9,88,21.0
2021-02-07,6.3,12.0,1,26.3,29.0,24.2,86,24.2
2021-02-08,11.7,13.0,1,25.8,29.2,24.2,89,21.5
2021-02-09,9.5,11.0,1,25.7,28.9,23.9,90,17.6
2021-02-10,10.2,13.0,1,26.0,29.5,23.7,88,14.6
2021-02-11,12.8,16.0,1,26.1,28.9,24.0,90,15.9
2021-02-12,14.4,13.0,1,26.4,30.0,24.5,88,18.7
2021-02-13,9.3,15.0,1,26.0,29.0,23.5,87,18.6
2021-02-14,26.8,15.0,1,25.7,29.8,23.7,88,15.5
2021-02-15,22.4,15.0,1,25.9,29.0,23.7,88,16.7
2021-02-16,15.2,18.0,1,26.2,29.9,23.7,87,12.5
2021-02-17,13.0,11.0,1,26.0,29.4,24.0,87,15.6
2021-02-18,15.3,10.0,1,26.2,29.6,24.0,84,16.8
2021-02-19,14.8,18.0,1,25.4,27.9,23.9,89,19.1
2021-02-20,14.0,16.0,1,25.5,28.7,23.8,87,16.6
2021-02-21,4.0,7.0,1,26.4,31.0,23.6,83,15.9
2021-02-22,9.4,6.0,1,26.1,29.3,23.6,87,15.0
2021-02-23,21.0,11.0,1,26.5,30.5,24.5,85,16.3
2021-02-24,7.5,20.0,1,25.9,28.9,24.3,87,23.7
2021-02-25,14.2,19.0,1,25.7,28.8,24.2,89,18.9
2021-02-26,9.5,13.0,1,26.2,29.9,24.2,88,18.8
2021-02-27,39.6,15.0,1,26.4,30.9,24.1,87,12.0
2021-02-28,5.9,7.0,1,26.3,29.7,24.3,87,10.1
2021-03-01,10.3,9.0,1,26.8,30.5,24.5,86,8.9
2021-03-02,17.4,18.0,1,26.0,29.1,23.8,89,13.8
2021-03-03,7.9,9.0,1,26.3,30.0,23.2,84,13.9
2021-03-04,18.5,9.0,1,26.2,30.1,23.4,86,8.0
2021-03-05,13.4,6.0,1,26.6,30.4,23.9,85,7.1
2021-03-06,9.8,20.0,1,25.7,28.3,23.9,88,10.7
2021-03-07,10.4,11.0,1,25.7,28.7,23.6,89,15.8
2021-03-08,11.4,16.0,1,25.9,29.0,24.1,87,14.3
2021-03-09,4.0,6.0,1,26.0,29.2,23.8,85,15.8
2021-03-10,7.5,12.0,1,26.0,27.8,24.5,87,15.3
2021-03-11,24.3,13.0,1,25.8,29.7,24.3,88,12.5
2021-03-12,12.3,11.0,1,26.0,30.0,23.1,86,9.4
2021-03-13,14.5,9.0,1,26.2,30.8,23.7,86,7.8
2021-03-14,17.0,10.0,1,26.1,29.9,23.5,87,11.8
2021-03-15,11.1,16.0,1,26.2,29.3,22.7,86,12.2
2021-03-16,5.9,11.0,1,26.6,29.1,24.5,87,10.4
2021-03-17,1.1,6.0,1,27.4,30.8,24.1,82,9.7
2021-03-18,1.5,9.0,1,27.3,30.3,25.1,82,11.6
2021-03-19,4.7,4.0,1,27.1,31.6,23.8,83,14.5
2021-03-20,19.9,7.0,1,26.6,30.6,24.2,87,13.5
2021-03-21,7.3,11.0,1,27.1,30.7,24.9,84,17.0
2021-03-22,18.4,14.0,1,26.7,30.6,24.6,88,11.4
2021-03-23,6.5,13.0,1,26.8,30.0,24.5,85,6.5
2021-03-24,4.0,16.0,1,27.2,30.4,24.8,83,7.2
2021-03-25,8.0,16.0,1,26.8,29.9,24.6,88,9.2
2021-03-26,5.0,10.0,1,27.0,30.4,24.1,87,6.2
2021-03-27,15.2,22.0,1,26.9,29.8,24.8,89,9.7
2021-03-28,2.2,8.0,1,27.1,30.7,24.0,86,7.9
2021-03-29,1.8,10.0,1,27.6,30.9,25.4,84,7.1
2021-03-30,18.0,19.0,1,26.4,28.6,25.1,91,10.5
2021-03-31,7.7,8.0,1,26.8,30.5,24.0,85,10.1
2021-04-01,19.8,20.0,1,26.5,30.0,24.5,88,16.1
2021-04-02,0.0,0.0,0,26.8,29.5,23.5,85,10.9
2021-04-03,3.5,3.0,1,27.6,32.1,23.8,81,14.7
2021-04-04,18.5,11.0,1,26.9,31.6,23.9,85,11.1
2021-04-05,6.7,6.0,1,27.2,31.7,24.1,84,10.6
2021-04-06,12.0,11.0,1,26.9,29.5,25.3,86,17.6
2021-04-07,4.8,12.0,1,26.0,28.1,24.6,89,15.4
2021-04-08,6.7,13.0,1,26.3,30.0,23.5,88,16.9
2021-04-09,5.7,9.0,1,27.3,31.0,24.7,85,13.0
2021-04-10,3.3,9.0,1,26.8,29.2,24.6,88,7.7
2021-04-11,5.9,5.0,1,27.4,30.7,23.9,84,11.1
2021-04-12,18.4,10.0,1,27.0,30.6,24.4,87,10.2
2021-04-13,4.3,13.0,1,26.7,29.5,24.0,86,9.3
2021-04-14,5.8,14.0,1,26.7,30.4,23.9,86,10.1
2021-04-15,1.4,9.0,1,26.8,30.6,23.3,84,9.2
2021-04-16,0.4,3.0,1,27.4,31.5,23.4,80,10.6
2021-04-17,0.1,1.0,1,27.8,31.3,25.0,79,11.8
2021-04-18,1.4,8.0,1,27.1,30.7,24.2,83,8.3
2021-04-19,0.0,0.0,0,27.9,31.4,23.8,75,16.0
2021-04-20,0.0,0.0,0,27.6,31.8,23.3,71,14.5
2021-04-21,0.0,0.0,0,27.0,30.9,21.9,72,13.6
2021-04-22,0.0,0.0,0,27.2,31.0,23.0,72,10.3
2021-04-23,0.1,1.0,1,27.4,31.0,23.2,72,6.5
2021-04-24,0.5,3.0,1,27.3,31.1,23.1,76,9.7
2021-04-25,0.1,1.0,1,27.6,31.1,24.8,76,12.4
2021-04-26,0.0,0.0,0,27.9,31.0,24.7,73,14.9
2021-04-27,0.0,0.0,0,28.0,31.1,24.3,74,14.6
2021-04-28,0.1,1.0,1,27.2,30.7,24.5,79,10.5
2021-04-29,1.1,7.0,1,27.6,31.2,25.1,80,9.3
2021-04-30,0.1,1.0,1,27.9,31.3,24.5,76,12.2
2021-05-01,0.0,0.0,0,28.0,31.5,24.8,78,11.9
2021-05-02,2.0,11.0,1,28.0,30.6,26.0,80,18.6
2021-05-03,1.7,12.0,1,28.2,30.4,26.1,78,17.8
2021-05-04,2.6,13.0,1,28.0,30.8,26.2,80,15.2
2021-05-05,0.3,3.0,1,28.2,32.0,24.6,76,12.4
2021-05-06,0.3,3.0,1,28.3,32.7,24.0,75,7.1
2021-05-07,2.2,9.0,1,27.7,30.8,25.3,83,11.9
2021-05-08,4.8,13.0,1,27.5,30.4,25.3,81,8.3
2021-05-09,0.0,0.0,0,27.6,31.8,23.8,75,10.4
2021-05-10,0.2,2.0,1,28.3,31.9,24.7,73,15.6
2021-05-11,0.0,0.0,0,28.3,31.6,24.3,75,14.5
2021-05-12,0.0,0.0,0,28.7,32.0,25.5,70,16.3
2021-05-13,0.0,0.0,0,28.1,31.6,24.2,71,18.9
2021-05-14,0.0,0.0,0,28.6,32.3,24.8,71,17.0
2021-05-15,0.3,1.0,1,28.2,31.2,24.5,73,15.8
2021-05-16,0.0,0.0,0,28.4,32.1,24.3,72,16.1
2021-05-17,0.1,1.0,1,28.2,32.1,23.9,73,13.2
2021-05-18,0.0,0.0,0,28.9,32.7,24.8,68,12.8
2021-05-19,0.2,2.0,1,28.1,31.9,24.9,76,9.7
2021-05-20,1.0,2.0,1,28.4,32.7,24.4,74,13.7
2021-05-21,0.2,2.0,1,28.6,32.7,25.3,72,13.4
2021-05-22,0.0,0.0,0,28.5,31.4,25.5,74,13.8
2021-05-23,2.7,8.0,1,27.9,31.2,25.2,79,9.8
2021-05-24,0.9,6.0,1,28.3,31.1,25.6,76,14.1
2021-05-25,1.0,8.0,1,28.6,31.9,26.2,76,11.6
2021-05-26,0.9,5.0,1,28.5,31.2,25.7,77,18.9
2021-05-27,1.7,7.0,1,28.7,31.4,26.7,77,21.9
2021-05-28,1.5,9.0,1,28.3,30.8,25.8,78,17.8
2021-05-29,1.2,4.0,1,28.2,31.9,25.1,77,11.9
2021-05-30,2.1,9.0,1,27.5,30.9,24.2,80,7.0
2021-05-31,6.6,11.0,1,27.3,30.7,24.7,84,8.8
2021-06-01,1.5,7.0,1,27.8,31.0,24.8,80,9.7
2021-06-02,1.7,10.0,1,28.0,30.8,25.9,80,14.4
2021-06-03,0.5,5.0,1,28.4,31.5,25.6,76,16.4
2021-06-04,2.4,14.0,1,28.3,31.1,26.2,80,19.4
2021-06-05,1.1,6.0,1,28.0,31.3,25.6,81,15.4
2021-06-06,0.0,0.0,0,28.5,32.1,25.2,72,12.0
2021-06-07,2.5,14.0,1,28.2,32.1,24.9,77,7.3
2021-06-08,0.0,0.0,0,28.1,32.2,24.4,72,12.8
2021-06-09,1.3,7.0,1,28.0,32.0,24.6,77,11.1
2021-06-10,0.4,3.0,1,27.9,31.6,24.9,78,15.0
2021-06-11,2.5,10.0,1,27.9,31.4,25.3,79,14.9
2021-06-12,0.5,5.0,1,27.7,31.0,24.8,79,14.5
2021-06-13,0.8,7.0,1,28.0,31.2,25.4,78,16.6
2021-06-14,3.5,15.0,1,27.4,30.8,25.3,82,15.2
2021-06-15,6.1,18.0,1,26.7,29.9,24.7,86,15.9
2021-06-16,5.2,11.0,1,27.0,30.3,24.3,84,17.9
2021-06-17,6.7,11.0,1,26.9,30.3,24.6,82,7.8
2021-06-18,0.9,3.0,1,27.1,30.1,25.0,83,8.6
2021-06-19,14.4,16.0,1,25.9,29.2,24.1,88,8.7
2021-06-20,2.8,9.0,1,26.1,29.8,23.0,86,11.6
2021-06-21,9.1,14.0,1,26.1,28.7,23.4,86,5.9
2021-06-22,0.5,5.0,1,27.4,30.9,24.2,79,14.4
2021-06-23,2.7,13.0,1,27.0,29.4,24.4,83,13.7
2021-06-24,19.0,21.0,1,26.2,29.7,24.4,88,12.8
2021-06-25,0.9,8.0,1,26.9,29.7,23.9,82,14.5
2021-06-26,1.6,11.0,1,27.7,30.7,25.2,79,11.5
2021-06-27,0.6,3.0,1,28.0,31.5,24.8,78,12.2
2021-06-28,4.8,13.0,1,26.8,28.7,25.1,84,13.6
2021-06-29,1.0,8.0,1,27.7,30.4,24.6,78,16.0
2021-06-30,0.1,1.0,1,27.8,30.9,24.6,76,13.0
2021-07-01,0.0,0.0,0,27.9,32.1,24.4,70,13.4
2021-07-02,0.0,0.0,0,27.7,31.2,24.4,74,10.7
2021-07-03,0.0,0.0,0,27.6,32.2,23.0,71,16.4
2021-07-04,0.0,0.0,0,27.7,31.9,23.1,70,15.5
2021-07-05,0.0,0.0,0,27.6,31.7,23.2,68,22.0
2021-07-06,0.0,0.0,0,26.6,31.1,22.5,61,16.6
2021-07-07,0.0,0.0,0,27.0,31.7,21.4,63,19.1
2021-07-08,0.0,0.0,0,27.4,30.1,24.5,72,12.8
2021-07-09,1.5,10.0,1,27.4,30.5,24.8,78,13.0
2021-07-10,3.0,16.0,1,27.4,30.0,24.8,81,18.7
2021-07-11,0.0,0.0,0,28.4,31.8,25.8,71,21.9
2021-07-12,0.0,0.0,0,27.8,31.7,24.2,75,17.1
2021-07-13,0.0,0.0,0,27.6,32.5,22.9,72,18.1
2021-07-14,0.0,0.0,0,27.9,32.7,24.5,63,14.1
2021-07-15,0.0,0.0,0,27.8,32.1,23.7,62,22.9
2021-07-16,0.0,0.0,0,26.9,31.8,22.0,62,12.9
2021-07-17,0.0,0.0,0,27.4,31.9,22.3,67,15.4
2021-07-18,0.1,1.0,1,28.1,32.7,23.8,67,20.4
2021-07-19,0.0,0.0,0,28.1,31.9,24.1,70,17.8
2021-07-20,0.0,0.0,0,28.1,32.0,24.1,68,17.1
2021-07-21,0.0,0.0,0,28.3,32.2,24.1,68,16.3
2021-07-22,0.2,2.0,1,28.0,31.6,25.5,73,16.2
2021-07-23,0.5,2.0,1,28.8,32.9,25.7,68,20.4
2021-07-24,0.0,0.0,0,28.0,32.6,23.9,66,16.9
2021-07-25,0.0,0.0,0,26.9,32.2,21.7,68,23.2
2021-07-26,0.0,0.0,0,26.6,31.8,20.8,66,18.7
2021-07-27,0.0,0.0,0,26.2,31.4,19.9,66,19.0
2021-07-28,0.0,0.0,0,27.1,32.4,21.8,68,16.0
2021-07-29,0.0,0.0,0,27.6,32.9,21.2,65,16.2
2021-07-30,0.0,0.0,0,28.1,32.8,23.6,69,16.3
2021-07-31,0.0,0.0,0,28.6,33.4,23.4,66,19.7
2021-08-01,0.1,1.0,1,28.1,32.6,23.6,68,21.2
2021-08-02,0.1,1.0,1,28.3,32.8,25.1,68,19.1
2021-08-03,0.0,0.0,0,28.2,32.6,23.9,70,15.9
2021-08-04,0.0,0.0,0,28.4,32.2,24.6,71,20.3
2021-08-05,0.1,1.0,1,28.0,32.2,23.4,70,21.8
2021-08-06,0.0,0.0,0,28.4,32.3,24.5,70,23.9
2021-08-07,1.8,9.0,1,28.4,31.1,26.7,73,19.8
2021-08-08,0.7,5.0,1,28.4,32.0,25.6,73,19.2
2021-08-09,1.2,6.0,1,27.7,30.9,25.1,78,20.1
2021-08-10,0.1,1.0,1,28.0,32.1,24.3,71,20.5
2021-08-11,0.0,0.0,0,27.4,32.2,22.1,66,21.0
2021-08-12,0.0,0.0,0,28.1,33.4,22.5,66,18.8
2021-08-13,0.0,0.0,0,28.7,33.4,24.7,67,14.8
2021-08-14,0.0,0.0,0,28.2,32.4,24.2,71,24.0
2021-08-15,0.0,0.0,0,28.5,32.6,24.2,69,23.6
2021-08-16,0.0,0.0,0,28.6,32.2,24.3,65,22.9
2021-08-17,0.0,0.0,0,28.6,33.6,23.6,64,18.1
2021-08-18,0.0,0.0,0,28.4,32.2,24.6,69,15.9
2021-08-19,0.3,2.0,1,28.5,32.5,24.5,67,17.9
2021-08-20,0.0,0.0,0,28.2,32.6,23.7,67,21.0
2021-08-21,0.9,4.0,1,28.5,32.3,24.3,69,20.1
2021-08-22,0.0,0.0,0,28.5,33.0,24.5,67,17.1
2021-08-23,0.0,0.0,0,28.4,33.4,23.6,64,19.1
2021-08-24,0.0,0.0,0,28.0,33.4,22.4,61,18.4
2021-08-25,0.0,0.0,0,28.3,33.6,22.9,60,17.0
2021-08-26,0.0,0.0,0,28.1,33.4,23.0,59,18.4
2021-08-27,0.0,0.0,0,28.0,34.3,21.0,59,18.0
2021-08-28,0.0,0.0,0,28.4,33.0,24.0,63,22.1
2021-08-29,0.0,0.0,0,29.2,34.1,24.6,63,23.1
2021-08-30,0.0,0.0,0,29.1,33.2,25.6,63,22.0
2021-08-31,0.0,0.0,0,28.9,33.4,24.3,64,18.0
2021-09-01,0.0,0.0,0,28.8,33.8,23.9,64,18.1
2021-09-02,0.0,0.0,0,28.9,34.9,23.6,58,16.3
2021-09-03,0.0,0.0,0,28.7,34.2,23.8,59,14.8
2021-09-04,0.0,0.0,0,29.1,34.6,24.5,61,15.8
2021-09-05,0.0,0.0,0,29.0,33.1,24.9,60,19.3
2021-09-06,0.0,0.0,0,28.8,33.0,24.3,61,22.4
2021-09-07,0.2,2.0,1,29.3,34.2,24.8,66,20.9
2021-09-08,0.0,0.0,0,28.8,32.3,25.3,64,22.7
2021-09-09,0.0,0.0,0,28.7,33.5,23.9,61,22.9
2021-09-10,0.0,0.0,0,29.2,34.5,24.3,63,23.0
2021-09-11,2.2,5.0,1,28.4,33.3,25.5,70,20.9
2021-09-12,3.2,9.0,1,27.1,29.5,24.7,80,14.6
2021-09-13,1.3,6.0,1,27.8,30.1,25.3,76,14.2
2021-09-14,10.4,16.0,1,27.3,31.2,24.8,82,14.5
2021-09-15,0.3,2.0,1,27.9,32.3,24.1,75,16.8
2021-09-16,0.4,3.0,1,28.7,33.0,24.4,70,14.2
2021-09-17,0.0,0.0,0,28.6,33.1,24.1,68,21.2
2021-09-18,0.0,0.0,0,28.3,32.8,23.8,67,23.7
2021-09-19,0.0,0.0,0,28.5,33.3,24.2,67,22.1
2021-09-20,0.0,0.0,0,28.6,33.6,22.7,64,22.3
2021-09-21,0.0,0.0,0,28.4,32.8,24.8,65,22.2
2021-09-22,1.5,6.0,1,28.4,31.9,25.5,70,18.4
2021-09-23,0.0,0.0,0,28.8,33.4,24.7,69,23.1
2021-09-24,1.1,5.0,1,27.8,31.0,25.1,73,14.1
2021-09-25,1.9,12.0,1,28.6,32.2,26.1,69,16.7
2021-09-26,1.0,8.0,1,28.4,32.6,25.4,73,15.6
2021-09-27,0.2,2.0,1,28.5,32.8,24.3,69,20.5
2021-09-28,0.0,0.0,0,29.0,34.0,23.9,64,19.9
2021-09-29,0.0,0.0,0,29.0,34.0,23.6,63,22.0
2021-09-30,0.0,0.0,0,29.1,34.1,24.6,67,23.4
2021-10-01,0.0,0.0,0,29.4,35.1,24.2,65,18.1
2021-10-02,0.1,1.0,1,29.1,33.2,24.3,65,10.3
2021-10-03,0.4,2.0,1,29.4,34.5,24.6,65,15.1
2021-10-04,0.4,4.0,1,28.8,33.6,26.3,67,10.8
2021-10-05,2.9,9.0,1,28.7,32.4,25.4,68,14.2
2021-10-06,1.6,3.0,1,27.9,32.6,25.5,70,11.5
2021-10-07,0.0,0.0,0,28.7,33.5,24.4,64,13.2
2021-10-08,0.0,0.0,0,28.9,34.7,23.6,62,18.7
2021-10-09,0.0,0.0,0,29.2,34.9,23.5,63,16.5
2021-10-10,0.0,0.0,0,29.4,35.2,23.4,64,21.3
2021-10-11,0.0,0.0,0,29.6,34.9,24.3,63,16.2
2021-10-12,0.0,0.0,0,29.8,34.6,25.5,59,22.7
2021-10-13,0.0,0.0,0,29.2,34.6,23.3,60,16.2
2021-10-14,0.0,0.0,0,29.7,34.9,24.6,59,17.4
2021-10-15,0.0,0.0,0,29.6,34.5,24.6,64,15.9
2021-10-16,0.6,2.0,1,30.0,34.5,25.5,64,15.7
2021-10-17,0.2,2.0,1,30.1,35.0,25.2,65,16.0
2021-10-18,14.4,13.0,1,28.1,32.7,25.8,78,13.0
2021-10-19,3.5,5.0,1,28.6,34.2,24.7,74,9.7
2021-10-20,1.0,4.0,1,29.6,34.5,25.9,71,18.3
2021-10-21,0.0,0.0,0,29.9,34.9,24.6,67,15.4
2021-10-22,0.3,2.0,1,29.5,35.1,24.9,67,12.9
2021-10-23,1.1,4.0,1,29.6,35.6,24.4,69,12.4
2021-10-24,0.7,4.0,1,29.7,35.7,25.5,70,15.0
2021-10-25,0.3,3.0,1,30.2,35.8,25.8,65,12.4
2021-10-26,0.5,2.0,1,29.6,35.6,25.0,65,17.9
2021-10-27,3.3,10.0,1,28.6,33.3,25.6,75,19.3
2021-10-28,2.0,5.0,1,28.6,34.2,24.8,74,15.4
2021-10-29,1.9,11.0,1,28.8,34.2,24.8,75,10.1
2021-10-30,4.2,7.0,1,28.3,33.6,25.0,76,12.4
2021-10-31,19.7,13.0,1,27.9,32.1,24.4,79,11.0
2021-11-01,8.9,16.0,1,27.1,31.4,23.7,82,13.3
2021-11-02,11.3,6.0,1,27.1,32.6,24.4,82,9.4
2021-11-03,0.8,4.0,1,28.1,32.9,24.5,79,11.1
2021-11-04,6.4,10.0,1,27.6,33.3,24.3,80,16.7
2021-11-05,2.3,10.0,1,26.7,30.2,24.1,86,14.4
2021-11-06,4.1,13.0,1,27.8,30.9,24.6,82,10.1
2021-11-07,22.6,13.0,1,27.6,32.7,24.7,83,12.2
2021-11-08,0.8,4.0,1,27.4,31.4,23.9,80,9.3
2021-11-09,16.9,15.0,1,27.5,31.4,24.8,84,11.4
2021-11-10,31.0,12.0,1,26.9,31.1,24.1,85,9.1
2021-11-11,17.1,10.0,1,26.5,29.4,24.6,87,9.3
2021-11-12,14.5,17.0,1,26.7,29.4,24.7,88,11.2
2021-11-13,27.9,22.0,1,26.4,29.9,24.8,88,10.0
2021-11-14,11.9,18.0,1,25.7,28.9,23.9,90,8.9
2021-11-15,21.2,19.0,1,25.9,28.6,24.6,89,7.6
2021-11-16,11.1,16.0,1,26.5,29.3,24.2,87,9.0
2021-11-17,2.8,12.0,1,26.9,29.8,24.1,85,13.8
2021-11-18,3.2,5.0,1,27.6,30.8,24.5,82,12.7
2021-11-19,9.9,10.0,1,26.8,31.9,23.9,84,18.5
2021-11-20,60.3,20.0,1,25.1,26.1,24.0,92,6.2
2021-11-21,0.5,4.0,1,26.7,30.8,23.6,85,9.4
2021-11-22,8.4,7.0,1,27.5,31.7,24.5,83,15.0
2021-11-23,24.5,15.0,1,26.6,30.7,24.4,86,12.2
2021-11-24,6.8,8.0,1,26.5,30.6,23.5,86,8.7
2021-11-25,27.4,10.0,1,26.6,31.2,24.6,86,9.8
2021-11-26,14.8,9.0,1,26.3,30.3,24.1,88,6.7
2021-11-27,11.1,14.0,1,26.5,30.5,24.6,87,9.1
2021-11-28,13.0,21.0,1,25.6,28.2,24.2,88,11.4
2021-11-29,5.6,10.0,1,26.2,30.0,23.3,83,9.3
2021-11-30,10.9,12.0,1,26.3,30.0,24.5,85,9.7
2021-12-01,14.1,17.0,1,25.8,28.7,24.0,89,9.3
2021-12-02,33.9,13.0,1,26.5,31.2,23.4,86,7.6
2021-12-03,11.5,12.0,1,26.8,30.6,24.0,87,14.1
2021-12-04,34.2,19.0,1,25.8,28.3,24.1,89,12.7
2021-12-05,12.4,16.0,1,26.0,28.0,24.3,86,16.1
2021-12-06,10.2,13.0,1,26.6,30.4,24.9,83,14.1
2021-12-07,12.0,8.0,1,26.4,30.5,24.4,86,16.5
2021-12-08,13.5,13.0,1,26.9,31.1,24.6,83,18.0
2021-12-09,12.4,16.0,1,26.5,31.4,24.0,87,14.0
2021-12-10,14.1,8.0,1,26.4,31.4,23.3,86,11.2
2021-12-11,6.8,6.0,1,26.4,30.8,24.0,85,14.8
2021-12-12,16.4,8.0,1,27.1,31.5,24.2,84,10.0
2021-12-13,2.6,6.0,1,27.4,31.7,23.9,84,9.8
2021-12-14,1.3,7.0,1,27.1,30.7,25.1,86,6.7
2021-12-15,7.5,19.0,1,26.2,28.2,24.8,88,9.3
2021-12-16,9.2,20.0,1,26.8,30.4,24.6,88,13.2
2021-12-17,10.7,15.0,1,27.0,30.5,24.3,87,12.5
2021-12-18,13.4,14.0,1,27.1,31.1,24.6,86,9.7
2021-12-19,15.3,9.0,1,27.0,31.4,24.1,86,12.0
2021-12-20,33.7,23.0,1,25.7,28.6,23.9,91,9.7
2021-12-21,12.5,21.0,1,26.2,28.0,24.7,89,9.7
2021-12-22,0.1,1.0,1,27.3,30.4,24.1,81,11.8
2021-12-23,13.8,12.0,1,27.0,31.1,24.4,84,15.8
2021-12-24,0.4,4.0,1,26.9,30.9,23.9,82,12.2
2021-12-25,4.2,10.0,1,26.8,30.7,24.7,86,14.8
2021-12-26,6.0,7.0,1,27.4,31.5,24.4,83,14.1
2021-12-27,14.6,9.0,1,26.7,32.0,24.4,83,13.0
2021-12-28,3.1,6.0,1,27.0,31.5,24.1,82,13.1
2021-12-29,3.9,8.0,1,26.9,31.7,24.2,85,11.9
2021-12-30,16.9,13.0,1,26.2,30.2,23.8,88,8.6
2021-12-31,26.8,10.0,1,25.8,30.1,23.6,88,12.0
2022-01-01,13.8,15.0,1,25.9,29.4,23.3,87,15.2
2022-01-02,10.1,9.0,1,25.8,30.6,23.4,88,10.1
2022-01-03,1.9,6.0,1,26.5,29.6,23.4,84,9.8
2022-01-04,2.2,5.0,1,26.9,30.4,24.3,81,9.1
2022-01-05,4.8,8.0,1,26.6,29.9,24.0,82,10.5
2022-01-06,9.8,12.0,1,26.3,30.9,23.7,85,14.1
2022-01-07,2.4,4.0,1,26.6,31.8,23.1,81,8.4
2022-01-08,10.1,9.0,1,27.2,30.7,22.9,77,8.4
2022-01-09,15.1,11.0,1,25.8,30.4,23.9,87,16.9
2022-01-10,8.0,14.0,1,26.4,30.1,23.7,86,15.6
2022-01-11,28.4,18.0,1,25.5,29.2,24.1,89,15.9
2022-01-12,13.9,14.0,1,25.6,28.6,24.1,88,21.1
2022-01-13,11.3,10.0,1,25.5,28.7,24.1,89,17.9
2022-01-14,6.0,7.0,1,26.4,29.4,24.2,85,21.6
2022-01-15,13.0,12.0,1,26.1,29.1,24.4,87,19.4
2022-01-16,33.8,14.0,1,25.4,28.4,24.0,90,17.1
2022-01-17,19.2,14.0,1,25.7,29.5,23.5,88,19.1
2022-01-18,17.7,20.0,1,24.9,28.4,23.3,91,16.7
2022-01-19,14.1,15.0,1,25.2,30.1,22.9,88,21.3
2022-01-20,13.2,14.0,1,24.9,28.6,23.0,89,14.5
2022-01-21,7.5,12.0,1,25.7,30.2,23.3,87,12.1
2022-01-22,20.2,10.0,1,25.8,30.8,23.1,88,16.9
2022-01-23,4.3,9.0,1,26.6,31.1,23.6,86,16.9
2022-01-24,1.0,6.0,1,27.9,31.6,25.0,78,19.6
2022-01-25,5.1,9.0,1,27.1,30.8,24.8,81,21.0
2022-01-26,2.7,11.0,1,26.9,29.6,24.9,83,22.4
2022-01-27,9.1,10.0,1,26.5,31.4,24.5,85,17.8
2022-01-28,5.2,7.0,1,26.6,31.3,24.8,85,11.9
2022-01-29,3.6,10.0,1,26.4,30.2,24.0,84,14.7
2022-01-30,8.5,13.0,1,26.2,30.5,24.4,89,10.9
2022-01-31,11.9,10.0,1,26.2,30.3,24.7,86,17.4
2022-02-01,17.8,16.0,1,25.9,29.7,24.3,88,15.5
2022-02-02,15.8,11.0,1,26.2,30.2,23.7,86,15.6
2022-02-03,8.7,13.0,1,26.5,30.8,23.5,85,14.4
2022-02-04,4.7,9.0,1,26.7,31.0,23.8,83,12.2
2022-02-05,18.0,9.0,1,26.0,29.2,24.0,87,17.7
2022-02-06,15.5,12.0,1,25.9,29.5,24.3,88,17.8
2022-02-07,19.8,19.0,1,25.6,28.4,24.4,89,17.5
2022-02-08,12.7,14.0,1,26.2,29.5,24.4,86,18.1
2022-02-09,22.0,16.0,1,26.2,30.6,24.4,87,11.5
2022-02-10,22.6,18.0,1,25.5,29.8,24.1,89,19.1
2022-02-11,6.8,10.0,1,25.9,28.7,24.1,88,14.4
2022-02-12,37.3,15.0,1,25.5,28.8,23.8,90,12.7
2022-02-13,26.4,17.0,1,25.5,29.1,23.2,89,12.9
2022-02-14,16.0,18.0,1,25.3,27.4,23.2,90,11.9
2022-02-15,6.0,12.0,1,26.5,29.9,23.8,86,7.4
2022-02-16,7.5,11.0,1,26.4,30.2,23.8,86,11.9
2022-02-17,34.5,20.0,1,25.5,28.2,23.7,90,15.3
2022-02-18,11.9,14.0,1,25.3,27.7,23.6,90,8.7
2022-02-19,1.2,2.0,1,26.8,31.0,23.8,84,13.0
2022-02-20,3.3,9.0,1,26.1,29.3,24.6,86,17.5
2022-02-21,2.5,5.0,1,26.2,31.2,23.9,84,20.2
2022-02-22,7.4,7.0,1,26.1,30.9,23.5,83,18.0
2022-02-23,8.8,7.0,1,25.9,31.3,23.0,83,12.8
2022-02-24,4.8,4.0,1,26.2,31.1,22.5,84,11.3
2022-02-25,11.5,8.0,1,25.7,29.0,22.8,85,16.6
2022-02-26,19.9,15.0,1,25.7,29.4,23.5,88,15.3
2022-02-27,7.3,11.0,1,26.0,29.6,24.0,86,17.4
2022-02-28,14.1,15.0,1,26.0,29.0,23.2,87,18.1
2022-03-01,12.4,15.0,1,25.8,28.4,24.4,88,19.6
2022-03-02,6.6,10.0,1,26.4,29.7,24.6,87,21.4
2022-03-03,4.2,11.0,1,26.4,29.2,24.4,86,17.8
2022-03-04,5.8,6.0,1,27.1,31.4,24.7,84,11.6
2022-03-05,14.6,12.0,1,26.6,30.2,24.1,88,9.2
2022-03-06,4.3,9.0,1,26.7,30.3,23.9,85,11.7
2022-03-07,6.1,14.0,1,26.3,29.7,24.1,88,10.9
2022-03-08,9.3,17.0,1,26.4,30.8,24.2,87,8.3
2022-03-09,4.2,12.0,1,26.5,30.1,23.7,87,10.8
2022-03-10,33.3,15.0,1,26.1,30.7,23.6,88,9.6
2022-03-11,13.3,7.0,1,26.3,29.7,23.5,86,13.5
2022-03-12,16.9,12.0,1,26.1,29.1,23.5,88,13.9
2022-03-13,10.1,12.0,1,26.7,30.9,24.0,87,10.7
2022-03-14,17.4,13.0,1,26.7,30.0,24.0,87,14.7
2022-03-15,9.4,14.0,1,26.6,29.7,23.8,88,11.8
2022-03-16,27.4,13.0,1,26.4,30.1,24.0,88,18.0
2022-03-17,0.9,4.0,1,27.6,31.0,24.2,84,10.7
2022-03-18,5.8,8.0,1,27.2,31.6,24.1,84,10.5
2022-03-19,8.8,11.0,1,26.5,31.2,24.2,87,11.2
2022-03-20,14.7,12.0,1,26.4,30.7,24.6,88,9.1
2022-03-21,23.1,16.0,1,26.2,30.2,24.1,88,11.5
2022-03-22,14.7,12.0,1,25.9,28.5,24.4,88,15.0
2022-03-23,6.4,6.0,1,26.8,30.3,24.7,84,13.8
2022-03-24,13.9,12.0,1,26.6,30.6,23.6,84,12.5
2022-03-25,15.3,13.0,1,27.0,30.8,23.5,85,8.0
2022-03-26,29.8,18.0,1,26.5,30.9,24.1,87,12.5
2022-03-27,34.4,20.0,1,26.0,30.0,24.1,88,11.5
2022-03-28,6.9,6.0,1,26.5,30.6,24.0,84,12.8
2022-03-29,7.6,7.0,1,26.7,31.0,23.9,84,8.8
2022-03-30,8.2,9.0,1,27.3,30.6,25.0,83,9.2
2022-03-31,11.8,12.0,1,26.5,30.6,24.0,86,14.2
2022-04-01,11.8,14.0,1,26.3,29.5,23.9,86,9.1
2022-04-02,5.0,7.0,1,27.0,30.4,23.7,83,6.5
2022-04-03,6.0,9.0,1,26.3,30.7,24.0,86,12.2
2022-04-04,8.0,7.0,1,26.3,30.6,23.0,86,10.9
2022-04-05,6.6,3.0,1,27.2,31.3,23.6,81,11.7
2022-04-06,8.2,2.0,1,27.2,31.4,23.7,83,12.0
2022-04-07,9.9,7.0,1,27.5,30.9,25.0,83,9.2
2022-04-08,2.7,6.0,1,27.6,32.0,24.1,80,13.0
2022-04-09,1.4,7.0,1,27.6,31.5,24.2,81,8.4
2022-04-10,0.6,6.0,1,27.3,31.5,24.4,80,8.0
2022-04-11,0.0,0.0,0,27.9,32.0,23.8,73,9.7
2022-04-12,0.0,0.0,0,28.0,31.5,24.0,74,8.5
2022-04-13,0.1,1.0,1,27.9,31.9,23.8,74,13.4
2022-04-14,0.0,0.0,0,27.9,31.9,24.0,73,13.0
2022-04-15,0.0,0.0,0,28.4,32.6,23.4,71,9.0
2022-04-16,0.4,2.0,1,28.2,32.5,24.5,79,15.5
2022-04-17,1.0,5.0,1,28.1,32.0,24.6,79,10.3
2022-04-18,7.2,11.0,1,27.4,29.3,26.0,84,12.0
2022-04-19,27.3,15.0,1,26.4,30.2,24.5,88,14.9
2022-04-20,5.1,15.0,1,26.0,30.1,23.2,89,9.3
2022-04-21,4.8,14.0,1,25.9,29.4,23.9,89,9.1
2022-04-22,0.5,3.0,1,27.1,30.4,23.6,85,13.2
2022-04-23,2.1,8.0,1,27.7,31.2,24.7,83,11.2
2022-04-24,20.4,15.0,1,27.1,30.2,24.5,87,10.7
2022-04-25,3.1,3.0,1,27.7,31.2,24.2,80,14.1
2022-04-26,5.2,10.0,1,26.8,28.7,24.4,86,9.4
2022-04-27,4.9,6.0,1,27.1,31.1,24.8,84,11.6
2022-04-28,26.0,16.0,1,26.7,30.6,23.9,87,12.7
2022-04-29,6.2,10.0,1,27.0,30.2,24.4,87,8.7
2022-04-30,15.1,17.0,1,26.8,29.5,25.2,87,16.2
2022-05-01,2.6,11.0,1,27.4,30.1,25.2,84,18.4
2022-05-02,0.0,0.0,0,28.3,31.9,24.2,77,15.7
2022-05-03,0.2,2.0,1,28.1,31.4,24.5,79,13.8
2022-05-04,0.1,1.0,1,28.0,31.8,24.3,78,10.7
2022-05-05,0.7,3.0,1,27.6,31.1,24.1,81,9.2
2022-05-06,1.4,7.0,1,28.1,30.7,25.4,83,11.2
2022-05-07,2.5,6.0,1,28.4,32.2,25.1,80,11.2
2022-05-08,34.1,20.0,1,26.9,29.4,25.2,88,11.2
2022-05-09,14.9,17.0,1,26.7,29.0,25.0,89,17.6
2022-05-10,4.1,11.0,1,26.7,29.7,24.5,87,13.8
2022-05-11,1.1,8.0,1,27.6,30.4,25.1,85,10.9
2022-05-12,5.1,9.0,1,27.1,30.6,24.6,86,9.3
2022-05-13,27.7,14.0,1,27.3,31.0,24.1,86,10.9
2022-05-14,3.7,11.0,1,27.2,30.5,25.0,88,8.9
2022-05-15,2.6,9.0,1,28.0,31.3,25.0,83,13.7
2022-05-16,0.9,5.0,1,27.6,31.5,25.2,84,8.7
2022-05-17,5.3,4.0,1,27.2,31.3,23.9,82,8.0
2022-05-18,11.5,15.0,1,26.7,28.6,24.7,87,15.9
2022-05-19,13.9,15.0,1,26.4,29.0,24.6,88,16.6
2022-05-20,5.5,16.0,1,26.0,27.7,24.9,90,14.4
2022-05-21,10.7,19.0,1,26.4,29.0,25.0,88,12.8
2022-05-22,1.2,8.0,1,27.4,30.0,24.9,82,18.4
2022-05-23,0.3,3.0,1,28.5,30.4,27.0,74,20.6
2022-05-24,2.8,9.0,1,28.0,30.0,25.9,80,18.0
2022-05-25,10.4,13.0,1,27.1,29.7,24.9,85,15.6
2022-05-26,22.8,20.0,1,24.9,26.1,23.4,92,14.2
2022-05-27,12.0,9.0,1,26.1,29.8,23.7,86,12.6
2022-05-28,0.5,4.0,1,27.0,30.4,23.7,84,7.9
2022-05-29,1.4,4.0,1,27.0,30.7,23.8,85,8.7
2022-05-30,1.0,5.0,1,27.9,30.7,24.8,79,10.5
2022-05-31,0.7,5.0,1,27.1,30.9,24.0,82,8.3
2022-06-01,14.3,9.0,1,26.4,29.6,23.5,85,13.4
2022-06-02,0.3,3.0,1,27.4,31.1,24.0,80,8.4
2022-06-03,0.0,0.0,0,27.4,31.0,23.8,80,12.9
2022-06-04,0.9,5.0,1,27.1,30.4,24.3,84,11.2
2022-06-05,7.8,15.0,1,26.4,29.1,24.3,86,8.8
2022-06-06,2.3,12.0,1,26.3,29.2,24.2,87,10.7
2022-06-07,0.2,2.0,1,27.3,30.4,23.4,82,15.6
2022-06-08,5.7,15.0,1,27.0,29.3,25.7,85,15.1
2022-06-09,1.0,2.0,1,26.9,30.8,23.3,81,10.0
2022-06-10,1.6,5.0,1,27.2,30.1,24.9,82,10.5
2022-06-11,1.5,10.0,1,27.4,30.0,24.9,83,14.1
2022-06-12,7.7,7.0,1,26.6,29.9,24.2,86,15.0
2022-06-13,5.1,10.0,1,26.4,29.1,24.5,87,11.8
2022-06-14,4.4,11.0,1,26.3,28.2,24.1,86,12.6
2022-06-15,2.6,10.0,1,27.2,29.0,25.7,81,18.8
2022-06-16,4.7,14.0,1,26.9,29.8,24.6,83,17.7
2022-06-17,1.4,8.0,1,26.4,29.6,24.3,87,12.7
2022-06-18,0.0,0.0,0,26.5,30.9,22.9,84,14.4
2022-06-19,0.6,4.0,1,26.9,30.0,24.1,81,10.5
2022-06-20,0.0,0.0,0,27.5,30.7,23.9,76,13.7
2022-06-21,0.0,0.0,0,27.3,30.6,23.3,74,15.3
2022-06-22,0.0,0.0,0,27.3,30.4,22.4,70,14.6
2022-06-23,0.8,3.0,1,26.8,30.3,23.2,77,18.2
2022-06-24,0.1,1.0,1,27.4,31.4,23.0,76,13.4
2022-06-25,0.1,1.0,1,27.3,30.3,23.4,77,13.6
2022-06-26,4.5,8.0,1,26.5,30.3,23.7,83,9.2
2022-06-27,0.3,2.0,1,26.8,30.9,23.7,81,16.9
2022-06-28,0.2,2.0,1,27.2,30.9,23.9,75,14.6
2022-06-29,0.8,5.0,1,27.7,32.0,23.7,70,9.4
2022-06-30,0.0,0.0,0,27.2,31.5,23.0,70,13.7
2022-07-01,0.0,0.0,0,27.7,30.9,23.5,72,17.6
2022-07-02,0.5,4.0,1,27.4,30.9,24.4,74,15.6
2022-07-03,1.9,9.0,1,27.7,30.0,25.9,80,13.9
2022-07-04,6.0,10.0,1,27.3,28.8,26.2,83,13.4
2022-07-05,1.9,9.0,1,27.1,30.5,25.1,84,10.1
2022-07-06,3.6,11.0,1,26.3,29.5,23.8,85,10.9
2022-07-07,5.9,14.0,1,26.5,29.9,23.0,82,9.7
2022-07-08,0.1,1.0,1,26.6,29.8,22.8,70,15.0
2022-07-09,0.0,0.0,0,26.3,29.8,21.9,66,15.7
2022-07-10,0.0,0.0,0,26.8,30.1,22.2,70,16.6
2022-07-11,0.0,0.0,0,27.4,30.9,23.0,76,16.9
2022-07-12,0.0,0.0,0,27.8,30.9,24.2,76,17.4
2022-07-13,0.8,5.0,1,27.4,30.8,24.4,78,15.7
2022-07-14,13.7,13.0,1,26.6,29.2,23.7,81,14.5
2022-07-15,0.4,4.0,1,28.0,30.5,24.8,73,18.3
2022-07-16,0.8,2.0,1,27.8,31.4,24.3,74,15.1
2022-07-17,0.8,4.0,1,26.5,30.7,23.5,79,12.7
2022-07-18,0.4,3.0,1,27.8,31.3,24.1,74,15.0
2022-07-19,1.0,4.0,1,27.7,31.3,23.3,72,16.6
2022-07-20,0.0,0.0,0,27.4,30.6,23.3,72,16.2
2022-07-21,0.0,0.0,0,27.8,32.0,22.8,67,17.1
2022-07-22,0.0,0.0,0,27.8,31.7,23.7,69,15.5
2022-07-23,0.3,3.0,1,27.7,32.0,23.6,72,13.9
2022-07-24,0.0,0.0,0,27.5,31.7,24.2,68,18.2
2022-07-25,0.0,0.0,0,26.5,30.4,22.3,60,16.2
2022-07-26,0.0,0.0,0,26.3,30.9,20.5,62,14.0
2022-07-27,0.0,0.0,0,27.6,31.7,22.7,68,17.5
2022-07-28,0.0,0.0,0,27.8,31.3,23.5,72,17.8
2022-07-29,0.0,0.0,0,27.9,31.4,24.0,71,16.9
2022-07-30,0.0,0.0,0,27.6,31.4,22.9,68,14.1
2022-07-31,0.0,0.0,0,27.1,31.0,22.4,70,14.5
2022-08-01,0.3,2.0,1,27.8,31.3,23.7,71,13.8
2022-08-02,1.8,3.0,1,27.4,31.0,24.2,79,15.9
2022-08-03,0.3,3.0,1,27.8,31.4,24.5,76,17.0
2022-08-04,0.0,0.0,0,28.0,32.7,23.3,68,18.4
2022-08-05,0.0,0.0,0,27.7,32.5,22.9,64,14.8
2022-08-06,0.0,0.0,0,27.7,32.1,22.9,68,14.8
2022-08-07,0.6,4.0,1,27.8,32.0,23.5,71,11.6
2022-08-08,0.0,0.0,0,27.9,32.2,23.3,70,23.8
2022-08-09,0.0,0.0,0,28.2,32.9,23.4,64,20.6
2022-08-10,0.0,0.0,0,28.4,32.7,23.6,65,17.2
2022-08-11,0.0,0.0,0,28.5,31.9,24.3,68,19.8
2022-08-12,0.8,7.0,1,27.9,30.7,25.3,77,17.5
2022-08-13,16.7,16.0,1,27.0,30.4,24.0,81,16.7
2022-08-14,3.5,11.0,1,26.4,30.0,24.6,84,19.5
2022-08-15,1.0,7.0,1,27.2,30.6,24.3,80,18.6
2022-08-16,0.7,4.0,1,27.6,31.3,24.2,75,17.0
2022-08-17,0.0,0.0,0,27.6,31.0,23.6,68,17.7
2022-08-18,0.0,0.0,0,27.5,31.4,22.4,68,16.8
2022-08-19,0.0,0.0,0,27.7,31.9,23.5,69,19.9
2022-08-20,0.0,0.0,0,27.5,30.7,23.6,68,19.0
2022-08-21,0.2,2.0,1,27.5,31.1,23.8,69,18.1
2022-08-22,0.0,0.0,0,28.1,32.7,22.7,63,18.7
2022-08-23,0.1,1.0,1,28.0,31.9,23.9,66,24.6
2022-08-24,0.0,0.0,0,27.5,31.5,22.7,62,19.1
2022-08-25,0.0,0.0,0,27.7,32.4,22.7,63,19.7
2022-08-26,0.0,0.0,0,28.1,32.2,23.6,67,18.5
2022-08-27,0.7,2.0,1,28.3,32.9,24.1,69,18.2
2022-08-28,0.0,0.0,0,28.0,32.9,23.2,64,17.2
2022-08-29,0.0,0.0,0,28.1,32.7,23.7,62,15.7
2022-08-30,0.0,0.0,0,28.4,33.6,23.6,68,20.3
2022-08-31,0.9,7.0,1,28.6,32.5,25.0,70,12.7
2022-09-01,0.0,0.0,0,28.6,32.7,24.0,69,16.2
2022-09-02,0.0,0.0,0,28.8,33.2,24.1,69,17.0
2022-09-03,0.0,0.0,0,28.7,33.7,23.4,68,17.7
2022-09-04,0.0,0.0,0,28.9,34.2,24.2,66,19.5
2022-09-05,0.5,5.0,1,28.8,33.0,25.2,69,10.3
2022-09-06,0.5,3.0,1,28.7,33.0,24.8,70,14.2
2022-09-07,1.0,1.0,1,28.5,31.9,25.4,71,17.8
2022-09-08,1.1,5.0,1,27.9,32.4,24.3,73,15.8
2022-09-09,6.1,10.0,1,26.8,31.2,24.6,80,15.7
2022-09-10,4.8,15.0,1,27.2,31.4,24.4,79,15.1
2022-09-11,0.5,2.0,1,27.7,32.2,23.5,76,12.7
2022-09-12,0.1,1.0,1,28.3,32.3,24.3,71,15.7
2022-09-13,0.0,0.0,0,28.5,33.7,22.9,65,16.5
2022-09-14,0.0,0.0,0,28.5,33.2,23.2,65,20.5
2022-09-15,0.0,0.0,0,28.8,33.6,23.6,65,19.2
2022-09-16,0.0,0.0,0,28.9,33.4,24.6,64,18.7
2022-09-17,0.0,0.0,0,28.8,33.9,23.8,61,19.7
2022-09-18,0.0,0.0,0,28.6,33.7,22.9,62,19.1
2022-09-19,0.0,0.0,0,28.8,34.4,22.8,62,17.4
2022-09-20,0.0,0.0,0,29.0,34.7,23.3,63,20.9
2022-09-21,0.6,5.0,1,28.7,33.8,25.2,66,13.8
2022-09-22,0.0,0.0,0,29.1,34.0,24.2,66,22.4
2022-09-23,0.0,0.0,0,29.4,34.2,24.3,65,16.3
2022-09-24,0.2,1.0,1,28.9,34.5,23.7,67,17.6
2022-09-25,0.0,0.0,0,29.3,34.4,23.6,63,17.0
2022-09-26,0.0,0.0,0,29.7,35.0,25.3,61,17.2
2022-09-27,0.0,0.0,0,29.4,34.4,25.0,60,18.4
2022-09-28,0.0,0.0,0,29.0,33.7,23.7,60,17.0
2022-09-29,1.7,2.0,1,28.8,33.5,23.5,63,15.9
2022-09-30,1.6,4.0,1,27.7,31.6,25.3,78,15.0
2022-10-01,3.8,5.0,1,27.7,32.6,24.6,79,12.5
2022-10-02,6.1,5.0,1,27.5,33.5,24.3,79,12.6
2022-10-03,10.6,14.0,1,26.1,30.8,23.5,86,9.7
2022-10-04,0.6,2.0,1,27.5,32.6,24.0,78,10.7
2022-10-05,5.2,4.0,1,26.8,31.5,24.3,80,14.0
2022-10-06,0.9,4.0,1,27.2,32.0,24.0,77,14.2
2022-10-07,5.3,6.0,1,27.7,32.9,23.4,77,9.0
2022-10-08,4.8,9.0,1,27.4,32.8,24.2,81,11.3
2022-10-09,4.2,4.0,1,27.4,33.0,24.1,79,12.0
2022-10-10,3.6,9.0,1,27.3,31.3,24.1,80,12.4
2022-10-11,5.2,5.0,1,27.2,30.6,25.0,81,15.5
2022-10-12,1.0,7.0,1,27.9,32.3,24.3,76,10.9
2022-10-13,24.5,13.0,1,27.2,33.0,24.4,80,11.6
2022-10-14,4.3,12.0,1,27.4,31.3,23.9,79,12.7
2022-10-15,12.3,14.0,1,27.0,31.2,23.6,81,10.2
2022-10-16,0.2,2.0,1,28.4,32.9,23.9,74,14.1
2022-10-17,0.8,6.0,1,28.0,32.0,24.7,78,7.4
2022-10-18,2.8,11.0,1,26.3,28.9,24.7,87,11.7
2022-10-19,7.8,10.0,1,26.1,28.6,23.8,88,8.4
2022-10-20,23.4,12.0,1,26.5,30.3,24.2,86,11.2
2022-10-21,19.2,13.0,1,25.6,28.6,24.0,91,11.8
2022-10-22,0.3,3.0,1,27.4,31.3,23.6,80,8.4
2022-10-23,5.6,8.0,1,26.6,31.1,24.2,84,10.1
2022-10-24,25.0,8.0,1,26.3,31.2,24.1,87,8.4
2022-10-25,11.8,8.0,1,26.3,30.6,23.2,87,6.6
2022-10-26,15.0,13.0,1,26.1,29.9,23.5,87,12.6
2022-10-27,0.3,3.0,1,26.9,30.7,24.2,81,8.0
2022-10-28,0.8,4.0,1,27.3,32.0,22.4,69,12.2
2022-10-29,1.2,5.0,1,27.0,31.0,22.8,71,8.4
2022-10-30,1.7,6.0,1,27.5,31.7,23.2,70,10.4
2022-10-31,0.4,2.0,1,27.6,31.5,22.8,71,7.3
2022-11-01,2.8,9.0,1,27.0,31.3,23.4,79,9.7
2022-11-02,1.0,4.0,1,27.6,31.9,23.9,78,16.5
2022-11-03,3.0,11.0,1,27.7,31.9,24.7,80,8.9
2022-11-04,1.9,7.0,1,27.2,31.6,23.7,82,12.4
2022-11-05,0.7,3.0,1,27.9,31.6,24.4,81,9.5
2022-11-06,10.6,12.0,1,26.8,31.1,24.5,84,13.7
2022-11-07,2.5,9.0,1,26.2,29.7,23.5,86,10.4
2022-11-08,1.5,4.0,1,27.0,31.1,24.0,83,7.6
2022-11-09,3.5,15.0,1,26.3,29.6,24.0,87,8.2
2022-11-10,7.3,8.0,1,26.5,30.7,23.8,84,9.8
2022-11-11,2.8,9.0,1,26.7,30.7,24.2,85,9.7
2022-11-12,18.1,17.0,1,26.1,29.3,24.2,89,10.0
2022-11-13,1.3,8.0,1,26.6,29.7,24.1,87,11.9
2022-11-14,3.4,11.0,1,26.8,30.4,24.9,87,12.1
2022-11-15,8.9,12.0,1,26.2,29.7,23.6,89,12.8
2022-11-16,8.8,11.0,1,26.0,29.4,23.9,90,12.2
2022-11-17,2.4,5.0,1,27.0,31.9,24.1,83,18.0
2022-11-18,7.6,8.0,1,26.8,30.6,24.5,83,11.9
2022-11-19,13.4,14.0,1,25.2,27.2,23.6,90,11.8
2022-11-20,5.9,6.0,1,26.6,30.1,23.8,83,17.6
2022-11-21,1.7,6.0,1,27.0,32.0,23.1,80,15.9
2022-11-22,5.7,5.0,1,27.3,31.8,24.1,81,13.8
2022-11-23,3.5,10.0,1,26.8,29.4,25.1,85,8.4
2022-11-24,58.0,15.0,1,26.1,30.2,24.4,87,9.1
2022-11-25,8.8,10.0,1,26.3,30.2,24.1,87,8.5
2022-11-26,12.0,13.0,1,25.4,28.2,23.5,87,15.8
2022-11-27,2.9,15.0,1,26.0,29.8,23.9,87,12.2
2022-11-28,13.0,16.0,1,25.8,29.9,23.8,88,8.4
2022-11-29,8.5,8.0,1,26.3,29.6,23.5,87,8.2
2022-11-30,12.7,16.0,1,26.4,30.6,24.0,85,8.6
2022-12-01,6.1,12.0,1,26.8,30.4,23.7,83,6.6
2022-12-02,6.8,8.0,1,26.2,29.6,23.8,86,10.5
2022-12-03,2.3,12.0,1,27.4,31.6,24.2,80,6.6
2022-12-04,4.8,8.0,1,26.4,30.3,24.0,87,7.1
2022-12-05,13.7,14.0,1,25.8,28.9,23.1,90,10.3
2022-12-06,5.8,10.0,1,26.9,31.1,24.1,85,9.0
2022-12-07,1.3,5.0,1,26.8,30.2,24.3,84,14.6
2022-12-08,0.7,6.0,1,27.6,31.6,23.2,78,8.5
2022-12-09,1.0,3.0,1,28.0,31.6,23.9,76,14.1
2022-12-10,1.0,6.0,1,27.8,31.8,23.0,76,9.2
2022-12-11,0.2,2.0,1,28.3,32.5,24.0,74,12.3
2022-12-12,1.4,7.0,1,28.1,32.5,24.4,78,9.9
2022-12-13,1.9,10.0,1,27.5,32.1,23.9,80,14.1
2022-12-14,12.4,12.0,1,26.5,29.9,23.9,85,12.2
2022-12-15,6.8,7.0,1,26.5,31.3,23.4,83,10.9
2022-12-16,22.4,15.0,1,25.8,29.7,23.6,88,9.5
2022-12-17,10.6,11.0,1,26.5,30.6,23.5,85,10.9
2022-12-18,3.2,9.0,1,27.2,31.1,23.2,81,14.8
2022-12-19,8.3,7.0,1,26.6,31.7,23.3,84,8.0
2022-12-20,7.4,3.0,1,27.2,32.3,23.9,81,8.0
2022-12-21,13.1,10.0,1,27.1,31.8,24.2,83,10.8
2022-12-22,13.2,9.0,1,26.6,30.0,24.6,84,17.8
2022-12-23,17.8,11.0,1,26.0,29.9,23.8,84,18.7
2022-12-24,4.8,10.0,1,26.1,30.7,23.4,82,19.8
2022-12-25,20.1,15.0,1,25.3,27.9,24.2,90,18.1
2022-12-26,9.4,13.0,1,25.2,28.2,23.6,89,20.3
2022-12-27,9.3,18.0,1,25.0,28.1,23.6,88,20.7
2022-12-28,26.2,13.0,1,26.1,30.2,23.8,84,19.1
2022-12-29,11.9,16.0,1,25.3,26.6,24.3,89,21.3
2022-12-30,12.0,12.0,1,25.0,26.4,23.9,90,22.3
2022-12-31,14.4,19.0,1,24.6,27.0,22.8,90,21.8
2023-01-01,12.3,14.0,1,25.1,27.9,23.1,88,21.1
2023-01-02,2.9,10.0,1,26.1,29.1,23.9,84,24.8
2023-01-03,3.2,6.0,1,26.4,30.2,23.8,81,21.9
2023-01-04,4.9,6.0,1,26.6,31.0,24.4,80,22.1
2023-01-05,2.5,5.0,1,27.1,30.9,24.3,78,18.3
2023-01-06,8.5,6.0,1,27.4,31.6,25.3,77,16.9
2023-01-07,3.5,10.0,1,27.3,32.7,24.4,76,13.7
2023-01-08,3.9,7.0,1,26.5,30.7,23.9,86,9.7
2023-01-09,13.5,11.0,1,26.0,30.7,23.0,86,8.2
2023-01-10,2.1,8.0,1,26.0,29.9,22.9,86,13.3
2023-01-11,2.3,10.0,1,27.5,31.1,24.4,80,11.0
2023-01-12,2.5,9.0,1,27.0,30.7,24.5,82,7.7
2023-01-13,3.1,4.0,1,27.0,30.8,23.8,78,14.0
2023-01-14,2.4,8.0,1,27.4,31.6,24.2,78,14.8
2023-01-15,6.5,12.0,1,26.8,30.7,24.4,82,19.6
2023-01-16,9.0,18.0,1,26.3,30.2,24.2,86,18.1
2023-01-17,4.0,9.0,1,26.2,30.4,24.3,87,14.6
2023-01-18,19.4,14.0,1,25.6,30.3,23.3,88,10.8
2023-01-19,5.7,11.0,1,26.0,30.3,23.7,86,12.1
2023-01-20,5.7,6.0,1,26.1,30.3,23.7,86,12.3
2023-01-21,17.3,15.0,1,26.2,31.0,23.4,85,8.6
2023-01-22,11.5,8.0,1,26.2,30.3,22.9,87,8.9
2023-01-23,7.0,14.0,1,27.0,31.3,23.9,82,10.8
2023-01-24,2.6,9.0,1,26.7,31.3,23.8,86,9.1
2023-01-25,16.2,17.0,1,25.7,29.4,23.6,88,13.1
2023-01-26,36.9,14.0,1,25.9,29.9,24.1,86,10.7
2023-01-27,21.1,15.0,1,25.7,29.3,24.2,89,14.9
2023-01-28,10.1,17.0,1,25.4,28.8,23.8,90,14.3
2023-01-29,6.0,8.0,1,26.1,30.1,24.1,86,15.8
2023-01-30,3.0,8.0,1,26.4,31.1,23.7,86,15.5
2023-01-31,3.7,7.0,1,26.8,30.4,23.7,84,18.4
2023-02-01,26.5,15.0,1,26.1,29.5,24.8,87,14.1
2023-02-02,7.5,11.0,1,25.8,28.3,24.7,88,16.1
2023-02-03,9.8,15.0,1,26.0,29.1,23.8,85,22.0
2023-02-04,11.4,12.0,1,26.2,29.8,24.7,85,18.9
2023-02-05,3.9,12.0,1,26.4,29.7,23.8,84,15.1
2023-02-06,2.9,6.0,1,26.8,30.3,24.1,80,18.4
2023-02-07,11.4,10.0,1,26.0,29.3,24.3,84,18.1
2023-02-08,13.1,19.0,1,25.7,28.4,23.1,88,16.6
2023-02-09,16.3,19.0,1,25.5,30.1,23.7,89,19.6
2023-02-10,2.7,8.0,1,26.1,29.5,23.9,87,16.3
2023-02-11,17.4,15.0,1,25.7,28.9,23.9,89,15.9
2023-02-12,13.7,10.0,1,25.8,28.7,24.1,88,14.8
2023-02-13,19.1,11.0,1,26.0,30.3,23.9,87,15.2
2023-02-14,14.9,7.0,1,25.9,30.4,23.0,86,19.5
2023-02-15,23.0,17.0,1,25.4,29.5,23.9,88,15.3
2023-02-16,26.6,21.0,1,25.3,28.9,23.7,91,15.0
2023-02-17,8.8,13.0,1,26.0,29.6,24.1,88,20.3
2023-02-18,28.9,15.0,1,25.7,29.3,23.9,89,15.3
2023-02-19,15.3,7.0,1,26.4,31.0,23.7,85,14.3
2023-02-20,13.3,12.0,1,26.2,30.6,24.1,87,13.3
2023-02-21,13.9,11.0,1,26.0,29.7,23.7,88,12.6
2023-02-22,8.6,14.0,1,26.0,30.0,23.7,87,20.3
2023-02-23,16.6,15.0,1,26.1,28.5,24.3,87,20.3
2023-02-24,11.9,8.0,1,26.3,29.5,24.3,85,22.4
2023-02-25,20.0,11.0,1,26.4,30.4,24.5,85,20.1
2023-02-26,16.3,17.0,1,25.6,28.6,24.0,86,22.1
2023-02-27,15.4,18.0,1,25.4,29.0,23.5,89,23.7
2023-02-28,29.2,12.0,1,26.0,30.5,24.3,86,19.6
2023-03-01,27.5,13.0,1,25.6,29.9,23.5,87,17.4
2023-03-02,37.0,24.0,1,24.5,26.5,23.0,91,21.0
2023-03-03,8.6,11.0,1,25.6,30.3,23.1,87,19.1
2023-03-04,19.0,11.0,1,26.0,31.2,22.5,85,12.1
2023-03-05,21.4,12.0,1,25.9,30.6,23.4,87,14.3
2023-03-06,2.1,9.0,1,26.9,31.2,23.7,82,10.5
2023-03-07,3.7,9.0,1,26.5,30.6,23.7,84,9.3
2023-03-08,13.1,12.0,1,25.8,29.9,23.0,88,9.0
2023-03-09,0.3,3.0,1,26.5,30.2,22.9,85,8.4
2023-03-10,0.3,3.0,1,27.1,30.7,23.8,82,7.4
2023-03-11,0.7,6.0,1,27.5,31.1,24.1,80,10.2
2023-03-12,6.4,11.0,1,26.9,30.8,23.7,82,12.2
2023-03-13,2.0,7.0,1,26.4,30.4,23.6,84,12.0
2023-03-14,7.2,12.0,1,25.7,29.6,23.2,87,8.5
2023-03-15,5.0,5.0,1,26.3,30.7,23.2,86,14.8
2023-03-16,2.4,10.0,1,27.4,30.5,24.4,83,10.4
2023-03-17,4.0,8.0,1,27.1,31.0,24.6,84,12.2
2023-03-18,1.8,5.0,1,27.0,31.3,23.6,84,11.2
2023-03-19,3.3,11.0,1,27.6,30.7,25.1,83,12.4
2023-03-20,11.2,14.0,1,26.9,31.4,24.1,84,8.7
2023-03-21,7.0,8.0,1,27.2,31.4,23.4,83,10.6
2023-03-22,14.3,8.0,1,26.9,31.3,23.1,83,12.3
2023-03-23,8.0,10.0,1,27.4,31.6,23.5,84,10.5
2023-03-24,6.2,11.0,1,27.0,31.4,24.0,86,8.6
2023-03-25,9.5,10.0,1,26.4,30.1,23.5,86,10.2
2023-03-26,7.6,8.0,1,26.3,29.0,23.9,86,13.5
2023-03-27,15.6,17.0,1,26.0,29.2,24.5,89,12.1
2023-03-28,15.4,11.0,1,26.4,28.7,24.0,86,14.4
2023-03-29,3.2,10.0,1,26.7,30.1,24.4,87,7.6
2023-03-30,15.1,11.0,1,26.3,31.0,23.7,88,12.3
2023-03-31,19.0,12.0,1,25.8,30.1,24.2,89,9.5
2023-04-01,4.3,11.0,1,25.7,29.3,23.8,86,10.4
2023-04-02,14.2,10.0,1,25.8,29.4,23.0,87,7.2
2023-04-03,8.9,15.0,1,26.1,30.0,24.3,89,8.4
2023-04-04,13.1,7.0,1,26.1,30.5,23.7,86,6.5
2023-04-05,3.0,5.0,1,26.5,29.9,24.0,85,8.7
2023-04-06,11.3,4.0,1,26.2,30.2,23.7,86,11.1
2023-04-07,1.0,5.0,1,26.4,30.1,23.6,86,8.6
2023-04-08,3.4,6.0,1,26.7,31.2,23.8,82,10.6
2023-04-09,5.3,6.0,1,26.6,31.0,23.1,84,13.3
2023-04-10,14.5,6.0,1,26.3,31.1,23.5,84,16.7
2023-04-11,1.7,7.0,1,27.0,31.1,23.4,84,10.7
2023-04-12,17.5,13.0,1,26.8,31.2,24.0,86,11.2
2023-04-13,15.3,17.0,1,26.3,30.1,24.6,89,8.6
2023-04-14,8.5,9.0,1,26.9,30.9,24.4,84,8.0
2023-04-15,19.7,10.0,1,27.0,31.0,24.7,84,7.4
2023-04-16,5.8,11.0,1,26.7,30.6,23.9,85,9.4
2023-04-17,21.1,13.0,1,26.5,29.6,24.1,87,7.2
2023-04-18,1.4,10.0,1,27.4,30.3,24.8,84,12.1
2023-04-19,0.5,4.0,1,28.0,31.6,24.4,80,11.8
2023-04-20,8.3,8.0,1,27.3,30.8,25.0,85,9.4
2023-04-21,1.7,5.0,1,27.2,29.8,24.7,85,12.6
2023-04-22,1.5,8.0,1,28.0,30.6,25.9,80,14.5
2023-04-23,0.5,3.0,1,28.4,31.1,25.7,78,16.2
2023-04-24,4.1,11.0,1,28.5,31.3,26.3,78,15.7
2023-04-25,2.0,11.0,1,27.7,31.3,24.2,82,10.8
2023-04-26,1.2,7.0,1,27.8,30.2,25.0,82,13.4
2023-04-27,1.4,9.0,1,28.1,32.0,24.9,81,11.1
2023-04-28,17.0,15.0,1,26.9,29.9,25.1,88,10.2
2023-04-29,29.5,24.0,1,25.8,28.0,24.6,92,9.1
2023-04-30,9.1,12.0,1,27.0,30.7,24.8,87,9.7
2023-05-01,2.2,5.0,1,27.2,30.3,25.1,85,11.4
2023-05-02,2.4,13.0,1,27.0,29.4,24.9,86,12.1
2023-05-03,3.6,11.0,1,27.7,30.1,25.4,84,14.7
2023-05-04,2.9,12.0,1,28.0,30.7,25.7,83,13.7
2023-05-05,0.0,0.0,0,27.9,31.5,23.5,79,13.4
2023-05-06,1.3,8.0,1,27.9,30.5,25.3,85,7.0
2023-05-07,1.2,4.0,1,28.2,31.4,25.0,81,9.4
2023-05-08,0.0,0.0,0,28.4,32.8,24.4,75,9.1
2023-05-09,1.2,3.0,1,27.8,32.2,24.8,80,11.5
2023-05-10,7.6,18.0,1,27.2,29.0,25.7,86,21.0
2023-05-11,39.1,16.0,1,26.9,29.1,25.3,88,17.0
2023-05-12,0.8,7.0,1,28.3,31.0,25.3,82,17.9
2023-05-13,0.9,5.0,1,27.7,31.5,24.8,80,12.8
2023-05-14,0.0,0.0,0,27.0,30.6,22.6,76,9.2
2023-05-15,0.0,0.0,0,27.2,30.9,22.9,74,14.8
2023-05-16,0.3,2.0,1,27.2,30.4,23.4,74,10.9
2023-05-17,0.2,1.0,1,27.0,31.2,22.3,72,9.8
2023-05-18,0.0,0.0,0,27.3,30.6,23.0,71,9.3
2023-05-19,0.0,0.0,0,27.7,31.6,23.6,71,10.8
2023-05-20,0.1,1.0,1,27.7,31.3,23.3,74,14.4
2023-05-21,0.0,0.0,0,27.5,30.5,23.2,74,14.8
2023-05-22,0.0,0.0,0,27.5,30.4,23.1,73,12.8
2023-05-23,0.2,2.0,1,27.4,30.6,23.6,72,12.4
2023-05-24,0.3,2.0,1,27.7,31.0,24.1,73,12.3
2023-05-25,0.0,0.0,0,28.0,31.5,23.5,71,15.3
2023-05-26,0.0,0.0,0,27.7,31.5,23.3,71,15.1
2023-05-27,0.0,0.0,0,27.7,31.6,23.2,70,12.3
2023-05-28,0.0,0.0,0,27.5,30.7,23.9,69,18.7
2023-05-29,0.0,0.0,0,28.1,31.4,24.6,66,13.4
2023-05-30,0.2,2.0,1,28.1,31.0,25.0,69,15.1
2023-05-31,0.0,0.0,0,27.9,31.7,23.3,68,14.2
2023-06-01,0.0,0.0,0,28.3,32.1,23.6,70,14.5
2023-06-02,0.0,0.0,0,28.5,33.0,23.9,71,21.4
2023-06-03,0.0,0.0,0,28.4,32.4,24.1,71,13.4
2023-06-04,0.2,2.0,1,28.3,32.1,24.3,75,9.6
2023-06-05,1.1,1.0,1,28.4,32.5,25.3,72,14.1
2023-06-06,0.0,0.0,0,28.3,31.8,24.6,71,17.7
2023-06-07,0.6,4.0,1,27.9,31.4,24.3,74,17.1
2023-06-08,0.1,1.0,1,28.1,31.6,24.1,74,14.9
2023-06-09,0.0,0.0,0,28.0,32.5,23.7,72,18.0
2023-06-10,0.0,0.0,0,27.8,32.3,22.6,70,13.1
2023-06-11,0.0,0.0,0,28.3,32.4,24.2,70,17.8
2023-06-12,0.1,1.0,1,28.4,32.1,24.3,72,17.7
2023-06-13,0.0,0.0,0,28.5,31.6,24.7,72,18.9
2023-06-14,0.0,0.0,0,28.2,31.8,23.9,68,15.2
2023-06-15,0.0,0.0,0,27.9,31.6,24.2,69,15.8
2023-06-16,0.6,4.0,1,28.1,32.0,24.5,70,13.0
2023-06-17,0.0,0.0,0,27.9,31.4,24.4,73,19.6
2023-06-18,0.5,3.0,1,27.8,31.1,24.4,73,17.0
2023-06-19,0.0,0.0,0,28.2,32.2,24.5,73,12.1
2023-06-20,0.5,2.0,1,28.2,32.5,23.9,71,12.0
2023-06-21,0.0,0.0,0,29.1,33.1,24.8,66,16.8
2023-06-22,0.0,0.0,0,28.3,32.3,24.2,69,14.0
2023-06-23,0.0,0.0,0,28.2,31.9,24.3,68,14.1
2023-06-24,0.0,0.0,0,28.2,32.5,23.8,67,12.7
2023-06-25,0.6,5.0,1,27.7,31.3,23.7,73,12.0
2023-06-26,1.5,8.0,1,27.8,31.9,24.0,73,6.7
2023-06-27,0.1,1.0,1,27.9,32.4,23.5,70,12.8
2023-06-28,0.0,0.0,0,28.0,33.5,22.7,72,15.6
2023-06-29,0.3,3.0,1,28.4,33.6,23.6,73,13.5
2023-06-30,0.0,0.0,0,28.4,33.7,23.5,72,15.5
2023-07-01,1.2,3.0,1,28.3,33.7,24.0,74,10.5
2023-07-02,9.5,7.0,1,27.6,33.6,24.7,78,13.3
2023-07-03,0.8,5.0,1,27.8,32.8,23.7,77,8.6
2023-07-04,7.8,12.0,1,27.5,32.2,23.4,78,9.6
2023-07-05,0.2,1.0,1,28.0,33.3,23.4,76,13.9
2023-07-06,0.1,1.0,1,28.1,33.1,23.5,75,15.6
2023-07-07,1.8,4.0,1,27.4,32.8,24.1,77,12.7
2023-07-08,10.8,9.0,1,25.9,28.7,23.8,87,14.8
2023-07-09,0.0,0.0,0,27.7,31.9,23.5,74,18.3
2023-07-10,0.0,0.0,0,28.4,32.1,23.6,70,16.2
2023-07-11,0.0,0.0,0,27.9,32.4,23.2,68,15.8
2023-07-12,0.0,0.0,0,27.7,32.7,22.9,69,16.0
2023-07-13,0.0,0.0,0,28.5,33.1,23.7,67,16.5
2023-07-14,0.0,0.0,0,28.5,32.9,24.3,65,12.8
2023-07-15,0.0,0.0,0,27.9,33.6,22.5,69,14.0
2023-07-16,0.8,3.0,1,27.5,32.7,22.9,70,16.0
2023-07-17,0.0,0.0,0,27.1,32.3,21.1,64,17.0
2023-07-18,0.0,0.0,0,27.3,32.4,21.5,64,21.0
2023-07-19,0.0,0.0,0,27.1,32.5,21.7,65,15.9
2023-07-20,0.0,0.0,0,26.9,32.9,20.4,63,14.1
2023-07-21,0.0,0.0,0,27.3,33.7,21.9,62,15.5
2023-07-22,0.0,0.0,0,27.1,31.9,21.3,65,20.8
2023-07-23,0.0,0.0,0,27.8,31.6,23.5,67,18.2
2023-07-24,0.0,0.0,0,27.6,31.8,23.3,67,14.6
2023-07-25,0.1,1.0,1,27.7,32.0,23.4,70,15.6
2023-07-26,0.2,2.0,1,27.5,32.4,22.3,68,15.5
2023-07-27,0.0,0.0,0,26.7,31.5,21.3,67,14.4
2023-07-28,0.0,0.0,0,26.8,31.6,21.5,65,17.0
2023-07-29,0.0,0.0,0,26.9,31.5,21.3,63,17.9
2023-07-30,0.0,0.0,0,26.8,31.9,21.0,64,19.1
2023-07-31,0.0,0.0,0,26.8,31.7,20.9,66,21.6
2023-08-01,0.0,0.0,0,27.9,32.3,24.0,68,20.7
2023-08-02,0.0,0.0,0,27.9,32.7,23.0,72,17.7
2023-08-03,0.0,0.0,0,28.3,32.3,24.7,68,19.1
2023-08-04,0.0,0.0,0,28.2,33.0,23.6,66,19.4
2023-08-05,0.0,0.0,0,27.6,32.5,22.1,65,17.7
2023-08-06,0.0,0.0,0,28.1,32.6,23.3,69,17.1
2023-08-07,0.1,1.0,1,27.5,32.2,22.6,71,16.4
2023-08-08,0.0,0.0,0,27.4,31.1,23.7,70,19.6
2023-08-09,0.0,0.0,0,27.3,31.6,22.0,64,17.1
2023-08-10,0.0,0.0,0,27.2,31.6,22.5,64,18.0
2023-08-11,0.0,0.0,0,26.6,31.7,20.3,64,16.0
2023-08-12,0.0,0.0,0,26.8,32.3,20.6,61,17.7
2023-08-13,0.0,0.0,0,27.4,31.8,21.9,64,17.3
2023-08-14,0.1,1.0,1,27.6,32.4,22.6,64,17.1
2023-08-15,0.0,0.0,0,27.7,32.6,22.1,66,18.1
2023-08-16,0.0,0.0,0,27.5,32.9,22.2,65,22.1
2023-08-17,0.0,0.0,0,27.4,33.2,22.5,63,17.7
2023-08-18,0.0,0.0,0,27.2,32.8,21.3,65,17.5
2023-08-19,0.0,0.0,0,27.2,32.1,21.6,68,19.6
2023-08-20,0.0,0.0,0,27.9,32.4,22.9,65,21.4
2023-08-21,0.0,0.0,0,27.6,32.4,22.4,67,19.2
2023-08-22,0.0,0.0,0,27.6,32.2,22.7,65,19.1
2023-08-23,0.0,0.0,0,27.3,32.1,22.0,64,19.4
2023-08-24,0.0,0.0,0,27.5,32.1,21.9,64,22.1
2023-08-25,0.0,0.0,0,28.1,33.3,23.0,65,17.4
2023-08-26,0.0,0.0,0,28.5,33.4,24.1,64,16.1
2023-08-27,0.0,0.0,0,27.9,33.2,22.9,64,15.0
2023-08-28,0.0,0.0,0,27.5,32.5,22.1,65,19.6
2023-08-29,0.2,1.0,1,27.9,32.8,22.9,65,16.6
2023-08-30,0.0,0.0,0,27.5,32.6,22.0,67,19.7
2023-08-31,0.0,0.0,0,27.9,32.8,22.5,67,18.6
2023-09-01,0.0,0.0,0,27.5,32.2,22.7,64,20.0
2023-09-02,0.0,0.0,0,27.1,32.1,21.1,60,18.1
2023-09-03,0.0,0.0,0,27.2,31.9,22.1,60,19.6
2023-09-04,0.0,0.0,0,27.1,32.5,20.8,57,15.9
2023-09-05,0.0,0.0,0,27.5,32.7,21.3,59,19.2
2023-09-06,0.0,0.0,0,28.2,33.6,22.1,62,22.1
2023-09-07,0.1,1.0,1,28.5,34.3,22.8,63,16.4
2023-09-08,0.0,0.0,0,28.1,33.2,23.0,63,16.6
2023-09-09,0.0,0.0,0,27.8,33.8,21.7,63,14.8
2023-09-10,0.0,0.0,0,28.1,33.9,21.8,61,23.4
2023-09-11,0.0,0.0,0,28.6,34.0,23.0,61,22.8
2023-09-12,0.0,0.0,0,28.6,34.4,22.7,64,20.4
2023-09-13,0.0,0.0,0,28.4,33.8,23.1,64,19.5
2023-09-14,0.1,1.0,1,28.6,32.8,24.1,61,21.5
2023-09-15,0.0,0.0,0,28.1,33.5,22.0,61,20.2
2023-09-16,0.0,0.0,0,28.5,33.0,23.6,64,22.7
2023-09-17,0.1,1.0,1,28.7,33.8,23.7,66,21.0
2023-09-18,0.2,2.0,1,29.0,34.4,24.2,64,18.9
2023-09-19,0.0,0.0,0,28.8,33.6,24.0,60,17.5
2023-09-20,0.0,0.0,0,28.6,33.7,23.5,62,18.3
2023-09-21,0.0,0.0,0,28.5,33.8,23.2,62,20.2
2023-09-22,0.0,0.0,0,27.9,33.8,22.1,61,21.9
2023-09-23,0.0,0.0,0,28.2,34.8,21.8,59,23.9
2023-09-24,0.0,0.0,0,28.7,34.9,21.9,60,23.1
2023-09-25,0.0,0.0,0,28.8,34.6,23.8,61,23.4
2023-09-26,0.0,0.0,0,28.5,35.1,21.3,57,21.9
2023-09-27,0.0,0.0,0,28.3,34.2,21.8,62,23.3
2023-09-28,0.0,0.0,0,28.5,34.1,22.1,66,21.0
2023-09-29,0.0,0.0,0,29.3,34.7,25.5,65,19.0
2023-09-30,0.0,0.0,0,29.6,35.1,24.1,61,18.1
2023-10-01,0.0,0.0,0,29.4,34.9,23.3,58,17.6
2023-10-02,0.0,0.0,0,29.3,34.5,23.8,60,21.0
2023-10-03,0.0,0.0,0,29.3,34.5,23.7,61,16.9
2023-10-04,0.0,0.0,0,29.3,34.8,23.8,63,22.3
2023-10-05,0.1,1.0,1,29.3,35.0,24.0,67,18.9
2023-10-06,0.1,1.0,1,30.0,36.1,25.0,63,25.6
2023-10-07,0.1,1.0,1,29.5,35.5,24.9,66,22.9
2023-10-08,0.0,0.0,0,29.6,35.0,24.1,62,24.3
2023-10-09,0.0,0.0,0,29.7,35.5,23.7,63,21.5
2023-10-10,0.7,3.0,1,29.7,35.5,24.4,67,18.6
2023-10-11,0.0,0.0,0,29.7,35.0,24.7,63,23.0
2023-10-12,0.0,0.0,0,29.3,34.7,23.9,64,20.4
2023-10-13,0.0,0.0,0,30.1,36.4,25.7,64,21.7
2023-10-14,0.0,0.0,0,29.8,34.8,24.5,61,25.5
2023-10-15,0.0,0.0,0,30.1,35.1,25.0,60,23.1
2023-10-16,0.0,0.0,0,30.2,35.6,25.6,64,26.5
2023-10-17,0.0,0.0,0,30.2,35.7,24.9,62,26.7
2023-10-18,0.0,0.0,0,30.1,36.7,23.5,59,25.5
2023-10-19,0.0,0.0,0,30.1,36.0,24.9,61,25.3
2023-10-20,0.0,0.0,0,30.4,36.0,24.8,60,17.7
2023-10-21,0.1,1.0,1,30.8,37.2,25.6,63,16.6
2023-10-22,0.2,2.0,1,30.4,35.8,24.9,63,14.9
2023-10-23,0.3,3.0,1,29.9,34.5,26.0,66,18.3
2023-10-24,0.6,3.0,1,30.3,36.1,25.7,63,16.8
2023-10-25,0.0,0.0,0,30.1,36.3,24.7,62,21.6
2023-10-26,0.0,0.0,0,31.1,37.9,24.7,59,19.0
2023-10-27,0.0,0.0,0,30.7,37.2,24.8,60,19.0
2023-10-28,0.0,0.0,0,30.4,36.9,23.8,59,24.8
2023-10-29,0.2,1.0,1,30.1,35.8,23.9,64,20.0
2023-10-30,1.8,2.0,1,29.9,35.7,25.1,66,18.0
2023-10-31,1.0,1.0,1,29.8,36.0,24.2,67,17.0
2023-11-01,0.0,0.0,0,30.7,37.0,24.8,63,17.8
2023-11-02,0.1,1.0,1,30.8,36.0,26.2,62,25.0
2023-11-03,2.2,9.0,1,29.7,34.7,25.6,71,17.1
2023-11-04,1.5,5.0,1,28.6,34.5,24.9,75,16.6
2023-11-05,1.0,4.0,1,29.7,34.4,25.6,70,16.3
2023-11-06,0.1,1.0,1,30.3,37.0,25.0,65,19.7
2023-11-07,0.0,0.0,0,30.2,36.0,24.0,64,17.6
2023-11-08,0.0,0.0,0,30.9,36.8,24.8,61,13.8
2023-11-09,2.6,4.0,1,30.5,36.5,26.2,65,12.5
2023-11-10,1.0,4.0,1,30.1,37.7,25.4,66,14.8
2023-11-11,0.2,2.0,1,30.3,37.0,24.7,65,14.9
2023-11-12,0.7,4.0,1,30.5,36.2,24.7,62,15.0
2023-11-13,0.6,1.0,1,30.8,36.8,25.6,63,13.8
2023-11-14,1.2,7.0,1,30.3,36.5,26.4,70,13.0
2023-11-15,2.0,8.0,1,30.2,36.3,26.2,72,11.6
2023-11-16,7.0,6.0,1,29.4,36.5,25.4,75,14.3
2023-11-17,2.6,9.0,1,28.8,34.3,25.3,75,11.7
2023-11-18,0.0,0.0,0,30.1,36.7,24.0,67,11.1
2023-11-19,0.0,0.0,0,30.8,37.0,24.9,60,16.2
2023-11-20,0.8,4.0,1,30.7,37.3,25.2,65,20.3
2023-11-21,0.1,1.0,1,30.3,36.1,24.6,66,18.9
2023-11-22,0.0,0.0,0,31.0,36.3,25.4,62,21.8
2023-11-23,0.0,0.0,0,31.4,36.9,26.8,60,16.0
2023-11-24,1.2,6.0,1,29.8,36.0,26.3,72,16.3
2023-11-25,12.1,14.0,1,27.6,32.1,24.5,82,13.8
2023-11-26,1.0,4.0,1,28.6,35.5,23.9,75,12.8
2023-11-27,19.7,10.0,1,27.5,33.7,24.5,82,10.8
2023-11-28,12.0,8.0,1,26.9,31.6,23.6,84,9.0
2023-11-29,2.4,8.0,1,28.0,32.0,24.2,80,11.9
2023-11-30,2.0,5.0,1,28.5,33.8,24.9,79,14.3
2023-12-01,7.3,11.0,1,27.0,30.6,24.8,86,9.7
2023-12-02,8.8,6.0,1,27.2,32.5,24.2,84,18.9
2023-12-03,4.2,8.0,1,28.1,32.6,24.1,78,9.8
2023-12-04,0.6,6.0,1,27.7,32.3,24.4,80,13.0
2023-12-05,0.9,3.0,1,28.5,34.0,24.2,76,11.2
2023-12-06,14.7,11.0,1,28.3,34.0,24.3,79,13.5
2023-12-07,18.8,10.0,1,27.8,36.0,23.9,80,14.2
2023-12-08,16.6,8.0,1,27.7,34.0,24.0,82,9.7
2023-12-09,11.5,10.0,1,27.7,31.5,24.6,85,9.4
2023-12-10,26.0,13.0,1,26.7,31.4,24.9,87,14.5
2023-12-11,2.7,5.0,1,28.5,33.8,24.1,78,9.4
2023-12-12,1.1,1.0,1,28.6,34.3,23.7,73,8.7
2023-12-13,19.2,11.0,1,27.8,33.4,24.9,82,12.8
2023-12-14,13.6,12.0,1,27.3,32.1,23.8,84,10.5
2023-12-15,8.3,7.0,1,27.5,32.5,24.8,85,9.5
2023-12-16,1.2,8.0,1,28.5,34.0,24.1,76,11.3
2023-12-17,0.8,6.0,1,28.9,34.1,24.3,73,13.7
2023-12-18,0.2,2.0,1,28.9,33.8,23.9,72,11.4
2023-12-19,0.0,0.0,0,29.7,34.8,24.3,63,10.5
2023-12-20,0.0,0.0,0,29.6,35.1,23.6,57,9.5
2023-12-21,1.3,9.0,1,29.5,34.4,24.4,65,12.3
2023-12-22,3.9,9.0,1,28.7,33.6,25.0,75,10.9
2023-12-23,8.7,3.0,1,29.5,35.8,24.3,71,11.6
2023-12-24,2.8,8.0,1,29.1,34.7,24.1,74,13.8
2023-12-25,19.7,10.0,1,27.6,32.6,24.6,80,14.5
2023-12-26,0.4,4.0,1,28.0,33.1,23.7,80,7.7
2023-12-27,1.5,8.0,1,28.8,33.8,25.1,78,9.0
2023-12-28,6.4,16.0,1,28.5,33.3,25.1,80,13.8
2023-12-29,5.1,7.0,1,29.2,34.6,25.1,78,12.6
2023-12-30,26.8,19.0,1,27.9,32.5,24.7,83,11.9
2023-12-31,1.7,7.0,1,28.7,34.3,24.4,79,17.8
2024-01-01,14.8,19.0,1,27.9,32.0,25.0,83,11.2
2024-01-02,8.1,10.0,1,27.9,33.3,24.5,82,15.3
2024-01-03,16.5,17.0,1,27.0,30.5,24.6,87,13.6
2024-01-04,18.7,13.0,1,27.0,32.0,24.2,86,11.6
2024-01-05,0.9,7.0,1,26.9,30.7,23.6,85,10.8
2024-01-06,23.1,22.0,1,26.8,30.1,25.2,89,11.2
2024-01-07,19.9,15.0,1,26.3,29.9,24.8,91,13.5
2024-01-08,14.3,10.0,1,26.7,31.5,24.0,88,15.0
2024-01-09,9.4,8.0,1,27.2,32.3,24.0,87,8.9
2024-01-10,22.1,19.0,1,27.4,32.5,24.4,85,11.0
2024-01-11,20.6,9.0,1,27.3,33.5,24.4,85,13.8
2024-01-12,0.0,0.0,0,28.6,33.9,24.2,77,7.0
2024-01-13,0.3,3.0,1,28.9,34.0,23.1,72,8.0
2024-01-14,0.1,1.0,1,29.2,33.6,24.9,70,9.5
2024-01-15,16.2,10.0,1,27.5,33.8,24.9,83,14.1
2024-01-16,11.2,14.0,1,27.1,32.7,24.6,86,12.2
2024-01-17,9.8,14.0,1,26.4,30.4,24.0,87,14.1
2024-01-18,3.3,12.0,1,27.6,33.4,23.9,84,13.4
2024-01-19,11.7,10.0,1,26.4,31.4,24.3,88,17.9
2024-01-20,2.6,10.0,1,27.5,32.3,23.7,79,19.8
2024-01-21,1.9,5.0,1,27.6,33.5,24.5,77,19.0
2024-01-22,5.2,6.0,1,27.1,31.3,24.7,82,17.6
2024-01-23,1.9,4.0,1,28.0,32.8,25.0,78,16.2
2024-01-24,28.5,9.0,1,27.0,32.3,24.3,81,17.0
2024-01-25,10.4,9.0,1,27.0,31.4,23.7,85,18.5
2024-01-26,12.1,13.0,1,26.7,31.6,23.8,87,18.2
2024-01-27,6.7,10.0,1,27.0,31.5,24.1,85,14.5
2024-01-28,7.7,12.0,1,26.8,31.9,23.4,86,18.6
2024-01-29,23.5,17.0,1,26.1,32.4,24.0,89,13.5
2024-01-30,31.4,10.0,1,26.4,31.4,23.5,89,10.9
2024-01-31,17.5,14.0,1,26.8,32.8,23.7,87,11.3
2024-02-01,13.2,9.0,1,27.1,32.6,24.5,86,8.7
2024-02-02,10.6,9.0,1,26.6,32.0,23.6,88,9.8
2024-02-03,12.7,14.0,1,26.3,30.4,24.3,90,17.6
2024-02-04,14.2,16.0,1,26.3,32.0,24.5,88,12.1
2024-02-05,18.1,13.0,1,26.8,31.5,23.8,85,16.8
2024-02-06,37.3,15.0,1,26.1,31.1,23.7,90,14.0
2024-02-07,5.9,11.0,1,26.3,30.1,24.2,88,12.9
2024-02-08,6.8,8.0,1,26.2,31.4,23.2,88,12.4
2024-02-09,14.7,9.0,1,27.4,32.4,23.6,83,8.4
2024-02-10,28.3,22.0,1,25.7,30.5,23.8,90,12.0
2024-02-11,10.8,10.0,1,26.5,31.9,23.9,89,11.9
2024-02-12,14.1,10.0,1,27.0,32.5,24.1,86,13.7
2024-02-13,10.6,8.0,1,27.2,32.4,23.9,87,6.2
2024-02-14,14.1,14.0,1,27.0,31.4,24.4,89,7.0
2024-02-15,3.8,11.0,1,27.7,32.0,24.7,88,9.2
2024-02-16,8.7,10.0,1,27.8,33.4,24.6,84,11.3
2024-02-17,11.1,11.0,1,27.1,32.2,24.3,87,9.3
2024-02-18,6.2,9.0,1,27.0,31.5,23.8,86,9.0
2024-02-19,3.9,11.0,1,27.5,31.6,24.1,86,9.8
2024-02-20,9.7,12.0,1,27.8,32.2,24.5,86,13.3
2024-02-21,15.6,12.0,1,27.1,33.2,24.3,87,10.4
2024-02-22,2.9,5.0,1,28.0,32.9,24.6,83,16.3
2024-02-23,23.3,14.0,1,27.1,30.9,24.8,88,16.0
2024-02-24,21.6,14.0,1,26.9,30.5,24.6,89,12.2
2024-02-25,19.6,16.0,1,26.2,29.6,24.9,90,14.2
2024-02-26,11.2,7.0,1,26.8,31.8,24.5,87,16.2
2024-02-27,8.5,15.0,1,27.3,31.3,24.6,87,5.4
2024-02-28,7.8,14.0,1,26.9,30.5,24.7,88,11.8
2024-02-29,9.6,7.0,1,27.4,31.9,24.6,88,7.9
2024-03-01,11.7,13.0,1,27.2,32.1,24.9,88,13.7
2024-03-02,7.7,11.0,1,27.2,31.0,24.1,88,12.5
2024-03-03,12.3,13.0,1,27.3,32.3,24.9,87,14.4
2024-03-04,15.2,10.0,1,27.1,31.6,24.4,89,6.9
2024-03-05,26.8,20.0,1,27.4,31.5,25.0,87,10.2
2024-03-06,7.1,12.0,1,27.3,32.0,24.2,87,14.8
2024-03-07,24.5,19.0,1,26.9,31.5,24.4,90,10.4
2024-03-08,24.0,16.0,1,27.0,31.7,24.9,90,12.8
2024-03-09,18.4,17.0,1,26.1,28.8,24.6,91,18.7
2024-03-10,0.2,2.0,1,26.6,29.5,24.3,84,16.3
2024-03-11,7.6,13.0,1,26.7,31.2,24.6,89,16.6
2024-03-12,21.1,17.0,1,26.4,29.1,24.0,88,19.5
2024-03-13,23.0,14.0,1,26.2,29.1,24.9,88,20.5
2024-03-14,15.2,21.0,1,26.0,29.1,24.4,90,18.1
2024-03-15,28.5,19.0,1,26.2,30.7,24.3,89,21.2
2024-03-16,2.6,9.0,1,26.7,30.8,24.4,86,21.1
2024-03-17,4.0,9.0,1,26.5,30.7,23.9,86,17.5
2024-03-18,0.8,5.0,1,27.4,31.1,24.5,81,18.2
2024-03-19,0.4,2.0,1,28.0,33.1,24.1,79,14.4
2024-03-20,1.6,6.0,1,27.1,32.1,22.9,81,14.3
2024-03-21,7.9,11.0,1,26.9,32.3,23.7,85,11.8
2024-03-22,1.4,3.0,1,27.5,32.2,23.6,83,9.7
2024-03-23,0.9,5.0,1,28.3,32.4,24.5,81,11.0
2024-03-24,0.9,5.0,1,28.1,32.5,24.5,83,9.8
2024-03-25,0.8,4.0,1,28.0,32.7,24.7,81,20.4
2024-03-26,0.1,1.0,1,28.5,32.4,24.3,77,13.0
2024-03-27,3.5,2.0,1,28.3,33.6,24.4,78,9.4
2024-03-28,18.9,11.0,1,27.0,32.2,24.5,86,13.3
2024-03-29,2.5,6.0,1,27.8,31.7,23.9,82,14.0
2024-03-30,1.2,6.0,1,29.0,32.8,25.2,77,14.6
2024-03-31,2.1,7.0,1,29.0,33.7,25.1,78,8.7
2024-04-01,10.7,10.0,1,27.9,33.0,25.3,84,13.3
2024-04-02,4.5,9.0,1,27.8,31.8,24.8,85,12.7
2024-04-03,0.8,4.0,1,28.9,33.1,24.8,81,8.5
2024-04-04,8.6,13.0,1,28.1,33.4,24.9,82,10.0
2024-04-05,7.4,16.0,1,27.5,32.6,24.3,85,9.4
2024-04-06,0.4,2.0,1,28.6,34.3,24.4,79,10.6
2024-04-07,3.5,11.0,1,28.1,32.5,25.2,84,8.6
2024-04-08,11.3,12.0,1,27.9,32.6,24.7,84,9.8
2024-04-09,23.5,16.0,1,26.4,30.7,24.4,90,10.9
2024-04-10,18.7,13.0,1,27.0,31.5,24.1,87,9.8
2024-04-11,24.5,22.0,1,26.4,30.2,24.3,90,9.7
2024-04-12,4.3,9.0,1,27.4,31.7,24.5,86,13.0
2024-04-13,2.7,12.0,1,27.6,32.0,25.1,85,14.9
2024-04-14,1.1,7.0,1,27.9,31.7,25.2,85,15.0
2024-04-15,3.0,12.0,1,27.8,32.1,24.8,84,11.6
2024-04-16,0.0,0.0,0,28.8,32.4,25.2,79,14.7
2024-04-17,18.8,17.0,1,27.7,30.7,25.3,85,14.5
2024-04-18,3.5,10.0,1,27.3,31.0,24.9,86,10.5
2024-04-19,3.1,7.0,1,27.6,31.9,24.3,85,13.3
2024-04-20,1.2,4.0,1,28.5,32.7,24.6,82,14.9
2024-04-21,12.5,15.0,1,27.7,32.2,25.7,87,11.3
2024-04-22,1.6,8.0,1,28.0,31.5,24.6,83,19.1
2024-04-23,25.2,21.0,1,27.2,30.1,25.0,88,11.1
2024-04-24,26.7,17.0,1,26.4,29.3,24.8,91,13.1
2024-04-25,7.6,13.0,1,26.5,28.8,25.2,90,11.0
2024-04-26,1.9,10.0,1,28.0,30.8,25.8,85,15.7
2024-04-27,1.3,4.0,1,29.0,31.8,26.1,80,15.9
2024-04-28,1.0,3.0,1,28.8,32.6,25.2,82,14.2
2024-04-29,0.2,2.0,1,28.9,32.2,25.2,78,13.2
2024-04-30,0.0,0.0,0,29.0,32.5,25.3,75,17.6
2024-05-01,0.0,0.0,0,28.8,32.1,24.9,78,14.9
2024-05-02,0.3,2.0,1,28.9,33.0,24.9,79,14.1
2024-05-03,0.0,0.0,0,28.7,33.0,24.3,77,14.8
2024-05-04,1.4,6.0,1,28.2,32.5,25.2,79,10.4
2024-05-05,0.0,0.0,0,28.0,32.6,23.5,71,8.8
2024-05-06,0.0,0.0,0,27.8,32.9,22.9,70,14.8
2024-05-07,0.0,0.0,0,28.5,33.1,23.6,72,12.7
2024-05-08,0.1,1.0,1,28.8,33.1,24.9,74,11.9
2024-05-09,0.0,0.0,0,28.9,33.1,24.6,75,15.2
2024-05-10,0.0,0.0,0,29.1,32.6,24.6,74,17.7
2024-05-11,2.3,3.0,1,29.6,32.8,26.7,73,17.1
2024-05-12,0.0,0.0,0,29.4,33.4,25.0,71,18.8
2024-05-13,0.0,0.0,0,28.9,33.5,23.7,72,14.5
2024-05-14,0.9,1.0,1,28.8,33.0,24.6,75,14.1
2024-05-15,0.0,0.0,0,28.8,33.1,23.8,71,14.3
2024-05-16,0.0,0.0,0,28.9,33.5,23.7,70,13.4
2024-05-17,0.0,0.0,0,28.8,32.7,24.2,74,18.8
2024-05-18,0.2,1.0,1,28.8,32.9,24.0,73,16.1
2024-05-19,0.0,0.0,0,28.9,33.0,24.5,68,17.9
2024-05-20,0.0,0.0,0,28.9,33.2,23.7,68,17.6
2024-05-21,0.0,0.0,0,28.8,33.0,23.8,69,15.2
2024-05-22,0.1,1.0,1,29.1,33.4,24.3,70,13.5
2024-05-23,0.0,0.0,0,29.5,33.7,24.7,68,13.8
2024-05-24,1.6,6.0,1,29.2,33.5,25.4,74,12.6
2024-05-25,0.0,0.0,0,29.2,34.2,25.2,75,15.1
2024-05-26,0.0,0.0,0,29.3,34.0,24.6,72,14.8
2024-05-27,0.0,0.0,0,29.1,33.4,24.7,72,14.9
2024-05-28,0.5,4.0,1,29.1,32.8,25.1,74,14.8
2024-05-29,2.2,6.0,1,29.1,32.8,26.4,75,12.8
2024-05-30,0.1,1.0,1,29.3,33.8,24.7,72,18.0
2024-05-31,0.0,0.0,0,29.7,33.6,25.0,70,15.5
2024-06-01,0.0,0.0,0,30.1,34.4,25.2,69,14.8
2024-06-02,4.4,7.0,1,28.4,34.3,25.0,79,10.0
2024-06-03,3.2,8.0,1,28.9,34.6,24.8,77,10.3
2024-06-04,0.0,0.0,0,28.9,34.1,24.6,72,13.8
2024-06-05,0.0,0.0,0,29.1,34.0,23.9,70,14.8
2024-06-06,0.0,0.0,0,28.6,33.5,23.3,70,14.4
2024-06-07,2.1,7.0,1,28.3,32.7,23.6,73,14.1
2024-06-08,0.5,5.0,1,28.7,32.4,24.8,72,13.0
2024-06-09,4.0,10.0,1,28.4,31.9,24.7,77,13.7
2024-06-10,0.1,1.0,1,28.9,33.0,24.8,74,15.9
2024-06-11,0.4,4.0,1,29.2,33.0,26.3,71,17.8
2024-06-12,4.3,12.0,1,28.2,33.7,24.6,78,12.3
2024-06-13,3.7,5.0,1,27.4,31.6,24.2,81,10.9
2024-06-14,4.0,8.0,1,27.9,32.0,25.1,78,10.0
2024-06-15,4.2,4.0,1,27.4,31.7,24.8,81,11.4
2024-06-16,0.1,1.0,1,27.7,32.3,23.2,77,15.3
2024-06-17,0.9,3.0,1,28.5,32.2,23.6,73,17.8
2024-06-18,0.0,0.0,0,28.6,31.6,25.4,65,25.2
2024-06-19,0.0,0.0,0,27.7,32.2,21.8,67,18.7
2024-06-20,0.1,1.0,1,27.4,32.0,22.2,65,17.8
2024-06-21,0.0,0.0,0,27.4,31.9,21.9,67,17.0
2024-06-22,0.0,0.0,0,27.8,32.9,21.8,66,16.0
2024-06-23,0.0,0.0,0,28.1,32.6,23.0,68,20.3
2024-06-24,1.0,6.0,1,28.0,32.3,24.3,72,14.9
2024-06-25,0.0,0.0,0,28.4,32.5,23.8,70,14.8
2024-06-26,0.0,0.0,0,28.7,32.7,24.2,70,16.2
2024-06-27,2.7,7.0,1,28.7,32.3,26.2,73,12.3
2024-06-28,1.8,7.0,1,28.2,32.6,24.3,76,12.9
2024-06-29,0.5,5.0,1,28.8,32.9,24.4,71,15.3
2024-06-30,0.0,0.0,0,28.9,34.2,23.9,70,14.8
2024-07-01,0.0,0.0,0,29.0,33.6,24.6,66,16.7
2024-07-02,1.6,7.0,1,27.9,33.0,23.7,75,11.6
2024-07-03,0.4,3.0,1,27.7,31.7,24.0,78,17.4
2024-07-04,2.4,9.0,1,27.8,31.7,24.3,76,17.5
2024-07-05,0.1,1.0,1,27.7,31.9,23.2,71,16.4
2024-07-06,0.1,1.0,1,28.0,31.8,23.6,69,17.4
2024-07-07,1.1,2.0,1,27.7,32.7,23.8,75,10.9
2024-07-08,0.0,0.0,0,28.1,32.5,23.9,69,16.0
2024-07-09,0.0,0.0,0,28.0,32.8,22.9,68,15.1
2024-07-10,0.0,0.0,0,28.3,33.4,22.7,67,17.3
2024-07-11,0.0,0.0,0,28.0,33.6,22.6,65,24.1
2024-07-12,0.0,0.0,0,27.4,32.4,21.9,62,16.7
2024-07-13,0.0,0.0,0,27.0,32.3,21.7,65,18.5
2024-07-14,0.0,0.0,0,26.5,31.5,19.9,61,19.9
2024-07-15,0.0,0.0,0,26.8,32.3,20.8,61,16.5
2024-07-16,0.0,0.0,0,27.3,32.8,21.6,63,17.3
2024-07-17,0.0,0.0,0,27.2,31.4,21.4,65,22.0
2024-07-18,0.0,0.0,0,27.7,32.0,22.6,66,17.3
2024-07-19,0.0,0.0,0,27.8,32.8,22.4,66,20.2
2024-07-20,0.0,0.0,0,27.5,32.1,22.3,67,17.6
2024-07-21,0.0,0.0,0,27.8,32.2,22.6,63,17.0
2024-07-22,0.0,0.0,0,27.6,32.6,22.0,63,16.1
2024-07-23,0.0,0.0,0,27.9,33.5,22.6,66,15.9
2024-07-24,0.0,0.0,0,28.2,33.7,23.0,67,13.7
2024-07-25,0.0,0.0,0,28.0,33.3,22.5,64,15.9
2024-07-26,0.0,0.0,0,28.1,33.4,22.5,64,17.5
2024-07-27,0.0,0.0,0,28.3,33.4,22.7,65,14.7
2024-07-28,0.0,0.0,0,28.1,34.2,22.5,67,18.6
2024-07-29,0.0,0.0,0,27.8,33.5,21.3,67,16.2
2024-07-30,0.0,0.0,0,28.2,33.2,22.9,68,19.4
2024-07-31,0.1,1.0,1,28.4,33.1,23.9,70,18.2
2024-08-01,0.4,3.0,1,28.4,32.2,25.0,72,20.8
2024-08-02,2.9,10.0,1,27.9,32.1,24.5,75,18.6
2024-08-03,0.0,0.0,0,28.4,33.1,23.5,69,16.9
2024-08-04,0.2,2.0,1,28.4,33.4,23.5,66,18.7
2024-08-05,0.0,0.0,0,27.9,33.6,22.0,63,17.5
2024-08-06,0.0,0.0,0,28.2,33.7,22.2,64,16.7
2024-08-07,0.0,0.0,0,28.1,33.3,23.1,67,17.7
2024-08-08,0.0,0.0,0,28.7,33.3,24.0,66,20.9
2024-08-09,0.0,0.0,0,28.6,33.4,24.0,66,18.4
2024-08-10,0.0,0.0,0,28.5,33.0,23.6,64,19.2
2024-08-11,0.0,0.0,0,27.7,32.6,22.1,59,20.4
2024-08-12,0.0,0.0,0,26.9,32.3,20.4,57,16.5
2024-08-13,0.0,0.0,0,27.7,33.7,21.6,62,21.5
2024-08-14,0.0,0.0,0,27.6,32.8,21.5,66,20.9
2024-08-15,0.0,0.0,0,27.5,32.7,22.2,65,22.7
2024-08-16,0.0,0.0,0,27.4,32.6,21.3,64,17.8
2024-08-17,0.0,0.0,0,27.7,32.8,22.0,63,16.6
2024-08-18,0.0,0.0,0,27.9,33.4,22.4,65,17.9
2024-08-19,0.0,0.0,0,27.5,33.7,21.2,65,18.4
2024-08-20,0.0,0.0,0,27.6,33.0,21.6,64,14.8
2024-08-21,0.0,0.0,0,28.0,33.5,22.2,64,17.2
2024-08-22,0.0,0.0,0,28.4,35.1,22.2,66,16.3
2024-08-23,0.0,0.0,0,28.5,34.0,23.0,61,16.6
2024-08-24,0.0,0.0,0,28.4,34.5,22.4,63,17.7
2024-08-25,0.0,0.0,0,28.4,34.6,22.9,63,20.2
2024-08-26,0.0,0.0,0,29.1,35.2,23.4,62,21.7
2024-08-27,0.0,0.0,0,28.7,35.5,22.4,56,20.2
2024-08-28,0.0,0.0,0,28.2,34.3,22.2,61,17.3
2024-08-29,0.0,0.0,0,28.5,33.8,22.6,64,20.6
2024-08-30,0.0,0.0,0,28.3,33.8,22.2,60,15.8
2024-08-31,0.0,0.0,0,28.7,34.8,23.3,62,19.2
2024-09-01,0.0,0.0,0,29.3,34.9,23.9,62,18.3
2024-09-02,0.0,0.0,0,28.9,33.7,24.3,64,17.7
2024-09-03,0.0,0.0,0,29.0,34.6,23.4,61,23.6
2024-09-04,0.0,0.0,0,29.0,34.0,23.7,63,20.7
2024-09-05,0.0,0.0,0,29.6,35.5,23.9,63,18.0
2024-09-06,0.0,0.0,0,29.1,33.9,23.9,62,20.9
2024-09-07,0.0,0.0,0,29.0,34.2,23.4,63,21.9
2024-09-08,0.0,0.0,0,29.3,33.8,24.9,63,22.6
2024-09-09,0.0,0.0,0,29.6,35.4,23.8,62,19.7
2024-09-10,2.2,13.0,1,28.8,34.0,24.9,70,16.1
2024-09-11,0.0,0.0,0,29.4,35.5,24.2,67,18.8
2024-09-12,0.0,0.0,0,29.0,34.1,23.2,63,18.5
2024-09-13,0.0,0.0,0,29.0,35.0,22.6,60,22.9
2024-09-14,0.0,0.0,0,29.1,34.3,22.9,58,17.0
2024-09-15,0.0,0.0,0,29.1,34.4,23.0,58,16.0
2024-09-16,0.2,2.0,1,29.1,35.1,23.6,58,18.8
2024-09-17,0.0,0.0,0,29.2,35.2,22.6,52,19.2
2024-09-18,0.0,0.0,0,29.0,35.1,22.7,52,19.8
2024-09-19,0.0,0.0,0,29.4,36.8,22.0,58,14.4
2024-09-20,0.0,0.0,0,29.3,34.3,25.1,64,17.1
2024-09-21,0.0,0.0,0,29.6,34.4,25.6,66,16.3
2024-09-22,1.7,7.0,1,29.5,34.8,25.9,73,18.7
2024-09-23,6.3,8.0,1,28.4,34.2,25.3,76,14.5
2024-09-24,6.2,7.0,1,29.1,34.1,25.6,71,15.1
2024-09-25,0.1,1.0,1,28.6,34.7,24.8,74,12.0
2024-09-26,6.5,7.0,1,28.4,35.0,24.7,76,11.4
2024-09-27,0.3,3.0,1,29.3,35.2,23.9,71,14.2
2024-09-28,0.0,0.0,0,30.1,34.5,25.6,65,22.7
2024-09-29,0.0,0.0,0,30.3,36.1,24.6,61,20.7
2024-09-30,0.0,0.0,0,30.2,36.4,24.0,63,18.9
2024-10-01,0.0,0.0,0,30.4,36.3,24.8,60,26.0
2024-10-02,0.0,0.0,0,30.1,36.0,24.1,61,19.8
2024-10-03,0.0,0.0,0,30.0,35.0,25.1,59,22.4
2024-10-04,0.4,2.0,1,30.2,35.4,24.8,62,18.0
2024-10-05,0.3,1.0,1,30.3,36.2,24.8,64,17.8
2024-10-06,0.0,0.0,0,30.0,35.9,24.7,64,18.5
2024-10-07,0.0,0.0,0,29.7,35.5,23.6,65,21.2
2024-10-08,0.0,0.0,0,30.1,35.3,24.5,62,19.8
2024-10-09,0.0,0.0,0,30.5,35.5,25.6,58,19.1
2024-10-10,0.0,0.0,0,30.4,36.2,24.4,59,24.2
2024-10-11,0.0,0.0,0,30.2,35.3,24.9,62,26.9
2024-10-12,0.0,0.0,0,30.7,35.9,25.8,60,24.5
2024-10-13,0.5,3.0,1,31.1,36.5,25.9,63,15.3
2024-10-14,0.1,1.0,1,30.9,37.0,25.1,60,19.2
2024-10-15,0.0,0.0,0,30.9,37.0,25.6,56,19.9
2024-10-16,0.0,0.0,0,30.1,36.3,23.8,50,18.3
2024-10-17,0.0,0.0,0,30.2,36.5,24.4,51,15.8
2024-10-18,0.5,3.0,1,30.2,35.2,24.8,56,19.4
2024-10-19,0.5,2.0,1,29.8,35.9,24.9,64,12.6
2024-10-20,21.4,14.0,1,27.7,33.5,24.1,78,11.8
2024-10-21,6.3,4.0,1,28.5,34.5,24.8,74,11.8
2024-10-22,1.0,4.0,1,28.9,34.5,24.3,72,8.4
2024-10-23,1.2,8.0,1,29.1,34.6,23.7,73,12.3
2024-10-24,4.5,8.0,1,28.4,33.4,24.7,76,12.4
2024-10-25,0.0,0.0,0,29.3,35.7,23.2,69,10.3
2024-10-26,0.0,0.0,0,29.9,35.2,25.0,64,16.7
2024-10-27,0.0,0.0,0,30.2,36.8,24.0,64,16.5
2024-10-28,0.0,0.0,0,30.5,36.7,24.7,64,14.5
2024-10-29,0.0,0.0,0,30.6,36.3,25.2,62,20.1
2024-10-30,0.0,0.0,0,30.6,35.9,25.0,63,20.3
2024-10-31,0.9,4.0,1,30.3,35.9,25.8,68,13.9
2024-11-01,11.8,12.0,1,27.3,29.9,24.6,82,13.8
2024-11-02,17.2,13.0,1,28.0,31.9,24.4,80,13.6
2024-11-03,11.9,9.0,1,27.3,31.5,24.4,84,12.7
2024-11-04,9.7,8.0,1,27.7,31.4,25.0,82,10.0
2024-11-05,0.9,4.0,1,28.7,32.6,25.0,75,14.0
2024-11-06,0.0,0.0,0,28.6,33.3,24.1,72,14.3
2024-11-07,0.0,0.0,0,28.7,33.6,22.8,71,10.7
2024-11-08,3.7,8.0,1,28.7,33.2,25.1,76,12.7
2024-11-09,2.5,9.0,1,28.5,33.9,25.2,79,12.9
2024-11-10,6.7,10.0,1,28.2,33.2,24.7,80,13.8
2024-11-11,18.1,14.0,1,27.5,33.0,24.6,84,15.3
2024-11-12,1.1,2.0,1,28.4,32.9,23.6,77,14.1
2024-11-13,0.4,2.0,1,29.9,34.4,25.4,71,14.5
2024-11-14,3.6,2.0,1,30.7,35.5,26.2,65,12.8
2024-11-15,4.8,5.0,1,30.2,35.9,26.4,70,11.2
2024-11-16,4.4,12.0,1,29.1,33.2,26.1,77,11.2
2024-11-17,23.5,13.0,1,28.7,33.8,25.0,78,9.7
2024-11-18,9.1,9.0,1,27.8,33.0,24.0,83,9.9
2024-11-19,10.1,16.0,1,27.5,31.7,24.7,85,10.4
2024-11-20,5.1,9.0,1,27.6,32.3,24.6,84,11.3
2024-11-21,9.7,10.0,1,28.0,33.4,24.8,84,13.1
2024-11-22,14.2,10.0,1,27.9,31.6,24.7,84,10.1
2024-11-23,3.7,6.0,1,28.9,34.6,25.2,76,10.2
2024-11-24,17.1,16.0,1,27.4,31.4,25.4,84,14.7
2024-11-25,3.1,8.0,1,28.2,33.7,25.0,80,10.7
2024-11-26,9.7,10.0,1,28.1,33.2,24.4,82,8.7
2024-11-27,35.2,17.0,1,27.8,32.5,24.8,86,7.0
2024-11-28,28.1,15.0,1,27.2,33.2,24.7,86,12.4
2024-11-29,11.1,4.0,1,27.6,31.7,24.6,84,6.9
2024-11-30,31.1,7.0,1,27.2,32.1,25.4,86,7.5
2024-12-01,16.6,9.0,1,27.1,31.5,25.0,87,6.7
2024-12-02,11.1,16.0,1,27.0,31.0,24.9,87,8.7
2024-12-03,9.3,7.0,1,27.7,33.1,24.2,81,10.7
2024-12-04,7.6,4.0,1,27.2,31.3,24.7,86,7.9
2024-12-05,10.4,13.0,1,27.4,32.5,24.6,84,10.8
2024-12-06,20.7,20.0,1,25.3,27.6,24.3,93,12.5
2024-12-07,4.6,6.0,1,26.9,31.9,23.8,85,14.0
2024-12-08,15.3,9.0,1,27.1,31.3,24.9,86,15.3
2024-12-09,12.0,15.0,1,27.1,31.1,25.5,84,14.4
2024-12-10,32.3,18.0,1,27.0,31.7,24.8,87,20.1
2024-12-11,18.2,14.0,1,26.7,31.2,24.5,87,10.8
2024-12-12,14.1,12.0,1,26.6,31.0,24.2,87,7.7
2024-12-13,8.3,9.0,1,27.0,31.6,24.3,84,7.1
2024-12-14,41.0,24.0,1,25.8,29.2,23.9,91,10.5
2024-12-15,39.0,15.0,1,26.5,31.0,24.6,89,12.2
2024-12-16,15.7,24.0,1,26.2,27.9,24.4,91,9.8
2024-12-17,17.1,21.0,1,26.7,30.9,24.6,88,10.1
2024-12-18,10.0,9.0,1,26.9,30.9,24.1,88,9.6
2024-12-19,5.3,8.0,1,27.9,32.4,24.2,79,15.4
2024-12-20,7.8,7.0,1,27.8,31.4,25.5,82,14.7
2024-12-21,11.0,11.0,1,27.3,31.4,25.4,84,14.5
2024-12-22,28.6,12.0,1,26.5,31.2,24.8,89,8.6
2024-12-23,17.0,8.0,1,26.6,31.7,24.2,87,11.2
2024-12-24,24.8,11.0,1,26.5,31.9,24.1,86,9.4
2024-12-25,13.6,8.0,1,26.5,31.5,24.8,88,9.6
2024-12-26,31.2,16.0,1,26.7,31.7,24.4,88,7.7
2024-12-27,6.8,8.0,1,27.8,31.1,25.5,83,13.7
2024-12-28,9.7,8.0,1,27.3,30.5,24.9,85,13.1
2024-12-29,3.6,13.0,1,26.6,28.8,25.0,86,12.4
2024-12-30,11.2,7.0,1,26.9,32.0,24.4,83,14.1
2024-12-31,21.4,10.0,1,26.8,30.9,24.6,87,12.4
2025-01-01,41.8,24.0,1,25.5,28.6,24.1,92,9.1
2025-01-02,14.8,15.0,1,25.8,29.9,24.0,91,10.1
2025-01-03,1.6,7.0,1,27.0,31.9,23.5,84,10.6
2025-01-04,11.8,10.0,1,26.6,31.3,24.0,86,7.2
2025-01-05,10.1,11.0,1,26.0,30.4,23.8,89,7.1
2025-01-06,15.8,12.0,1,26.1,30.9,23.7,88,11.1
2025-01-07,10.6,12.0,1,26.5,30.3,24.1,87,9.6
2025-01-08,10.7,12.0,1,26.6,29.5,24.2,86,16.6
2025-01-09,4.7,5.0,1,27.4,31.3,24.1,82,13.8
2025-01-10,12.8,9.0,1,27.2,31.7,24.8,85,7.1
2025-01-11,16.6,11.0,1,26.9,31.6,24.3,86,11.4
2025-01-12,33.3,14.0,1,26.2,30.9,24.4,90,7.9
2025-01-13,17.8,12.0,1,26.4,30.9,24.5,89,10.4
2025-01-14,14.3,19.0,1,26.4,30.7,23.9,87,13.9
2025-01-15,10.3,12.0,1,26.6,30.4,23.5,86,8.8
2025-01-16,14.2,12.0,1,26.6,30.8,23.7,86,12.4
2025-01-17,8.8,8.0,1,26.9,31.3,24.8,85,14.5
2025-01-18,5.6,8.0,1,26.7,30.5,24.7,87,16.3
2025-01-19,8.5,8.0,1,27.1,31.6,24.8,84,13.3
2025-01-20,14.4,18.0,1,26.2,30.4,24.8,90,14.1
2025-01-21,18.6,23.0,1,26.1,30.5,24.1,90,12.7
2025-01-22,12.6,13.0,1,26.1,30.2,23.8,89,9.4
2025-01-23,11.1,12.0,1,25.8,29.1,24.3,91,9.9
2025-01-24,10.2,5.0,1,26.5,31.2,23.4,86,7.3
2025-01-25,14.8,11.0,1,27.1,31.8,24.3,85,7.9
2025-01-26,28.3,15.0,1,26.3,31.7,24.1,90,10.3
2025-01-27,14.7,16.0,1,25.9,28.9,24.0,90,12.5
2025-01-28,5.0,8.0,1,26.3,30.3,23.9,86,11.2
2025-01-29,9.8,13.0,1,25.9,29.6,24.2,87,16.6
2025-01-30,10.7,18.0,1,25.2,27.6,24.0,89,20.2
2025-01-31,2.3,9.0,1,25.9,28.8,23.9,87,15.0
2025-02-01,2.3,12.0,1,26.9,29.6,24.4,83,17.7
2025-02-02,4.6,13.0,1,26.3,30.2,24.0,86,17.3
2025-02-03,4.9,10.0,1,26.8,30.6,24.2,85,21.7
2025-02-04,10.4,14.0,1,26.8,30.6,25.0,84,20.4
2025-02-05,10.6,15.0,1,26.5,30.8,23.2,85,19.6
2025-02-06,9.8,13.0,1,26.5,29.9,24.1,85,20.3
2025-02-07,6.0,12.0,1,26.6,30.8,24.5,86,14.8
2025-02-08,9.3,4.0,1,27.0,30.6,24.5,83,15.8
2025-02-09,14.8,4.0,1,26.9,30.6,24.8,84,18.4
2025-02-10,14.0,7.0,1,26.6,30.4,24.7,84,17.4
2025-02-11,13.0,5.0,1,27.4,31.2,24.8,82,17.9
2025-02-12,0.1,1.0,1,28.3,32.7,25.0,75,15.0
2025-02-13,7.5,8.0,1,27.2,32.5,24.9,82,12.7
2025-02-14,14.9,11.0,1,26.9,31.4,24.3,85,15.3
2025-02-15,7.0,8.0,1,26.9,31.2,23.9,85,12.2
2025-02-16,6.0,6.0,1,27.3,32.4,23.9,84,12.1
2025-02-17,13.9,13.0,1,26.0,31.0,22.9,88,13.3
2025-02-18,18.4,13.0,1,26.2,30.9,23.6,87,6.9
2025-02-19,13.7,5.0,1,26.7,31.5,23.4,84,13.0
2025-02-20,14.8,9.0,1,26.6,30.8,23.9,85,12.1
2025-02-21,3.6,10.0,1,26.8,31.5,24.8,85,14.8
2025-02-22,15.9,11.0,1,26.3,30.6,24.0,87,13.8
2025-02-23,38.7,20.0,1,25.5,28.3,23.5,90,8.4
2025-02-24,35.3,22.0,1,25.1,30.3,23.5,92,16.6
2025-02-25,13.7,9.0,1,26.1,30.5,23.3,87,7.4
2025-02-26,28.7,14.0,1,25.9,29.7,23.0,89,10.9
2025-02-27,4.5,8.0,1,26.9,31.4,24.0,86,8.8
2025-02-28,18.3,12.0,1,26.9,32.0,24.2,86,12.7
2025-03-01,0.1,1.0,1,27.4,32.3,23.3,82,8.6
2025-03-02,0.6,3.0,1,28.2,32.6,24.5,80,12.3
2025-03-03,0.0,0.0,0,28.4,32.5,24.7,80,9.0
2025-03-04,1.2,6.0,1,27.8,32.1,25.0,82,14.5
2025-03-05,0.4,4.0,1,28.9,32.6,25.8,78,10.3
2025-03-06,12.1,16.0,1,27.9,33.3,25.1,82,8.3
2025-03-07,10.8,13.0,1,26.6,31.8,24.2,85,10.3
2025-03-08,16.5,11.0,1,26.6,32.0,24.3,87,11.5
2025-03-09,15.6,19.0,1,26.8,29.9,24.4,87,12.7
2025-03-10,28.3,14.0,1,26.0,29.7,24.2,90,11.6
2025-03-11,6.1,5.0,1,27.6,31.6,24.5,85,10.2
2025-03-12,8.0,6.0,1,27.6,32.5,24.9,82,14.5
2025-03-13,12.7,9.0,1,27.0,30.9,24.1,86,9.6
2025-03-14,9.4,9.0,1,26.7,31.1,24.4,88,7.0
2025-03-15,7.1,10.0,1,26.2,30.1,24.1,89,15.1
2025-03-16,18.7,14.0,1,25.9,31.1,23.9,89,14.1
2025-03-17,14.8,19.0,1,26.0,30.0,24.0,89,15.7
2025-03-18,7.9,15.0,1,26.8,31.1,24.6,86,16.2
2025-03-19,18.3,13.0,1,27.0,31.4,23.5,84,8.5
2025-03-20,1.6,2.0,1,27.5,32.5,24.2,81,14.5
2025-03-21,2.9,4.0,1,27.9,32.2,25.1,80,16.2
2025-03-22,17.1,10.0,1,26.7,30.4,25.0,85,14.5
2025-03-23,0.3,3.0,1,27.2,31.4,24.2,81,15.1
2025-03-24,6.9,9.0,1,27.1,30.2,25.1,84,18.8
2025-03-25,11.3,7.0,1,27.6,31.2,25.1,83,17.2
2025-03-26,18.4,11.0,1,27.7,32.3,24.9,82,15.8
2025-03-27,10.5,7.0,1,27.1,31.4,24.8,86,12.6
2025-03-28,24.4,15.0,1,26.9,31.1,24.4,86,11.3
2025-03-29,25.8,18.0,1,26.6,31.0,24.3,87,12.2
2025-03-30,2.3,3.0,1,26.8,31.6,23.9,86,9.8
2025-03-31,3.6,13.0,1,27.3,32.1,24.5,84,8.5
2025-04-01,18.8,13.0,1,26.2,31.3,24.1,88,16.1
2025-04-02,14.7,15.0,1,26.3,31.3,23.4,87,8.3
2025-04-03,13.8,12.0,1,26.2,31.9,23.1,88,12.1
2025-04-04,1.0,4.0,1,26.9,31.2,23.1,82,7.2
2025-04-05,3.5,7.0,1,26.4,29.9,23.7,87,7.2
2025-04-06,0.0,0.0,0,27.6,31.2,23.9,78,8.5
2025-04-07,0.1,1.0,1,28.0,31.7,24.3,76,7.8
2025-04-08,2.7,8.0,1,27.8,32.3,23.8,80,7.0
2025-04-09,2.0,4.0,1,28.0,32.4,24.3,81,10.2
2025-04-10,9.0,13.0,1,27.5,30.5,25.3,86,9.9
2025-04-11,4.8,7.0,1,27.4,31.8,25.0,84,8.3
2025-04-12,0.8,7.0,1,27.4,31.5,25.2,84,13.9
2025-04-13,3.5,8.0,1,27.2,32.0,24.0,85,13.4
2025-04-14,10.0,10.0,1,27.0,31.0,24.5,85,10.0
2025-04-15,0.9,7.0,1,27.3,31.4,23.9,84,10.6
2025-04-16,12.4,8.0,1,27.4,32.1,24.4,85,10.5
2025-04-17,7.8,8.0,1,26.5,29.9,25.1,88,10.0
2025-04-18,15.7,10.0,1,26.2,29.1,24.4,89,15.1
2025-04-19,1.4,10.0,1,27.5,31.9,24.7,85,6.5
2025-04-20,16.6,12.0,1,26.8,31.8,23.8,87,10.3
2025-04-21,6.2,14.0,1,27.1,31.1,24.1,87,10.2
2025-04-22,3.4,7.0,1,26.6,31.5,23.6,86,11.0
2025-04-23,0.3,3.0,1,27.4,31.8,23.6,81,5.6
2025-04-24,0.1,1.0,1,28.2,32.3,24.7,78,6.3
2025-04-25,1.2,8.0,1,27.8,32.0,24.0,81,8.2
2025-04-26,2.4,12.0,1,27.4,31.5,23.5,81,6.8
2025-04-27,3.8,15.0,1,27.5,32.1,23.8,79,7.9
2025-04-28,0.2,2.0,1,28.1,32.9,23.5,73,6.6
2025-04-29,0.0,0.0,0,28.6,33.7,23.6,67,11.9
2025-04-30,0.2,2.0,1,28.9,34.3,23.7,65,8.1
2025-05-01,2.0,11.0,1,28.7,33.9,24.3,70,5.9
2025-05-02,9.7,10.0,1,27.0,28.8,25.7,87,10.3
2025-05-03,0.1,1.0,1,28.6,32.9,25.1,74,11.7
2025-05-04,4.0,8.0,1,28.3,31.7,26.2,78,14.8
2025-05-05,1.7,5.0,1,29.4,34.2,25.2,73,9.7
2025-05-06,0.4,3.0,1,28.7,34.2,25.3,77,6.4
2025-05-07,3.7,3.0,1,28.4,33.7,25.1,77,9.7
2025-05-08,5.7,5.0,1,27.8,31.6,25.7,83,9.2
2025-05-09,20.7,14.0,1,26.9,30.2,24.6,87,9.9
2025-05-10,12.9,11.0,1,27.0,30.3,24.2,86,9.3
2025-05-11,35.1,19.0,1,26.3,31.8,23.8,88,8.6
2025-05-12,14.1,14.0,1,26.3,31.2,24.5,89,10.6
2025-05-13,12.8,13.0,1,26.2,28.2,24.7,89,9.3
2025-05-14,9.6,10.0,1,26.8,29.5,25.0,87,10.6
2025-05-15,13.5,10.0,1,26.8,29.5,24.2,87,11.6
2025-05-16,8.8,13.0,1,26.7,29.2,24.5,88,10.6
2025-05-17,14.3,20.0,1,26.4,29.8,24.1,88,9.4
2025-05-18,7.3,13.0,1,26.9,30.3,24.4,86,9.4
2025-05-19,12.1,18.0,1,26.6,30.4,24.5,87,9.5
2025-05-20,0.1,1.0,1,27.1,30.5,23.5,84,7.9
2025-05-21,0.4,3.0,1,27.7,31.2,24.7,83,10.1
2025-05-22,9.5,4.0,1,27.5,31.0,23.9,83,9.8
2025-05-23,17.9,17.0,1,25.6,28.5,23.9,91,9.7
2025-05-24,4.7,12.0,1,26.6,29.4,24.7,87,9.1
2025-05-25,2.1,6.0,1,27.5,30.6,25.3,84,8.7
2025-05-26,18.8,9.0,1,26.6,30.3,24.3,87,14.6
2025-05-27,0.4,4.0,1,27.2,29.8,24.8,85,10.0
2025-05-28,0.5,3.0,1,27.9,30.5,25.4,83,7.7
2025-05-29,0.6,6.0,1,28.3,31.7,25.1,82,6.7
2025-05-30,0.7,6.0,1,28.5,32.1,25.0,81,4.9
2025-05-31,9.2,11.0,1,27.6,32.1,24.2,83,10.8
2025-06-01,4.4,9.0,1,26.7,30.6,24.1,85,9.7
2025-06-02,1.9,10.0,1,27.5,30.9,24.6,83,7.7
2025-06-03,0.2,2.0,1,28.4,32.0,25.7,79,10.0
2025-06-04,0.2,2.0,1,28.4,31.9,25.4,77,7.6
2025-06-05,0.2,2.0,1,28.5,33.4,24.0,74,5.8
2025-06-06,0.0,0.0,0,29.1,33.9,24.0,65,9.7
2025-06-07,0.0,0.0,0,29.3,33.7,25.0,68,12.6
2025-06-08,5.6,11.0,1,28.1,33.1,24.8,76,8.6
2025-06-09,2.9,6.0,1,26.8,31.2,24.1,83,9.3
2025-06-10,0.5,2.0,1,28.0,32.1,24.2,78,7.0
2025-06-11,0.4,2.0,1,28.3,32.1,24.3,74,12.2
2025-06-12,0.0,0.0,0,28.7,32.9,23.7,68,14.8
2025-06-13,1.2,4.0,1,28.1,32.0,24.8,74,11.0
2025-06-14,10.5,7.0,1,27.2,31.1,24.7,83,15.7
2025-06-15,1.0,4.0,1,27.8,30.4,25.6,84,13.2
2025-06-16,5.3,12.0,1,27.3,30.2,23.8,84,12.5
2025-06-17,3.5,7.0,1,27.3,31.3,24.0,81,9.9
2025-06-18,0.3,2.0,1,27.7,32.0,23.3,74,9.1
2025-06-19,0.0,0.0,0,27.1,31.3,23.5,70,6.9
2025-06-20,0.4,3.0,1,25.8,27.8,23.8,82,5.1
2025-06-21,1.0,6.0,1,27.8,32.2,24.2,76,9.7
2025-06-22,2.0,10.0,1,27.4,30.7,24.1,78,11.9
2025-06-23,0.0,0.0,0,28.2,32.1,24.4,70,14.1
2025-06-24,0.0,0.0,0,27.6,32.3,23.0,74,9.1
2025-06-25,0.1,1.0,1,28.1,33.5,24.2,71,5.0
2025-06-26,1.2,4.0,1,28.2,32.4,24.9,74,13.7
2025-06-27,1.3,3.0,1,28.7,32.6,24.6,70,15.1
2025-06-28,9.9,8.0,1,27.6,32.9,23.7,74,12.5
2025-06-29,2.6,4.0,1,27.7,31.4,23.6,74,12.2
2025-06-30,0.7,3.0,1,27.6,30.4,23.8,74,14.8
2025-07-01,0.0,0.0,0,28.5,32.2,24.9,70,11.6
2025-07-02,0.1,1.0,1,28.8,33.1,23.9,68,11.9
2025-07-03,5.0,10.0,1,28.0,33.1,23.7,74,10.2
2025-07-04,0.6,3.0,1,28.0,34.0,23.9,74,6.8
2025-07-05,0.1,1.0,1,27.7,32.2,23.7,72,11.6
2025-07-06,1.7,8.0,1,26.9,30.8,24.4,79,8.4
2025-07-07,2.2,3.0,1,27.0,31.8,22.8,79,12.0
2025-07-08,0.0,0.0,0,27.3,31.0,23.3,75,13.4
2025-07-09,0.0,0.0,0,27.2,33.1,22.2,68,10.1
2025-07-10,0.0,0.0,0,26.7,32.5,21.2,64,10.3
2025-07-11,0.0,0.0,0,26.9,30.9,21.3,68,11.0
2025-07-12,0.8,3.0,1,27.0,31.1,23.2,71,16.1
2025-07-13,0.1,1.0,1,28.8,31.8,26.1,69,17.3
2025-07-14,0.4,2.0,1,28.0,33.5,23.7,73,10.4
2025-07-15,0.3,3.0,1,28.0,32.7,23.0,70,9.9
2025-07-16,0.0,0.0,0,28.5,33.3,24.6,70,9.0
2025-07-17,0.0,0.0,0,28.1,32.9,23.3,65,9.3
2025-07-18,0.0,0.0,0,27.9,33.3,22.5,65,10.9
2025-07-19,0.0,0.0,0,27.5,32.7,21.8,63,10.8
2025-07-20,0.0,0.0,0,27.3,31.5,22.1,60,11.7
2025-07-21,0.0,0.0,0,27.2,32.4,21.3,60,10.6
2025-07-22,0.0,0.0,0,27.2,32.1,21.0,63,11.9
2025-07-23,0.1,1.0,1,28.0,32.5,22.7,67,11.0
2025-07-24,0.0,0.0,0,28.8,33.1,23.7,65,12.3
2025-07-25,0.0,0.0,0,28.8,33.0,24.0,66,13.8
2025-07-26,0.9,3.0,1,29.3,33.9,24.1,66,10.1
2025-07-27,2.0,5.0,1,28.7,33.3,24.9,73,12.1
2025-07-28,0.5,1.0,1,28.6,33.2,24.2,73,11.7
2025-07-29,0.1,1.0,1,28.7,33.0,24.7,70,15.3
2025-07-30,0.0,0.0,0,28.6,32.9,24.4,68,12.1
2025-07-31,0.0,0.0,0,28.5,33.3,23.3,63,12.5
2025-08-01,0.0,0.0,0,28.6,33.0,23.0,64,13.4
2025-08-02,0.0,0.0,0,29.2,33.4,23.9,65,16.5
2025-08-03,0.2,2.0,1,29.7,33.6,25.7,64,14.4
2025-08-04,1.1,4.0,1,28.7,34.0,24.3,68,10.8
2025-08-05,1.9,10.0,1,28.1,33.6,23.9,72,7.7
2025-08-06,0.0,0.0,0,28.6,34.0,23.9,67,12.0
2025-08-07,0.1,1.0,1,28.4,32.7,24.3,66,11.3
2025-08-08,0.8,3.0,1,28.7,32.6,24.6,64,10.4
2025-08-09,0.0,0.0,0,29.0,33.6,23.5,62,10.1
2025-08-10,0.2,2.0,1,29.0,33.1,25.5,66,13.7
2025-08-11,0.0,0.0,0,29.1,34.1,23.9,66,14.2
2025-08-12,1.0,4.0,1,28.5,33.0,23.9,64,13.5
2025-08-13,0.7,3.0,1,28.1,31.7,23.5,65,15.8
2025-08-14,0.0,0.0,0,28.2,32.5,23.2,61,15.8
2025-08-15,0.0,0.0,0,27.9,33.0,22.1,58,15.1
2025-08-16,0.0,0.0,0,28.2,32.5,23.0,64,16.1
2025-08-17,0.0,0.0,0,28.8,32.8,23.9,62,15.5
2025-08-18,2.6,7.0,1,28.3,32.1,25.7,70,17.2
2025-08-19,19.9,12.0,1,26.1,30.5,23.2,86,12.3
2025-08-20,4.1,7.0,1,26.2,30.8,23.1,86,7.2
2025-08-21,0.5,5.0,1,26.6,30.5,23.0,82,8.2
2025-08-22,1.2,10.0,1,26.7,30.7,23.3,82,7.8
2025-08-23,0.3,3.0,1,27.2,30.4,24.0,79,11.8
2025-08-24,0.3,3.0,1,27.3,31.1,23.4,77,9.9
2025-08-25,0.0,0.0,0,27.9,32.5,23.3,68,9.9
2025-08-26,0.0,0.0,0,27.5,33.1,22.0,66,10.8
2025-08-27,0.0,0.0,0,28.3,34.2,22.9,66,8.0
2025-08-28,0.2,2.0,1,28.4,33.1,24.3,68,12.1
2025-08-29,0.0,0.0,0,28.3,33.2,23.3,66,12.4
2025-08-30,0.0,0.0,0,28.8,33.3,24.2,61,15.4
2025-08-31,0.0,0.0,0,29.0,33.7,23.3,58,16.6
2025-09-01,0.0,0.0,0,28.6,32.3,23.8,63,17.3
2025-09-02,0.5,2.0,1,29.3,32.5,26.5,65,21.2
2025-09-03,0.0,0.0,0,29.3,32.8,26.3,64,19.4
2025-09-04,0.4,4.0,1,28.8,32.6,24.8,66,16.8
2025-09-05,0.0,0.0,0,29.3,34.6,24.5,62,13.1
2025-09-06,0.0,0.0,0,29.3,34.5,24.4,58,15.2
2025-09-07,0.0,0.0,0,29.0,34.6,23.9,56,12.8
2025-09-08,0.0,0.0,0,29.5,34.7,24.9,59,11.2
2025-09-09,1.6,4.0,1,29.4,35.5,24.8,65,15.0
2025-09-10,6.4,11.0,1,28.8,35.0,24.8,72,15.7
2025-09-11,0.0,0.0,0,28.3,32.4,24.3,73,12.3
2025-09-12,0.0,0.0,0,29.2,35.3,23.2,66,12.8
2025-09-13,0.4,1.0,1,29.6,34.3,24.4,64,14.5
2025-09-14,0.3,1.0,1,29.1,33.7,24.5,66,14.3
2025-09-15,0.0,0.0,0,29.4,34.9,24.7,63,15.4
2025-09-16,1.9,5.0,1,28.9,33.9,25.3,68,12.3
2025-09-17,1.6,8.0,1,28.2,33.9,24.3,70,11.6
2025-09-18,0.3,2.0,1,28.6,34.7,24.4,67,17.8
2025-09-19,3.4,7.0,1,29.3,33.2,24.4,66,15.1
2025-09-20,0.8,4.0,1,30.2,35.0,26.7,63,11.1
2025-09-21,0.7,3.0,1,29.6,34.5,26.2,67,11.4
2025-09-22,0.0,0.0,0,29.8,35.1,25.0,62,12.9
2025-09-23,0.0,0.0,0,30.3,37.5,24.0,60,12.6
2025-09-24,0.0,0.0,0,30.3,35.9,25.0,60,10.8
2025-09-25,0.2,2.0,1,29.8,34.0,25.8,65,13.5
2025-09-26,0.0,0.0,0,30.7,35.6,26.8,59,16.3
2025-09-27,0.1,1.0,1,30.6,35.2,26.9,59,17.5
2025-09-28,0.1,1.0,1,30.8,34.4,28.1,59,17.2
2025-09-29,6.0,6.0,1,30.0,35.1,25.0,64,13.8
2025-09-30,11.0,11.0,1,26.5,30.2,24.4,85,10.6
2025-10-01,15.9,12.0,1,27.6,30.9,24.4,82,13.8
2025-10-02,0.0,0.0,0,29.1,33.6,24.9,74,8.8
2025-10-03,0.0,0.0,0,30.2,36.4,24.6,63,11.6
2025-10-04,0.0,0.0,0,29.7,35.9,23.8,60,15.5
2025-10-05,0.0,0.0,0,30.1,34.7,25.5,61,14.3
2025-10-06,0.9,3.0,1,29.9,34.4,25.8,63,13.6
2025-10-07,0.7,1.0,1,30.7,37.0,26.2,62,14.4
2025-10-08,0.0,0.0,0,30.6,37.5,24.8,60,14.3
2025-10-09,0.3,3.0,1,30.6,36.2,24.6,56,13.7
2025-10-10,0.0,0.0,0,30.5,35.7,25.5,56,15.4
2025-10-11,0.0,0.0,0,30.3,34.7,24.6,60,13.9
2025-10-12,0.3,2.0,1,30.7,34.9,26.1,62,14.7
2025-10-13,2.2,3.0,1,30.8,36.0,26.5,63,13.0
2025-10-14,0.7,2.0,1,31.0,35.8,26.8,62,14.0
2025-10-15,1.9,10.0,1,30.7,36.0,26.3,65,13.7
2025-10-16,0.0,0.0,0,30.9,35.5,26.0,62,17.0
2025-10-17,0.0,0.0,0,30.9,35.6,25.6,62,14.4
2025-10-18,0.4,1.0,1,31.6,37.2,26.4,57,14.8
2025-10-19,1.6,7.0,1,30.8,35.7,26.7,66,10.6
2025-10-20,7.8,11.0,1,28.6,32.6,25.3,78,14.4
2025-10-21,42.4,23.0,1,26.5,29.8,24.9,88,12.1
2025-10-22,6.6,11.0,1,26.8,31.6,24.6,87,8.2
2025-10-23,0.3,3.0,1,27.6,32.7,24.4,82,9.5
2025-10-24,2.7,7.0,1,27.2,32.7,24.3,83,9.1
2025-10-25,0.1,1.0,1,27.9,32.8,24.0,78,7.3
2025-10-26,5.0,11.0,1,27.7,33.3,24.1,80,11.0
2025-10-27,0.5,1.0,1,27.8,32.7,23.7,79,8.2
2025-10-28,14.0,18.0,1,27.4,31.5,24.6,83,9.1
2025-10-29,6.6,16.0,1,27.3,32.1,24.6,83,8.2
2025-10-30,7.5,13.0,1,26.9,31.1,23.9,85,7.4
2025-10-31,7.2,7.0,1,27.1,31.4,24.2,85,11.1
2025-11-01,19.0,14.0,1,26.9,31.9,23.4,86,12.3
2025-11-02,8.4,11.0,1,27.6,31.6,25.3,84,10.4
2025-11-03,14.7,10.0,1,27.0,30.7,24.2,84,10.2
2025-11-04,5.6,9.0,1,27.2,31.7,24.1,85,11.4
2025-11-05,46.0,22.0,1,26.2,31.0,24.3,90,11.4
2025-11-06,17.9,9.0,1,27.1,31.4,24.3,84,16.7
2025-11-07,12.5,7.0,1,27.5,32.4,24.0,83,8.3
2025-11-08,16.0,9.0,1,27.7,31.6,25.6,83,10.3
2025-11-09,6.5,8.0,1,27.2,30.7,24.1,83,8.0
2025-11-10,23.9,17.0,1,27.2,32.0,24.9,86,5.4
2025-11-11,26.4,22.0,1,26.1,30.9,24.2,88,9.1
2025-11-12,13.4,20.0,1,25.8,29.4,23.8,89,8.5
2025-11-13,0.7,4.0,1,26.4,31.1,23.6,84,12.4
2025-11-14,17.6,11.0,1,26.6,31.2,24.0,85,11.5
2025-11-15,16.8,8.0,1,26.9,31.3,24.3,86,14.7
2025-11-16,4.8,6.0,1,27.6,32.0,24.4,82,8.9
2025-11-17,10.8,13.0,1,26.7,30.1,24.7,88,6.5
2025-11-18,11.2,6.0,1,26.9,32.2,24.2,86,7.2
2025-11-19,8.0,12.0,1,26.8,31.9,24.4,86,9.2
2025-11-20,13.0,13.0,1,27.0,30.8,24.5,85,7.7
2025-11-21,19.0,22.0,1,26.5,29.8,24.0,88,10.3
2025-11-22,18.6,18.0,1,26.8,30.3,24.0,88,9.5
2025-11-23,21.9,20.0,1,26.7,31.8,24.2,86,7.6
2025-11-24,8.8,5.0,1,27.2,31.3,24.2,84,7.4
2025-11-25,0.8,3.0,1,28.5,33.4,24.6,78,6.8
2025-11-26,6.6,8.0,1,28.1,33.1,25.0,82,10.7
2025-11-27,1.0,6.0,1,27.8,32.1,24.1,80,7.5
2025-11-28,17.3,4.0,1,27.6,31.8,24.8,82,10.8
2025-11-29,24.2,7.0,1,27.2,32.4,24.3,84,10.1
2025-11-30,1.2,5.0,1,27.6,31.0,23.8,80,10.1
2025-12-01,3.2,6.0,1,28.0,32.5,24.1,80,7.6
2025-12-02,9.7,12.0,1,27.2,31.9,24.3,83,9.4
2025-12-03,1.1,8.0,1,27.5,31.0,24.7,84,11.8
2025-12-04,6.5,13.0,1,26.7,30.8,24.3,85,8.6
2025-12-05,15.6,6.0,1,26.6,32.6,23.8,85,6.2
2025-12-06,8.6,10.0,1,26.4,30.6,23.8,86,6.4
2025-12-07,12.0,9.0,1,27.0,31.0,24.0,86,8.6
2025-12-08,20.6,8.0,1,27.1,31.3,24.9,86,7.9
2025-12-09,18.4,9.0,1,26.1,31.1,23.7,87,9.3
2025-12-10,6.4,10.0,1,27.1,31.8,23.7,84,9.4
2025-12-11,4.9,12.0,1,27.6,31.9,24.9,82,7.1
2025-12-12,0.0,0.0,0,28.1,33.0,24.3,76,7.8
2025-12-13,1.1,4.0,1,28.2,31.7,25.4,77,12.9
2025-12-14,24.1,16.0,1,26.5,31.7,24.2,85,15.5
2025-12-15,3.5,8.0,1,27.7,32.8,24.2,81,13.1
2025-12-16,0.1,1.0,1,28.5,33.2,24.5,72,11.9
2025-12-17,0.2,1.0,1,29.2,34.0,24.7,71,7.0
2025-12-18,19.3,16.0,1,26.7,31.8,24.3,85,12.4
2025-12-19,1.2,7.0,1,26.7,29.8,24.5,85,7.6
2025-12-20,24.9,13.0,1,26.2,32.1,23.3,87,9.1
2025-12-21,30.0,15.0,1,26.8,32.2,23.6,85,10.7
2025-12-22,14.4,8.0,1,27.0,31.2,24.2,86,12.4
2025-12-23,9.9,7.0,1,27.6,32.3,24.5,82,10.8
2025-12-24,4.7,10.0,1,27.5,32.5,24.5,82,12.1
2025-12-25,3.4,11.0,1,27.9,33.0,24.5,80,10.6
2025-12-26,18.7,10.0,1,27.0,31.6,24.8,85,13.5
2025-12-27,28.1,9.0,1,26.9,31.5,25.0,84,11.6
2025-12-28,9.4,8.0,1,27.6,32.6,24.5,83,9.5
2025-12-29,4.4,6.0,1,27.5,32.3,24.0,83,8.3
2025-12-30,4.3,15.0,1,27.6,31.6,24.9,82,9.2
2025-12-31,13.9,11.0,1,26.7,29.9,24.6,86,11.2
2026-01-01,9.1,7.0,1,27.0,32.3,24.3,83,7.6
2026-01-02,16.9,14.0,1,26.7,30.7,23.6,84,11.2
2026-01-03,8.5,14.0,1,26.1,30.4,24.3,87,10.2
2026-01-04,9.4,6.0,1,26.8,31.7,24.1,84,9.2
2026-01-05,4.7,6.0,1,26.4,29.9,23.7,86,10.4
2026-01-06,0.4,3.0,1,28.6,33.3,24.9,77,12.6
2026-01-07,0.8,7.0,1,27.9,32.2,25.0,79,14.3
2026-01-08,15.9,13.0,1,26.7,31.3,24.0,84,7.6
2026-01-09,9.0,16.0,1,25.8,30.4,23.8,89,12.2
2026-01-10,16.4,21.0,1,25.3,29.2,23.2,89,17.3
2026-01-11,10.5,17.0,1,25.4,28.6,23.8,89,17.8
2026-01-12,12.9,20.0,1,25.4,28.0,23.6,88,17.5
2026-01-13,7.8,12.0,1,26.1,30.4,23.9,84,20.4
2026-01-14,19.0,14.0,1,25.9,29.8,24.1,85,20.1
2026-01-15,14.9,12.0,1,25.5,28.5,24.1,86,20.6
2026-01-16,5.7,8.0,1,26.3,30.8,23.9,85,17.1
2026-01-17,10.2,11.0,1,26.3,29.5,24.3,85,18.3
2026-01-18,9.8,20.0,1,25.4,27.7,23.5,90,15.5
2026-01-19,7.8,17.0,1,26.6,31.8,24.2,84,15.5
2026-01-20,14.8,15.0,1,26.2,31.4,24.0,85,19.1
2026-01-21,13.4,15.0,1,26.3,30.0,23.6,83,21.3
2026-01-22,9.9,15.0,1,25.7,29.5,24.3,85,21.6
2026-01-23,23.8,15.0,1,25.9,30.0,23.3,84,19.9
2026-01-24,0.5,5.0,1,27.2,31.4,23.7,78,20.5
2026-01-25,1.4,7.0,1,27.2,30.9,24.5,79,16.4
2026-01-26,3.4,6.0,1,26.8,30.7,24.4,81,19.5
2026-01-27,10.6,9.0,1,26.0,28.4,24.6,84,16.8
2026-01-28,3.5,10.0,1,25.8,29.3,23.8,86,13.7
2026-01-29,2.2,3.0,1,27.3,31.2,24.4,79,14.5
2026-01-30,13.8,10.0,1,27.0,31.1,24.3,81,14.9
2026-01-31,4.9,9.0,1,27.0,32.7,24.0,81,14.8
2026-02-01,4.0,15.0,1,26.9,30.9,25.0,81,18.0
2026-02-02,12.8,12.0,1,26.5,31.4,24.3,83,15.4
2026-02-03,19.8,13.0,1,26.5,31.8,24.0,86,13.7
2026-02-04,12.1,12.0,1,26.0,31.7,23.4,86,12.8
2026-02-05,6.4,14.0,1,26.5,30.6,23.5,84,17.8
2026-02-06,12.3,11.0,1,26.8,31.3,24.5,83,16.2
2026-02-07,12.7,17.0,1,26.5,29.6,24.9,86,15.7
2026-02-08,7.2,13.0,1,26.5,29.9,24.6,85,16.6
2026-02-09,8.3,14.0,1,26.3,30.3,24.2,86,13.2
2026-02-10,18.0,11.0,1,26.4,30.7,24.0,84,12.5
2026-02-11,10.3,12.0,1,26.1,30.8,23.9,86,9.9
2026-02-12,14.4,13.0,1,26.3,30.6,24.1,86,15.6
2026-02-13,10.7,17.0,1,25.8,29.4,23.7,86,15.5
2026-02-14,17.3,10.0,1,26.6,31.2,24.5,84,12.6
2026-02-15,12.8,16.0,1,26.9,30.9,23.7,85,10.5
2026-02-16,12.7,19.0,1,26.6,30.9,23.4,85,11.1
2026-02-17,16.5,10.0,1,27.2,30.7,25.1,84,14.0
2026-02-18,19.6,15.0,1,26.5,29.8,24.1,85,19.0
2026-02-19,3.4,6.0,1,26.9,30.0,24.9,82,13.3
2026-02-20,8.4,9.0,1,26.9,31.3,24.6,83,17.7
2026-02-21,10.7,8.0,1,26.8,31.5,24.3,81,20.5
2026-02-22,7.5,15.0,1,26.6,31.2,24.2,84,14.6
2026-02-23,18.7,13.0,1,26.2,30.6,23.8,86,17.0
2026-02-24,0.3,2.0,1,26.8,31.0,24.1,80,14.1
2026-02-25,3.4,7.0,1,26.8,30.4,24.0,81,14.2
2026-02-26,17.3,11.0,1,26.5,30.4,23.9,83,13.0
2026-02-27,8.8,13.0,1,26.5,30.7,24.1,84,15.2
2026-02-28,1.1,3.0,1,26.8,31.7,24.1,80,13.8
2026-03-01,1.4,5.0,1,27.5,31.7,24.4,80,14.4
2026-03-02,18.7,11.0,1,27.1,31.0,25.2,84,13.1
2026-03-03,15.7,12.0,1,26.6,30.3,23.8,85,17.4
2026-03-04,10.1,11.0,1,25.7,30.5,23.9,87,16.9
2026-03-05,8.7,12.0,1,26.6,30.3,23.7,84,21.2
2026-03-06,2.6,9.0,1,27.0,30.5,24.8,83,19.2
2026-03-07,7.8,10.0,1,26.6,30.1,24.3,83,21.8
2026-03-08,11.3,12.0,1,25.9,30.6,23.4,84,16.3
2026-03-09,8.9,7.0,1,27.2,32.4,24.0,80,11.1
2026-03-10,6.9,7.0,1,27.1,31.7,23.5,82,12.6
2026-03-11,3.2,5.0,1,27.5,32.1,23.6,77,16.6
2026-03-12,2.6,4.0,1,27.3,32.2,24.0,76,16.6
2026-03-13,7.5,7.0,1,27.5,32.8,23.7,76,12.0
2026-03-14,1.0,4.0,1,27.6,33.0,23.6,77,12.0
2026-03-15,7.4,7.0,1,26.9,32.1,24.3,83,11.8
2026-03-16,4.1,8.0,1,26.9,33.0,23.8,82,11.2
2026-03-17,9.2,6.0,1,27.1,32.3,23.8,83,9.4
2026-03-18,3.0,6.0,1,27.6,32.2,24.1,83,7.2
2026-03-19,12.2,12.0,1,27.2,30.8,24.8,85,8.1
2026-03-20,10.3,13.0,1,27.0,32.4,24.4,86,9.6
2026-03-21,7.0,16.0,1,26.8,31.1,23.9,85,11.2
2026-03-22,26.9,17.0,1,26.2,31.4,23.7,87,8.3
2026-03-23,7.6,7.0,1,27.7,33.1,24.2,81,8.4
2026-03-24,5.9,12.0,1,26.7,30.9,24.4,84,13.6
2026-03-25,11.0,10.0,1,26.8,31.1,23.9,83,15.2
2026-03-26,12.1,12.0,1,26.6,31.1,23.9,86,12.9
2026-03-27,16.6,18.0,1,27.1,31.5,23.9,84,8.7
2026-03-28,13.9,17.0,1,26.4,31.5,23.4,87,9.0
2026-03-29,2.0,6.0,1,28.0,33.1,24.3,82,8.7
2026-03-30,12.7,12.0,1,27.1,31.7,23.4,83,8.8
2026-03-31,5.6,5.0,1,27.1,31.6,23.4,84,10.2
2026-04-01,0.1,1.0,1,28.4,32.0,24.7,74,13.7
2026-04-02,3.0,9.0,1,28.3,33.8,24.8,78,8.7
2026-04-03,4.2,7.0,1,27.5,31.8,22.9,80,13.2
2026-04-04,0.7,4.0,1,28.8,32.5,26.5,74,13.0
2026-04-05,0.0,0.0,0,29.3,33.9,24.2,70,10.4
2026-04-06,8.5,8.0,1,28.2,33.6,25.1,79,10.5
2026-04-07,4.5,5.0,1,27.5,32.9,24.5,82,13.8
2026-04-08,5.2,6.0,1,27.7,31.6,25.5,83,11.0
2026-04-09,16.2,12.0,1,27.0,31.8,24.4,85,10.6
2026-04-10,6.0,8.0,1,27.0,31.2,24.4,85,11.7
2026-04-11,4.7,8.0,1,27.6,31.1,25.2,85,7.9
2026-04-12,12.2,16.0,1,27.0,32.3,23.9,84,8.8
2026-04-13,0.4,2.0,1,27.8,31.7,23.3,79,13.8
2026-04-14,2.1,9.0,1,28.8,32.0,26.1,72,15.4
2026-04-15,0.0,0.0,0,29.2,33.1,25.0,64,12.1
2026-04-16,0.1,1.0,1,29.7,33.6,25.5,65,11.6
2026-04-17,0.6,3.0,1,29.8,34.0,26.1,65,11.7
2026-04-18,4.2,9.0,1,29.7,34.7,24.9,67,10.6
2026-04-19,3.0,8.0,1,29.3,33.7,25.3,69,11.2
2026-04-20,0.0,0.0,0,29.7,34.4,24.7,64,9.9
2026-04-21,1.0,5.0,1,29.0,33.8,26.1,74,9.2
2026-04-22,7.8,13.0,1,26.9,30.5,25.4,86,9.2
2026-04-23,3.5,7.0,1,27.4,30.6,24.8,84,11.1
2026-04-24,0.5,4.0,1,28.6,31.2,25.9,80,11.5
2026-04-25,0.6,2.0,1,28.9,32.3,26.4,78,12.6
2026-04-26,7.0,8.0,1,28.6,32.9,24.9,80,9.0
2026-04-27,7.6,12.0,1,27.3,31.1,25.2,86,9.9
2026-04-28,5.6,11.0,1,28.1,32.0,25.8,83,11.3
2026-04-29,7.7,10.0,1,27.7,30.9,25.1,84,12.1
2026-04-30,18.6,13.0,1,26.7,30.8,24.0,88,8.2
2026-05-01,10.6,7.0,1,27.1,31.5,24.1,86,12.0
2026-05-02,1.9,12.0,1,27.5,31.5,24.5,83,10.1
2026-05-03,3.3,8.0,1,27.7,31.6,24.3,81,9.5
2026-05-04,0.6,2.0,1,28.4,32.1,25.2,78,9.4
2026-05-05,0.0,0.0,0,28.6,32.0,25.2,76,10.3
2026-05-06,0.2,2.0,1,29.1,33.0,25.3,69,11.9
2026-05-07,0.0,0.0,0,29.3,33.4,24.1,68,12.3
2026-05-08,0.1,1.0,1,29.5,34.3,24.7,67,13.9
2026-05-09,0.4,3.0,1,29.6,33.8,25.1,68,11.8
2026-05-10,0.0,0.0,0,29.4,33.7,24.7,69,11.1
2026-05-11,0.2,2.0,1,30.0,33.6,26.7,65,13.0
2026-05-12,0.0,0.0,0,30.8,35.3,25.6,60,12.9
2026-05-13,0.3,2.0,1,30.6,35.4,25.5,64,13.4
2026-05-14,2.2,10.0,1,29.9,35.1,25.9,70,10.4
2026-05-15,3.4,12.0,1,29.4,35.0,25.6,77,10.3
2026-05-16,3.1,10.0,1,28.2,32.7,25.0,80,6.5
2026-05-17,4.8,10.0,1,28.2,32.6,24.9,81,6.9
2026-05-18,1.6,8.0,1,28.7,32.2,25.7,76,10.0
2026-05-19,2.6,10.0,1,28.5,32.0,25.9,76,9.2
2026-05-20,8.6,11.0,1,28.7,33.1,25.1,77,10.4
2026-05-21,2.3,7.0,1,28.9,32.8,26.7,77,11.9
2026-05-22,12.8,18.0,1,27.8,32.2,25.2,85,8.5
2026-05-23,2.1,12.0,1,28.2,32.9,25.0,80,8.2
2026-05-24,1.3,7.0,1,28.3,32.9,25.3,80,7.4
2026-05-25,2.8,8.0,1,28.5,33.4,24.5,70,7.2
2026-05-26,1.7,6.0,1,28.8,33.3,25.5,69,8.6
2026-05-27,8.2,14.0,1,28.1,32.2,25.3,75,8.8
2026-05-28,0.8,5.0,1,28.3,32.6,24.2,73,7.4
2026-05-29,0.6,3.0,1,28.8,33.4,24.2,68,9.5
2026-05-30,0.0,0.0,0,28.3,32.3,24.0,67,8.2
2026-05-31,0.0,0.0,0,28.4,32.6,23.9,67,11.6
2026-06-01,0.0,0.0,0,28.5,32.0,23.6,62,11.7
2026-06-02,0.1,1.0,1,28.9,33.0,23.9,65,12.0
2026-06-03,0.2,2.0,1,29.1,33.2,24.5,67,13.4
2026-06-04,0.0,0.0,0,29.7,33.6,25.4,62,14.1
2026-06-05,0.4,4.0,1,29.7,32.7,26.2,68,16.8
2026-06-06,0.3,3.0,1,29.2,31.7,26.9,62,16.8
2026-06-07,0.0,0.0,0,28.5,32.2,24.4,60,14.3
2026-06-08,0.0,0.0,0,28.4,32.9,22.9,58,9.7
2026-06-09,0.0,0.0,0,28.5,32.4,22.9,59,11.2
2026-06-10,0.0,0.0,0,28.8,33.0,24.3,61,11.6
2026-06-11,0.0,0.0,0,29.1,33.9,23.2,57,11.0
2026-06-12,7.8,14.0,1,27.4,29.9,25.2,79,11.6
2026-06-13,2.0,7.0,1,28.5,32.1,24.6,74,11.9
2026-06-14,0.4,3.0,1,29.0,32.8,26.0,68,12.3
2026-06-15,0.0,0.0,0,29.1,33.2,24.9,65,12.8
2026-06-16,0.0,0.0,0,28.6,32.7,23.5,65,11.8
2026-06-17,0.1,1.0,1,28.7,32.5,24.5,65,11.1
2026-06-18,0.0,0.0,0,29.2,33.6,24.3,64,12.0
2026-06-19,0.0,0.0,0,29.1,33.6,23.9,63,12.8
2026-06-20,0.6,5.0,1,28.9,32.4,25.3,68,13.0
2026-06-21,1.2,6.0,1,28.7,32.6,24.6,69,13.3
2026-06-22,0.1,1.0,1,28.7,32.3,26.2,69,15.7
2026-06-23,1.0,8.0,1,28.3,31.6,25.9,73,12.0
2026-06-24,2.4,10.0,1,28.2,31.1,25.7,73,15.8
2026-06-25,0.2,2.0,1,28.3,32.0,24.1,71,11.7
2026-06-26,0.0,0.0,0,28.7,32.5,24.2,71,13.2
2026-06-27,0.0,0.0,0,29.3,32.8,26.1,66,13.0
2026-06-28,0.0,0.0,0,28.6,33.5,24.3,64,9.5
2026-06-29,0.0,0.0,0,27.8,32.6,23.2,62,11.2
2026-06-30,0.0,0.0,0,27.0,32.1,21.4,62,8.3
2026-07-01,0.0,0.0,0,26.9,32.2,21.1,62,9.2
2026-07-02,0.0,0.0,0,27.9,32.7,22.2,60,10.6
2026-07-03,0.0,0.0,0,28.3,31.9,23.2,62,10.7
2026-07-04,0.0,0.0,0,28.7,31.4,26.1,65,15.9
2026-07-05,0.0,0.0,0,28.8,32.0,26.2,66,13.9
2026-07-06,0.2,2.0,1,28.9,32.7,25.2,64,11.3
2026-07-07,0.0,0.0,0,28.4,32.9,23.4,64,14.6
2026-07-08,0.0,0.0,0,28.7,33.2,24.3,56,14.1
2026-07-09,0.0,0.0,0,28.4,32.9,22.9,54,13.1
2026-07-10,0.0,0.0,0,27.8,32.2,21.9,54,13.5
2026-07-11,0.0,0.0,0,27.7,32.7,21.9,56,10.5
2026-07-12,0.0,0.0,0,28.3,32.0,24.6,59,11.4
2026-07-13,0.0,0.0,0,28.2,32.0,24.1,62,13.2
2026-07-14,0.0,0.0,0,28.1,31.8,24.5,65,15.8
2026-07-15,0.2,2.0,1,28.3,31.7,24.5,67,15.1
2026-07-16,0.0,0.0,0,28.4,32.4,23.4,65,13.2
2026-07-17,0.1,1.0,1,28.5,32.9,23.4,64,13.1
2026-07-18,0.0,0.0,0,28.7,33.1,23.6,60,12.4
2026-07-19,0.1,1.0,1,28.7,33.4,23.3,61,13.0
2026-07-20,0.0,0.0,0,28.4,32.7,23.6,63,13.2
2026-07-21,0.0,0.0,0,28.3,33.1,23.3,60,15.3
2026-07-22,0.0,0.0,0,28.1,33.4,23.0,58,13.2
2026-07-23,0.0,0.0,0,28.2,34.0,23.6,54,11.7
2026-07-24,0.0,0.0,0,27.5,32.6,22.5,53,14.8
2026-07-25,0.0,0.0,0,26.9,31.8,20.4,53,16.5
2026-07-26,0.0,0.0,0,27.4,32.0,21.3,61,14.2
2026-07-27,0.0,0.0,0,27.6,31.9,22.1,63,16.8
2026-07-28,0.0,0.0,0,28.1,31.9,24.4,65,15.4
2026-07-29,0.0,0.0,0,28.5,32.7,23.8,64,13.6
2026-07-30,0.0,0.0,0,28.6,32.4,24.6,65,14.1
2026-07-31,0.2,2.0,1,28.4,32.0,24.8,66,13.0
2026-08-01,0.2,1.0,1,28.1,31.8,24.7,67,16.5
2026-08-02,0.9,2.0,1,28.3,31.1,25.2,68,17.8
2026-08-03,0.6,5.0,1,28.5,31.9,26.8,68,19.5
2026-08-04,0.7,6.0,1,28.0,31.6,25.7,70,14.4
2026-08-05,0.0,0.0,0,28.1,31.8,23.2,65,15.2
2026-08-06,1.7,6.0,1,28.0,31.4,24.4,68,15.1
2026-08-07,0.8,5.0,1,27.8,31.3,24.0,67,15.3
2026-08-08,0.6,4.0,1,28.1,32.9,23.5,64,14.1
2026-08-09,0.0,0.0,0,27.9,32.5,23.0,60,13.5
2026-08-10,0.1,1.0,1,27.9,32.7,23.1,63,11.1
2026-08-11,0.0,0.0,0,28.1,32.1,23.0,59,14.4
2026-08-12,0.0,0.0,0,27.8,31.9,22.9,60,13.3
2026-08-13,0.0,0.0,0,28.1,32.2,23.4,61,13.8
2026-08-14,0.0,0.0,0,28.5,33.0,23.9,63,15.5
2026-08-15,0.0,0.0,0,28.4,32.1,23.9,62,15.1
2026-08-16,0.0,0.0,0,28.4,32.5,25.0,67,15.1
2026-08-17,0.0,0.0,0,28.9,33.0,25.8,61,14.0
2026-08-18,0.2,2.0,1,28.6,31.9,26.4,65,17.7
2026-08-19,0.7,4.0,1,28.4,31.5,26.0,62,19.4
2026-08-20,1.5,7.0,1,27.8,31.4,25.2,67,18.2
2026-08-21,0.0,0.0,0,27.9,31.2,24.7,67,16.9
2026-08-22,0.7,4.0,1,28.4,32.5,25.7,63,16.7
2026-08-23,0.0,0.0,0,28.4,33.0,24.7,62,14.6
2026-08-24,0.0,0.0,0,28.0,32.0,23.7,64,18.1
2026-08-25,0.0,0.0,0,28.0,31.9,23.3,61,15.9
2026-08-26,0.4,4.0,1,28.0,31.2,24.9,66,14.6
2026-08-27,0.0,0.0,0,28.4,32.8,24.7,60,13.8
2026-08-28,0.0,0.0,0,27.7,32.4,22.4,59,13.7
2026-08-29,0.0,0.0,0,28.1,32.4,23.5,58,17.1
2026-08-30,1.5,9.0,1,28.1,31.7,25.4,68,18.4
2026-08-31,0.0,0.0,0,28.6,32.1,25.9,64,20.8
